transaction_id,date,amount,batch_id
710,2024-08-30,1031.88,BATCH_08_70
1016,2024-10-28,884.9,BATCH_10_101
59,2024-01-15,1257.73,BATCH_01_5
736,2024-08-12,926.21,BATCH_08_73
1291,2024-08-18,1182.4,BATCH_08_DUP1
671,2024-07-04,883.78,BATCH_07_67
1224,2024-12-24,898.78,BATCH_12_122
1038,2024-11-27,1019.66,BATCH_11_103
938,2024-10-30,629.81,BATCH_10_93
1164,2024-12-02,1324.35,BATCH_12_116
1453,2024-08-02,859.07,BATCH_08_DUP3
874,2024-09-08,1151.18,BATCH_09_87
1782,2024-08-03,755.29,BATCH_08_DUP7
750,2024-08-06,1134.04,BATCH_08_74
491,2024-05-20,1210.84,BATCH_05_49
1582,2024-08-30,1031.88,BATCH_08_DUP5
104,2024-02-18,826.25,BATCH_02_10
605,2024-07-13,640.75,BATCH_07_60
39,2024-01-25,852.85,BATCH_01_3
1460,2024-08-06,1249.35,BATCH_08_DUP3
184,2024-03-07,840.03,BATCH_03_18
586,2024-06-23,1392.43,BATCH_06_58
441,2024-05-28,1381.82,BATCH_05_44
1494,2024-08-09,1129.82,BATCH_08_DUP4
1538,2024-08-06,1134.04,BATCH_08_DUP4
1251,2024-08-31,881.45,BATCH_08_DUP1
1427,2024-08-20,1213.58,BATCH_08_DUP3
1034,2024-11-26,1129.78,BATCH_11_103
1793,2024-08-23,659.23,BATCH_08_DUP7
1006,2024-10-21,782.01,BATCH_10_100
1665,2024-08-03,680.5,BATCH_08_DUP6
1573,2024-08-04,1128.06,BATCH_08_DUP4
735,2024-08-31,880.5,BATCH_08_73
1657,2024-08-04,1128.06,BATCH_08_DUP5
741,2024-08-25,1172.74,BATCH_08_74
1131,2024-11-13,862.63,BATCH_11_113
1636,2024-08-24,839.22,BATCH_08_DUP5
443,2024-05-16,1077.04,BATCH_05_44
399,2024-04-24,970.09,BATCH_04_39
135,2024-02-08,740.54,BATCH_02_13
1971,2024-08-13,1209.54,BATCH_08_DUP9
1202,2024-12-25,1109.19,BATCH_12_120
1760,2024-08-19,1122.41,BATCH_08_DUP7
1788,2024-08-14,1081.82,BATCH_08_DUP7
1280,2024-08-31,617.8,BATCH_08_DUP1
994,2024-10-13,812.39,BATCH_10_99
1647,2024-08-26,1574.59,BATCH_08_DUP5
1709,2024-08-23,659.23,BATCH_08_DUP6
1901,2024-08-10,1103.07,BATCH_08_DUP8
341,2024-04-15,916.23,BATCH_04_34
593,2024-06-17,1107.57,BATCH_06_59
87,2024-01-30,982.13,BATCH_01_8
518,2024-06-30,959.07,BATCH_06_51
749,2024-08-02,859.07,BATCH_08_74
1736,2024-08-24,1006.22,BATCH_08_DUP6
1861,2024-08-06,959.24,BATCH_08_DUP8
608,2024-07-11,1132.61,BATCH_07_60
1686,2024-08-02,1129.86,BATCH_08_DUP6
1458,2024-08-14,1208.75,BATCH_08_DUP3
165,2024-02-03,1208.54,BATCH_02_16
319,2024-04-02,691.34,BATCH_04_31
42,2024-01-07,850.79,BATCH_01_4
968,2024-10-15,935.88,BATCH_10_96
478,2024-05-09,1358.17,BATCH_05_47
1856,2024-08-21,1175.41,BATCH_08_DUP8
1298,2024-08-03,886.13,BATCH_08_DUP1
678,2024-07-13,996.14,BATCH_07_67
1132,2024-12-08,1191.27,BATCH_12_113
802,2024-09-01,985.54,BATCH_09_80
711,2024-08-23,1113.12,BATCH_08_71
1581,2024-08-03,680.5,BATCH_08_DUP5
43,2024-01-13,628.16,BATCH_01_4
584,2024-06-25,1097.78,BATCH_06_58
1237,2024-12-07,971.07,BATCH_12_123
508,2024-05-05,1153.99,BATCH_05_50
966,2024-10-03,1173.23,BATCH_10_96
153,2024-02-11,1016.96,BATCH_02_15
210,2024-03-30,765.52,BATCH_03_20
525,2024-06-03,1056.53,BATCH_06_52
1495,2024-08-08,1161.24,BATCH_08_DUP4
1379,2024-08-17,1457.1,BATCH_08_DUP2
1883,2024-08-17,1457.1,BATCH_08_DUP8
945,2024-10-10,907.67,BATCH_10_94
1660,2024-08-20,897.89,BATCH_08_DUP6
456,2024-05-05,892.0,BATCH_05_45
1706,2024-08-06,1134.04,BATCH_08_DUP6
956,2024-10-05,880.67,BATCH_10_95
588,2024-06-27,900.53,BATCH_06_58
215,2024-03-07,809.07,BATCH_03_21
812,2024-09-12,1080.91,BATCH_09_81
1174,2024-12-31,881.84,BATCH_12_117
603,2024-07-19,870.22,BATCH_07_60
1362,2024-08-03,755.29,BATCH_08_DUP2
1285,2024-08-02,859.07,BATCH_08_DUP1
224,2024-03-28,1108.44,BATCH_03_22
1376,2024-08-06,1249.35,BATCH_08_DUP2
1816,2024-08-10,1096.05,BATCH_08_DUP7
729,2024-08-20,1109.73,BATCH_08_72
1831,2024-08-08,1161.24,BATCH_08_DUP8
535,2024-06-19,997.37,BATCH_06_53
1943,2024-08-31,880.5,BATCH_08_DUP9
70,2024-01-23,993.16,BATCH_01_6
164,2024-02-09,1020.32,BATCH_02_16
654,2024-07-15,800.21,BATCH_07_65
884,2024-09-19,962.87,BATCH_09_88
825,2024-09-23,1295.55,BATCH_09_82
1399,2024-08-17,855.41,BATCH_08_DUP2
1320,2024-08-15,1265.61,BATCH_08_DUP1
620,2024-07-05,973.9,BATCH_07_61
22,2024-01-09,1304.21,BATCH_01_2
1153,2024-12-26,953.17,BATCH_12_115
1036,2024-11-25,1278.13,BATCH_11_103
680,2024-07-04,1148.58,BATCH_07_67
237,2024-03-22,974.26,BATCH_03_23
339,2024-04-19,886.23,BATCH_04_33
706,2024-08-09,1129.82,BATCH_08_70
1642,2024-08-16,717.39,BATCH_08_DUP5
1627,2024-08-18,1182.4,BATCH_08_DUP5
1830,2024-08-09,1129.82,BATCH_08_DUP8
1975,2024-08-15,1380.78,BATCH_08_DUP9
721,2024-08-15,923.84,BATCH_08_72
562,2024-06-21,1135.78,BATCH_06_56
427,2024-05-20,618.12,BATCH_05_42
1496,2024-08-20,900.67,BATCH_08_DUP4
1676,2024-08-19,1122.41,BATCH_08_DUP6
1344,2024-08-28,1072.28,BATCH_08_DUP2
1690,2024-08-15,1105.64,BATCH_08_DUP6
666,2024-07-26,952.77,BATCH_07_66
1717,2024-08-19,1231.17,BATCH_08_DUP6
772,2024-08-01,1210.19,BATCH_08_77
1028,2024-11-28,1089.47,BATCH_11_102
51,2024-01-24,931.41,BATCH_01_5
1751,2024-08-23,1113.12,BATCH_08_DUP7
965,2024-10-03,860.2,BATCH_10_96
1727,2024-08-25,687.48,BATCH_08_DUP6
1323,2024-08-24,816.0,BATCH_08_DUP2
193,2024-03-05,1010.77,BATCH_03_19
1415,2024-08-23,1113.12,BATCH_08_DUP3
864,2024-09-29,732.85,BATCH_09_86
676,2024-07-19,776.18,BATCH_07_67
1509,2024-08-15,923.84,BATCH_08_DUP4
1526,2024-08-12,1171.4,BATCH_08_DUP4
522,2024-06-29,1138.34,BATCH_06_52
1974,2024-08-16,1002.54,BATCH_08_DUP9
1441,2024-08-06,959.24,BATCH_08_DUP3
1648,2024-08-10,1096.05,BATCH_08_DUP5
419,2024-05-26,1062.59,BATCH_05_41
1545,2024-08-23,784.6,BATCH_08_DUP4
836,2024-09-13,1231.54,BATCH_09_83
1463,2024-08-17,1457.1,BATCH_08_DUP3
460,2024-05-17,959.92,BATCH_05_45
1211,2024-12-31,901.32,BATCH_12_121
302,2024-04-20,1159.39,BATCH_04_30
1466,2024-08-03,886.13,BATCH_08_DUP3
1926,2024-08-19,750.09,BATCH_08_DUP9
1378,2024-08-03,1083.65,BATCH_08_DUP2
779,2024-08-17,855.41,BATCH_08_77
1270,2024-08-15,1105.64,BATCH_08_DUP1
1407,2024-08-24,816.0,BATCH_08_DUP3
1743,2024-08-24,816.0,BATCH_08_DUP7
903,2024-10-31,828.15,BATCH_10_90
1500,2024-08-04,1218.96,BATCH_08_DUP4
436,2024-05-20,1410.69,BATCH_05_43
1936,2024-08-18,1096.87,BATCH_08_DUP9
1446,2024-08-03,755.29,BATCH_08_DUP3
1148,2024-12-28,1147.82,BATCH_12_114
1605,2024-08-06,932.29,BATCH_08_DUP5
1361,2024-08-25,1172.74,BATCH_08_DUP2
1855,2024-08-03,1324.03,BATCH_08_DUP8
821,2024-09-29,762.31,BATCH_09_82
1993,2024-08-04,1128.06,BATCH_08_DUP9
1105,2024-11-14,897.83,BATCH_11_110
179,2024-02-27,1126.24,BATCH_02_17
1305,2024-08-24,779.53,BATCH_08_DUP1
458,2024-05-17,807.92,BATCH_05_45
379,2024-04-22,1075.3,BATCH_04_37
1904,2024-08-24,1006.22,BATCH_08_DUP8
1014,2024-10-23,917.15,BATCH_10_101
1333,2024-08-22,942.05,BATCH_08_DUP2
291,2024-03-17,1106.45,BATCH_03_29
1758,2024-08-19,750.09,BATCH_08_DUP7
1455,2024-08-04,1205.88,BATCH_08_DUP3
82,2024-01-29,889.57,BATCH_01_8
357,2024-04-02,877.69,BATCH_04_35
507,2024-05-09,980.22,BATCH_05_50
795,2024-09-30,1504.14,BATCH_09_79
1539,2024-08-04,1205.88,BATCH_08_DUP4
1893,2024-08-24,779.53,BATCH_08_DUP8
262,2024-03-17,1256.41,BATCH_03_26
1803,2024-08-13,1209.54,BATCH_08_DUP7
1555,2024-08-15,1380.78,BATCH_08_DUP4
1026,2024-11-15,930.46,BATCH_11_102
1440,2024-08-12,926.21,BATCH_08_DUP3
1457,2024-08-23,659.23,BATCH_08_DUP3
1176,2024-12-02,1103.61,BATCH_12_117
1668,2024-08-04,1218.96,BATCH_08_DUP6
1984,2024-08-10,1096.05,BATCH_08_DUP9
1147,2024-12-15,1286.27,BATCH_12_114
24,2024-01-17,872.47,BATCH_01_2
270,2024-03-22,811.86,BATCH_03_26
1747,2024-08-08,1161.24,BATCH_08_DUP7
1653,2024-08-21,1186.33,BATCH_08_DUP5
1753,2024-08-22,942.05,BATCH_08_DUP7
1412,2024-08-20,900.67,BATCH_08_DUP3
589,2024-06-07,1115.95,BATCH_06_58
790,2024-09-30,1255.04,BATCH_09_78
1928,2024-08-19,1122.41,BATCH_08_DUP9
1081,2024-11-03,877.21,BATCH_11_108
910,2024-10-28,841.91,BATCH_10_90
928,2024-10-17,1105.05,BATCH_10_92
1987,2024-08-17,855.41,BATCH_08_DUP9
348,2024-04-04,882.39,BATCH_04_34
1201,2024-12-20,809.65,BATCH_12_120
1669,2024-08-22,942.05,BATCH_08_DUP6
212,2024-03-10,862.95,BATCH_03_21
767,2024-08-15,1380.78,BATCH_08_76
1175,2024-12-28,939.53,BATCH_12_117
1892,2024-08-02,824.16,BATCH_08_DUP8
707,2024-08-08,1161.24,BATCH_08_70
784,2024-08-15,1265.61,BATCH_08_78
113,2024-02-13,1212.05,BATCH_02_11
1658,2024-08-12,1230.08,BATCH_08_DUP5
524,2024-06-08,644.58,BATCH_06_52
889,2024-09-01,1145.08,BATCH_09_88
1580,2024-08-20,900.67,BATCH_08_DUP5
918,2024-10-03,909.89,BATCH_10_91
1707,2024-08-04,1205.88,BATCH_08_DUP6
987,2024-10-16,1058.79,BATCH_10_98
167,2024-02-14,1114.2,BATCH_02_16
349,2024-04-14,1012.85,BATCH_04_34
547,2024-06-27,1105.22,BATCH_06_54
1523,2024-08-31,880.5,BATCH_08_DUP4
650,2024-07-08,689.92,BATCH_07_64
585,2024-06-16,1164.71,BATCH_06_58
1223,2024-12-06,920.54,BATCH_12_122
308,2024-04-25,1093.84,BATCH_04_30
45,2024-01-02,986.84,BATCH_01_4
1257,2024-08-15,923.84,BATCH_08_DUP1
214,2024-03-29,1117.33,BATCH_03_21
86,2024-01-22,888.28,BATCH_01_8
219,2024-03-22,1213.93,BATCH_03_21
1244,2024-08-20,900.67,BATCH_08_DUP1
1482,2024-08-10,1005.56,BATCH_08_DUP3
1562,2024-08-29,1256.65,BATCH_08_DUP4
590,2024-06-20,1014.72,BATCH_06_58
545,2024-06-07,1254.7,BATCH_06_54
1720,2024-08-24,839.22,BATCH_08_DUP6
1181,2024-12-26,982.6,BATCH_12_118
1527,2024-08-09,1243.53,BATCH_08_DUP4
1472,2024-08-02,824.16,BATCH_08_DUP3
575,2024-06-06,973.27,BATCH_06_57
1216,2024-12-21,933.52,BATCH_12_121
1805,2024-08-07,960.68,BATCH_08_DUP7
1632,2024-08-29,708.38,BATCH_08_DUP5
1763,2024-08-20,1213.58,BATCH_08_DUP7
1004,2024-10-23,1096.42,BATCH_10_100
346,2024-04-20,858.73,BATCH_04_34
1888,2024-08-24,839.22,BATCH_08_DUP8
1900,2024-08-10,1096.05,BATCH_08_DUP8
810,2024-09-22,1011.77,BATCH_09_80
106,2024-02-15,791.79,BATCH_02_10
488,2024-05-25,1052.85,BATCH_05_48
231,2024-03-28,962.69,BATCH_03_23
142,2024-02-15,793.79,BATCH_02_14
131,2024-02-18,904.72,BATCH_02_13
1484,2024-08-24,1006.22,BATCH_08_DUP3
225,2024-03-25,784.45,BATCH_03_22
1098,2024-11-22,922.79,BATCH_11_109
1617,2024-08-27,1134.75,BATCH_08_DUP5
679,2024-07-15,1068.9,BATCH_07_67
128,2024-02-10,1179.69,BATCH_02_12
1560,2024-08-01,1210.19,BATCH_08_DUP4
814,2024-09-27,666.4,BATCH_09_81
909,2024-10-20,887.12,BATCH_10_90
997,2024-10-11,875.79,BATCH_10_99
1445,2024-08-25,1172.74,BATCH_08_DUP3
724,2024-08-28,1072.28,BATCH_08_72
1593,2024-08-15,923.84,BATCH_08_DUP5
220,2024-03-30,1372.52,BATCH_03_21
1784,2024-08-31,617.8,BATCH_08_DUP7
1808,2024-08-02,824.16,BATCH_08_DUP7
1930,2024-08-05,1145.8,BATCH_08_DUP9
1698,2024-08-03,755.29,BATCH_08_DUP6
392,2024-04-23,598.17,BATCH_04_39
442,2024-05-25,907.98,BATCH_05_44
622,2024-07-27,573.23,BATCH_07_62
635,2024-07-31,731.75,BATCH_07_63
1744,2024-08-20,897.89,BATCH_08_DUP7
1397,2024-08-10,1103.07,BATCH_08_DUP2
149,2024-02-10,1152.2,BATCH_02_14
1177,2024-12-03,1128.41,BATCH_12_117
354,2024-04-23,1030.34,BATCH_04_35
661,2024-07-23,834.9,BATCH_07_66
18,2024-01-10,1130.05,BATCH_01_1
684,2024-07-16,1037.44,BATCH_07_68
554,2024-06-03,1124.95,BATCH_06_55
1752,2024-08-04,1218.96,BATCH_08_DUP7
789,2024-09-05,1007.94,BATCH_09_78
1321,2024-08-04,1128.06,BATCH_08_DUP1
81,2024-01-18,1042.08,BATCH_01_8
1198,2024-12-24,960.69,BATCH_12_119
409,2024-04-12,1051.13,BATCH_04_40
1691,2024-08-31,880.5,BATCH_08_DUP6
529,2024-06-15,1090.49,BATCH_06_52
472,2024-05-17,971.11,BATCH_05_47
617,2024-07-09,805.77,BATCH_07_61
277,2024-03-20,1175.15,BATCH_03_27
1694,2024-08-12,1171.4,BATCH_08_DUP6
1340,2024-08-19,1122.41,BATCH_08_DUP2
1188,2024-12-11,719.54,BATCH_12_118
731,2024-08-03,1324.03,BATCH_08_73
868,2024-09-27,1304.93,BATCH_09_86
1688,2024-08-21,1175.41,BATCH_08_DUP6
1768,2024-08-18,1096.87,BATCH_08_DUP7
916,2024-10-06,901.27,BATCH_10_91
686,2024-07-22,1388.21,BATCH_07_68
454,2024-05-19,996.66,BATCH_05_45
1820,2024-08-24,1006.22,BATCH_08_DUP7
572,2024-06-17,1056.96,BATCH_06_57
1173,2024-12-29,977.3,BATCH_12_117
468,2024-05-23,891.28,BATCH_05_46
1536,2024-08-14,1081.82,BATCH_08_DUP4
573,2024-06-28,911.16,BATCH_06_57
1296,2024-08-29,708.38,BATCH_08_DUP1
811,2024-09-23,1133.03,BATCH_09_81
801,2024-09-02,1094.76,BATCH_09_80
1227,2024-12-25,803.66,BATCH_12_122
1158,2024-12-29,1415.87,BATCH_12_115
294,2024-03-03,1169.77,BATCH_03_29
4,2024-01-02,976.09,BATCH_01_0
1734,2024-08-10,1005.56,BATCH_08_DUP6
1685,2024-08-20,1109.73,BATCH_08_DUP6
1791,2024-08-04,1205.88,BATCH_08_DUP7
1563,2024-08-26,1574.59,BATCH_08_DUP4
1467,2024-08-13,1209.54,BATCH_08_DUP3
883,2024-09-17,762.78,BATCH_09_88
1406,2024-08-12,1230.08,BATCH_08_DUP2
1382,2024-08-03,886.13,BATCH_08_DUP2
740,2024-08-23,986.38,BATCH_08_73
1739,2024-08-15,1373.59,BATCH_08_DUP6
1985,2024-08-10,1103.07,BATCH_08_DUP9
1319,2024-08-15,1373.59,BATCH_08_DUP1
1049,2024-11-11,966.52,BATCH_11_104
1687,2024-08-03,1324.03,BATCH_08_DUP6
1001,2024-10-31,755.39,BATCH_10_100
1230,2024-12-12,1232.49,BATCH_12_122
1410,2024-08-09,1129.82,BATCH_08_DUP3
1052,2024-11-19,864.83,BATCH_11_105
798,2024-09-24,912.92,BATCH_09_79
1127,2024-11-22,882.81,BATCH_11_112
1118,2024-11-20,995.43,BATCH_11_111
737,2024-08-06,959.24,BATCH_08_73
127,2024-02-01,1150.49,BATCH_02_12
1166,2024-12-30,1269.58,BATCH_12_116
447,2024-05-20,1355.12,BATCH_05_44
53,2024-01-10,845.35,BATCH_01_5
569,2024-06-27,927.08,BATCH_06_56
502,2024-05-07,1033.98,BATCH_05_50
761,2024-08-19,1231.17,BATCH_08_76
1723,2024-08-15,1380.78,BATCH_08_DUP6
709,2024-08-03,680.5,BATCH_08_70
105,2024-02-20,1582.97,BATCH_02_10
1018,2024-10-09,1171.96,BATCH_10_101
1385,2024-08-07,960.68,BATCH_08_DUP2
1608,2024-08-12,926.21,BATCH_08_DUP5
1366,2024-08-07,1129.99,BATCH_08_DUP2
1250,2024-08-20,1404.61,BATCH_08_DUP1
906,2024-10-29,1165.71,BATCH_10_90
1692,2024-08-12,926.21,BATCH_08_DUP6
738,2024-08-12,1171.4,BATCH_08_73
330,2024-04-10,1157.69,BATCH_04_32
1970,2024-08-03,886.13,BATCH_08_DUP9
318,2024-04-28,1017.47,BATCH_04_31
1759,2024-08-17,1188.4,BATCH_08_DUP7
1789,2024-08-02,859.07,BATCH_08_DUP7
1433,2024-08-20,1109.73,BATCH_08_DUP3
1620,2024-08-14,1081.82,BATCH_08_DUP5
1413,2024-08-03,680.5,BATCH_08_DUP3
964,2024-10-12,966.11,BATCH_10_96
115,2024-02-11,1219.25,BATCH_02_11
355,2024-04-29,1073.88,BATCH_04_35
1842,2024-08-19,750.09,BATCH_08_DUP8
1619,2024-08-03,613.18,BATCH_08_DUP5
1180,2024-12-25,979.21,BATCH_12_117
278,2024-03-16,1121.91,BATCH_03_27
202,2024-03-23,947.21,BATCH_03_20
1192,2024-12-13,1019.49,BATCH_12_119
49,2024-01-01,1042.76,BATCH_01_4
1154,2024-12-17,1453.86,BATCH_12_115
222,2024-03-26,937.19,BATCH_03_22
830,2024-09-03,1042.41,BATCH_09_82
854,2024-09-21,1585.31,BATCH_09_85
416,2024-05-30,871.6,BATCH_05_41
955,2024-10-30,951.49,BATCH_10_95
1596,2024-08-28,1072.28,BATCH_08_DUP5
299,2024-04-19,986.56,BATCH_04_29
1777,2024-08-06,959.24,BATCH_08_DUP7
1546,2024-08-03,1083.65,BATCH_08_DUP4
1770,2024-08-02,1129.86,BATCH_08_DUP7
1307,2024-08-25,687.48,BATCH_08_DUP1
72,2024-01-31,867.95,BATCH_01_7
1718,2024-08-03,886.13,BATCH_08_DUP6
979,2024-10-02,948.68,BATCH_10_97
817,2024-09-04,549.05,BATCH_09_81
1015,2024-10-24,1225.6,BATCH_10_101
295,2024-03-31,1007.62,BATCH_03_29
1737,2024-08-21,1186.33,BATCH_08_DUP6
665,2024-07-14,784.3,BATCH_07_66
915,2024-10-07,880.12,BATCH_10_91
1557,2024-08-24,779.53,BATCH_08_DUP4
558,2024-06-07,897.33,BATCH_06_55
1331,2024-08-23,1113.12,BATCH_08_DUP2
1624,2024-08-26,909.23,BATCH_08_DUP5
1887,2024-08-13,1209.54,BATCH_08_DUP8
565,2024-06-04,887.37,BATCH_06_56
1140,2024-12-05,1176.08,BATCH_12_113
977,2024-10-21,710.53,BATCH_10_97
1654,2024-08-01,1012.28,BATCH_08_DUP5
1611,2024-08-09,1243.53,BATCH_08_DUP5
1630,2024-08-03,1083.65,BATCH_08_DUP5
1129,2024-11-02,946.89,BATCH_11_112
1368,2024-08-14,1081.82,BATCH_08_DUP2
1843,2024-08-17,1188.4,BATCH_08_DUP8
1328,2024-08-20,900.67,BATCH_08_DUP2
345,2024-04-12,1177.43,BATCH_04_34
1208,2024-12-26,1188.88,BATCH_12_120
1310,2024-08-29,1256.65,BATCH_08_DUP1
118,2024-02-04,992.39,BATCH_02_11
1641,2024-08-24,779.53,BATCH_08_DUP5
1603,2024-08-03,1324.03,BATCH_08_DUP5
1721,2024-08-07,960.68,BATCH_08_DUP6
205,2024-03-14,1139.76,BATCH_03_20
1013,2024-10-24,1339.88,BATCH_10_101
124,2024-02-09,982.66,BATCH_02_12
1353,2024-08-06,932.29,BATCH_08_DUP2
1275,2024-08-09,1243.53,BATCH_08_DUP1
1532,2024-08-31,617.8,BATCH_08_DUP4
1661,2024-08-21,1288.27,BATCH_08_DUP6
1324,2024-08-20,897.89,BATCH_08_DUP2
1474,2024-08-16,717.39,BATCH_08_DUP3
157,2024-02-12,904.95,BATCH_02_15
557,2024-06-11,1012.03,BATCH_06_55
244,2024-03-10,1584.05,BATCH_03_24
490,2024-05-23,607.15,BATCH_05_48
1735,2024-08-17,855.41,BATCH_08_DUP6
335,2024-04-19,592.6,BATCH_04_33
1884,2024-08-29,708.38,BATCH_08_DUP8
846,2024-09-26,1108.27,BATCH_09_84
1957,2024-08-02,859.07,BATCH_08_DUP9
475,2024-05-03,1230.22,BATCH_05_47
1293,2024-08-23,784.6,BATCH_08_DUP1
493,2024-05-25,1276.98,BATCH_05_49
448,2024-05-15,1179.19,BATCH_05_44
27,2024-01-12,969.6,BATCH_01_2
236,2024-03-07,1459.57,BATCH_03_23
1773,2024-08-06,932.29,BATCH_08_DUP7
1819,2024-08-17,855.41,BATCH_08_DUP7
1889,2024-08-07,960.68,BATCH_08_DUP8
1732,2024-08-10,1096.05,BATCH_08_DUP6
1572,2024-08-15,1265.61,BATCH_08_DUP4
445,2024-05-06,1346.01,BATCH_05_44
1587,2024-08-31,881.45,BATCH_08_DUP5
114,2024-02-24,1070.84,BATCH_02_11
718,2024-08-19,750.09,BATCH_08_71
762,2024-08-03,886.13,BATCH_08_76
366,2024-04-14,1242.61,BATCH_04_36
1329,2024-08-03,680.5,BATCH_08_DUP2
1607,2024-08-31,880.5,BATCH_08_DUP5
1355,2024-08-31,880.5,BATCH_08_DUP2
895,2024-09-23,1074.94,BATCH_09_89
29,2024-01-29,813.57,BATCH_01_2
227,2024-03-20,708.31,BATCH_03_22
232,2024-03-11,864.08,BATCH_03_23
336,2024-04-20,842.2,BATCH_04_33
1612,2024-08-23,986.38,BATCH_08_DUP5
284,2024-03-10,1144.3,BATCH_03_28
668,2024-07-13,809.22,BATCH_07_66
652,2024-07-08,894.57,BATCH_07_65
1044,2024-11-18,997.37,BATCH_11_104
1858,2024-08-15,1105.64,BATCH_08_DUP8
1055,2024-11-22,659.9,BATCH_11_105
999,2024-10-17,914.17,BATCH_10_99
1769,2024-08-20,1109.73,BATCH_08_DUP7
144,2024-02-08,926.43,BATCH_02_14
1249,2024-08-22,942.05,BATCH_08_DUP1
473,2024-05-04,780.1,BATCH_05_47
780,2024-08-24,1006.22,BATCH_08_77
1301,2024-08-07,960.68,BATCH_08_DUP1
1207,2024-12-28,1275.16,BATCH_12_120
1983,2024-08-26,1574.59,BATCH_08_DUP9
1749,2024-08-03,680.5,BATCH_08_DUP7
930,2024-10-20,1165.29,BATCH_10_92
1076,2024-11-18,1029.21,BATCH_11_107
298,2024-03-16,551.1,BATCH_03_29
1697,2024-08-25,1172.74,BATCH_08_DUP6
1128,2024-11-26,1227.82,BATCH_11_112
782,2024-08-01,1012.28,BATCH_08_78
1989,2024-08-21,1186.33,BATCH_08_DUP9
1417,2024-08-22,942.05,BATCH_08_DUP3
734,2024-08-15,1105.64,BATCH_08_73
1520,2024-08-21,1175.41,BATCH_08_DUP4
1978,2024-08-16,717.39,BATCH_08_DUP9
943,2024-10-29,1078.41,BATCH_10_94
1039,2024-11-29,903.67,BATCH_11_103
834,2024-09-04,1190.97,BATCH_09_83
809,2024-09-27,1347.13,BATCH_09_80
578,2024-06-13,903.57,BATCH_06_57
614,2024-07-03,1238.48,BATCH_07_61
1677,2024-08-15,923.84,BATCH_08_DUP6
1380,2024-08-29,708.38,BATCH_08_DUP2
1838,2024-08-20,1404.61,BATCH_08_DUP8
1675,2024-08-17,1188.4,BATCH_08_DUP6
1019,2024-11-24,848.63,BATCH_11_101
1253,2024-08-12,1132.11,BATCH_08_DUP1
1316,2024-08-24,1006.22,BATCH_08_DUP1
132,2024-02-10,739.66,BATCH_02_13
1550,2024-08-03,886.13,BATCH_08_DUP4
1200,2024-12-10,868.4,BATCH_12_119
1859,2024-08-31,880.5,BATCH_08_DUP8
68,2024-01-23,1243.86,BATCH_01_6
333,2024-04-14,1165.47,BATCH_04_33
1377,2024-08-23,784.6,BATCH_08_DUP2
1360,2024-08-23,986.38,BATCH_08_DUP2
1877,2024-08-23,659.23,BATCH_08_DUP8
1345,2024-08-15,863.32,BATCH_08_DUP2
775,2024-08-26,1574.59,BATCH_08_77
1075,2024-11-14,1081.65,BATCH_11_107
1508,2024-08-19,1122.41,BATCH_08_DUP4
1865,2024-08-25,1172.74,BATCH_08_DUP8
763,2024-08-13,1209.54,BATCH_08_76
1394,2024-08-29,1256.65,BATCH_08_DUP2
1876,2024-08-26,909.23,BATCH_08_DUP8
494,2024-05-18,668.54,BATCH_05_49
1568,2024-08-24,1006.22,BATCH_08_DUP4
411,2024-04-27,1242.95,BATCH_04_41
625,2024-07-14,774.39,BATCH_07_62
1002,2024-10-07,1049.01,BATCH_10_100
337,2024-04-05,859.78,BATCH_04_33
1444,2024-08-23,986.38,BATCH_08_DUP3
1470,2024-08-16,1002.54,BATCH_08_DUP3
233,2024-03-24,994.89,BATCH_03_23
1976,2024-08-02,824.16,BATCH_08_DUP9
1391,2024-08-25,687.48,BATCH_08_DUP2
1913,2024-08-21,1288.27,BATCH_08_DUP9
129,2024-02-05,601.31,BATCH_02_12
1806,2024-08-16,1002.54,BATCH_08_DUP7
609,2024-07-25,1269.91,BATCH_07_60
1610,2024-08-12,1171.4,BATCH_08_DUP5
534,2024-06-28,1229.42,BATCH_06_53
1609,2024-08-06,959.24,BATCH_08_DUP5
1929,2024-08-15,923.84,BATCH_08_DUP9
649,2024-07-06,708.0,BATCH_07_64
606,2024-07-03,974.7,BATCH_07_60
338,2024-04-27,1120.1,BATCH_04_33
404,2024-04-08,981.46,BATCH_04_40
555,2024-06-03,991.15,BATCH_06_55
1857,2024-08-06,932.29,BATCH_08_DUP8
857,2024-09-09,1135.9,BATCH_09_85
312,2024-04-30,820.27,BATCH_04_31
1583,2024-08-23,1113.12,BATCH_08_DUP5
579,2024-06-02,1059.85,BATCH_06_57
917,2024-10-09,948.5,BATCH_10_91
74,2024-01-09,927.68,BATCH_01_7
240,2024-03-04,779.04,BATCH_03_23
755,2024-08-18,1182.4,BATCH_08_75
777,2024-08-10,1103.07,BATCH_08_77
1157,2024-12-10,940.42,BATCH_12_115
1163,2024-12-30,1029.65,BATCH_12_116
246,2024-03-17,993.49,BATCH_03_24
40,2024-01-14,760.88,BATCH_01_3
402,2024-04-20,1388.2,BATCH_04_40
587,2024-06-19,846.26,BATCH_06_58
574,2024-06-17,1104.97,BATCH_06_57
1086,2024-11-18,862.74,BATCH_11_108
1920,2024-08-04,1218.96,BATCH_08_DUP9
1263,2024-08-26,1074.39,BATCH_08_DUP1
321,2024-04-28,1373.54,BATCH_04_32
1712,2024-08-06,1249.35,BATCH_08_DUP6
1469,2024-08-07,960.68,BATCH_08_DUP3
793,2024-09-24,1074.47,BATCH_09_79
1194,2024-12-22,1020.4,BATCH_12_119
708,2024-08-20,900.67,BATCH_08_70
499,2024-05-09,926.54,BATCH_05_49
1871,2024-08-03,613.18,BATCH_08_DUP8
1183,2024-12-12,905.15,BATCH_12_118
920,2024-10-21,1118.8,BATCH_10_91
322,2024-04-03,822.49,BATCH_04_32
1972,2024-08-24,839.22,BATCH_08_DUP9
1184,2024-12-29,1057.99,BATCH_12_118
550,2024-06-28,754.16,BATCH_06_54
1056,2024-11-03,1405.32,BATCH_11_105
422,2024-05-16,1005.98,BATCH_05_42
254,2024-03-09,1146.21,BATCH_03_25
1552,2024-08-24,839.22,BATCH_08_DUP4
171,2024-02-24,830.17,BATCH_02_17
1292,2024-08-06,1249.35,BATCH_08_DUP1
936,2024-10-19,1182.04,BATCH_10_93
1365,2024-08-27,1134.75,BATCH_08_DUP2
161,2024-02-28,1151.84,BATCH_02_16
1851,2024-08-26,1074.39,BATCH_08_DUP8
1398,2024-08-10,1005.56,BATCH_08_DUP2
1894,2024-08-16,717.39,BATCH_08_DUP8
659,2024-07-10,1134.95,BATCH_07_65
1915,2024-08-08,1161.24,BATCH_08_DUP9
279,2024-03-17,835.65,BATCH_03_27
1246,2024-08-30,1031.88,BATCH_08_DUP1
818,2024-09-05,1329.99,BATCH_09_81
5,2024-01-30,1301.32,BATCH_01_0
183,2024-03-25,1223.33,BATCH_03_18
1663,2024-08-08,1161.24,BATCH_08_DUP6
907,2024-10-10,969.32,BATCH_10_90
461,2024-05-28,880.56,BATCH_05_46
1419,2024-08-31,881.45,BATCH_08_DUP3
1096,2024-11-09,878.87,BATCH_11_109
516,2024-06-23,997.54,BATCH_06_51
946,2024-10-14,681.63,BATCH_10_94
1841,2024-08-12,1132.11,BATCH_08_DUP8
83,2024-01-16,953.08,BATCH_01_8
100,2024-02-19,1278.68,BATCH_02_9
1297,2024-08-19,1231.17,BATCH_08_DUP1
1570,2024-08-01,1012.28,BATCH_08_DUP4
1325,2024-08-21,1288.27,BATCH_08_DUP2
418,2024-05-21,817.81,BATCH_05_41
841,2024-09-11,1160.92,BATCH_09_84
57,2024-01-07,952.32,BATCH_01_5
239,2024-03-12,903.07,BATCH_03_23
1860,2024-08-12,926.21,BATCH_08_DUP8
1574,2024-08-12,1230.08,BATCH_08_DUP4
1352,2024-08-21,1175.41,BATCH_08_DUP2
1172,2024-12-26,1136.67,BATCH_12_117
1512,2024-08-28,1072.28,BATCH_08_DUP4
627,2024-07-11,1287.29,BATCH_07_62
282,2024-03-18,1043.02,BATCH_03_28
1833,2024-08-03,680.5,BATCH_08_DUP8
117,2024-02-05,1175.66,BATCH_02_11
1252,2024-08-21,1084.66,BATCH_08_DUP1
1787,2024-08-03,613.18,BATCH_08_DUP7
1000,2024-10-10,797.95,BATCH_10_99
1584,2024-08-04,1218.96,BATCH_08_DUP5
685,2024-07-21,1114.78,BATCH_07_68
1504,2024-08-21,1084.66,BATCH_08_DUP4
1114,2024-11-30,751.17,BATCH_11_111
276,2024-03-28,899.97,BATCH_03_27
1818,2024-08-10,1005.56,BATCH_08_DUP7
11,2024-01-26,1205.24,BATCH_01_1
1456,2024-08-26,909.23,BATCH_08_DUP3
1754,2024-08-20,1404.61,BATCH_08_DUP7
571,2024-06-20,809.36,BATCH_06_57
583,2024-06-13,824.41,BATCH_06_58
1309,2024-08-07,1293.66,BATCH_08_DUP1
832,2024-09-12,1152.19,BATCH_09_83
1420,2024-08-21,1084.66,BATCH_08_DUP3
1701,2024-08-27,1134.75,BATCH_08_DUP6
203,2024-03-03,1036.62,BATCH_03_20
185,2024-03-07,1242.7,BATCH_03_18
367,2024-04-13,928.28,BATCH_04_36
1948,2024-08-23,986.38,BATCH_08_DUP9
806,2024-09-27,754.03,BATCH_09_80
169,2024-02-27,815.0,BATCH_02_16
122,2024-02-17,822.35,BATCH_02_12
860,2024-09-04,998.31,BATCH_09_85
155,2024-02-19,894.97,BATCH_02_15
1240,2024-08-20,897.89,BATCH_08_DUP1
1212,2024-12-08,1086.09,BATCH_12_121
41,2024-01-27,975.02,BATCH_01_4
88,2024-01-09,819.14,BATCH_01_8
1077,2024-11-05,1368.67,BATCH_11_107
660,2024-07-04,668.99,BATCH_07_65
1311,2024-08-26,1574.59,BATCH_08_DUP1
1586,2024-08-20,1404.61,BATCH_08_DUP5
55,2024-01-02,907.65,BATCH_01_5
682,2024-07-27,1093.98,BATCH_07_68
1206,2024-12-16,1193.47,BATCH_12_120
1062,2024-11-05,813.02,BATCH_11_106
1233,2024-12-21,673.58,BATCH_12_123
902,2024-10-09,679.87,BATCH_10_90
1094,2024-11-02,1110.4,BATCH_11_109
189,2024-03-13,796.42,BATCH_03_18
1141,2024-12-06,1340.44,BATCH_12_114
515,2024-06-15,1164.69,BATCH_06_51
786,2024-08-12,1230.08,BATCH_08_78
503,2024-05-09,1097.23,BATCH_05_50
929,2024-10-16,948.13,BATCH_10_92
274,2024-03-31,885.17,BATCH_03_27
1135,2024-12-31,877.44,BATCH_12_113
1854,2024-08-02,1129.86,BATCH_08_DUP8
894,2024-09-19,932.46,BATCH_09_89
1074,2024-11-26,975.58,BATCH_11_107
148,2024-02-07,1141.87,BATCH_02_14
744,2024-08-31,617.8,BATCH_08_74
1746,2024-08-09,1129.82,BATCH_08_DUP7
1529,2024-08-25,1172.74,BATCH_08_DUP4
226,2024-03-23,573.02,BATCH_03_22
861,2024-09-29,1201.73,BATCH_09_86
1629,2024-08-23,784.6,BATCH_08_DUP5
844,2024-09-24,955.8,BATCH_09_84
688,2024-07-26,1187.05,BATCH_07_68
1922,2024-08-20,1404.61,BATCH_08_DUP9
715,2024-08-31,881.45,BATCH_08_71
1299,2024-08-13,1209.54,BATCH_08_DUP1
1461,2024-08-23,784.6,BATCH_08_DUP3
1255,2024-08-17,1188.4,BATCH_08_DUP1
570,2024-06-24,879.21,BATCH_06_56
463,2024-05-09,779.23,BATCH_05_46
1618,2024-08-07,1129.99,BATCH_08_DUP5
1063,2024-11-24,813.39,BATCH_11_106
374,2024-04-10,1138.76,BATCH_04_37
976,2024-10-14,1004.97,BATCH_10_97
849,2024-09-12,981.87,BATCH_09_84
413,2024-04-26,1080.78,BATCH_04_41
1358,2024-08-12,1171.4,BATCH_08_DUP2
280,2024-03-18,937.36,BATCH_03_27
471,2024-05-13,491.04,BATCH_05_47
1771,2024-08-03,1324.03,BATCH_08_DUP7
566,2024-06-28,1328.4,BATCH_06_56
1011,2024-10-17,1239.88,BATCH_10_101
1363,2024-08-08,867.02,BATCH_08_DUP2
1775,2024-08-31,880.5,BATCH_08_DUP7
1497,2024-08-03,680.5,BATCH_08_DUP4
517,2024-06-11,1232.94,BATCH_06_51
1191,2024-12-01,1102.04,BATCH_12_119
1544,2024-08-06,1249.35,BATCH_08_DUP4
859,2024-09-11,715.02,BATCH_09_85
984,2024-10-24,622.23,BATCH_10_98
292,2024-03-15,987.02,BATCH_03_29
911,2024-10-08,1348.5,BATCH_10_91
457,2024-05-25,1076.9,BATCH_05_45
599,2024-06-10,956.94,BATCH_06_59
743,2024-08-08,867.02,BATCH_08_74
1041,2024-11-21,948.07,BATCH_11_104
84,2024-01-18,1239.89,BATCH_01_8
1238,2024-12-06,1385.49,BATCH_12_123
1799,2024-08-17,1457.1,BATCH_08_DUP7
985,2024-10-09,1415.35,BATCH_10_98
959,2024-10-06,960.43,BATCH_10_95
486,2024-05-21,847.03,BATCH_05_48
1757,2024-08-12,1132.11,BATCH_08_DUP7
827,2024-09-12,1151.17,BATCH_09_82
1037,2024-11-19,1043.82,BATCH_11_103
317,2024-04-11,803.06,BATCH_04_31
696,2024-07-11,875.38,BATCH_07_69
1047,2024-11-24,824.55,BATCH_11_104
1259,2024-08-20,1213.58,BATCH_08_DUP1
723,2024-08-20,1213.58,BATCH_08_72
371,2024-04-06,1050.24,BATCH_04_37
851,2024-09-14,925.32,BATCH_09_85
892,2024-09-18,969.25,BATCH_09_89
989,2024-10-20,1145.71,BATCH_10_98
922,2024-10-11,1130.53,BATCH_10_92
1561,2024-08-07,1293.66,BATCH_08_DUP4
405,2024-04-06,1253.59,BATCH_04_40
344,2024-04-05,1418.25,BATCH_04_34
536,2024-06-04,1125.25,BATCH_06_53
275,2024-03-21,765.28,BATCH_03_27
1210,2024-12-16,645.8,BATCH_12_120
1193,2024-12-18,801.59,BATCH_12_119
720,2024-08-19,1122.41,BATCH_08_71
877,2024-09-21,1148.74,BATCH_09_87
1923,2024-08-31,881.45,BATCH_08_DUP9
1604,2024-08-21,1175.41,BATCH_08_DUP5
1302,2024-08-16,1002.54,BATCH_08_DUP1
329,2024-04-19,1167.84,BATCH_04_32
548,2024-06-30,1040.73,BATCH_06_54
831,2024-09-18,1051.25,BATCH_09_83
1067,2024-11-18,805.47,BATCH_11_106
1600,2024-08-18,1096.87,BATCH_08_DUP5
829,2024-09-20,1127.73,BATCH_09_82
30,2024-01-28,941.99,BATCH_01_2
1832,2024-08-20,900.67,BATCH_08_DUP8
324,2024-04-15,966.78,BATCH_04_32
739,2024-08-09,1243.53,BATCH_08_73
1934,2024-08-14,1118.92,BATCH_08_DUP9
1113,2024-11-01,1127.72,BATCH_11_111
1891,2024-08-15,1380.78,BATCH_08_DUP8
1881,2024-08-23,784.6,BATCH_08_DUP8
521,2024-06-07,936.52,BATCH_06_52
876,2024-09-21,1065.58,BATCH_09_87
47,2024-01-13,1080.89,BATCH_01_4
820,2024-09-02,1136.22,BATCH_09_81
887,2024-09-04,1032.28,BATCH_09_88
1269,2024-08-06,932.29,BATCH_08_DUP1
139,2024-02-04,1245.03,BATCH_02_13
1401,2024-08-21,1186.33,BATCH_08_DUP2
967,2024-10-18,1354.84,BATCH_10_96
1750,2024-08-30,1031.88,BATCH_08_DUP7
1802,2024-08-03,886.13,BATCH_08_DUP7
1903,2024-08-17,855.41,BATCH_08_DUP8
942,2024-10-06,1041.01,BATCH_10_94
771,2024-08-25,687.48,BATCH_08_77
1189,2024-12-18,1402.37,BATCH_12_118
361,2024-04-01,860.08,BATCH_04_36
1403,2024-08-15,1373.59,BATCH_08_DUP2
1106,2024-11-24,805.61,BATCH_11_110
1671,2024-08-31,881.45,BATCH_08_DUP6
85,2024-01-10,1000.35,BATCH_01_8
1266,2024-08-02,1129.86,BATCH_08_DUP1
751,2024-08-04,1205.88,BATCH_08_75
1443,2024-08-09,1243.53,BATCH_08_DUP3
230,2024-03-17,604.37,BATCH_03_22
1021,2024-11-28,1353.87,BATCH_11_102
921,2024-10-30,1018.42,BATCH_10_92
768,2024-08-02,824.16,BATCH_08_76
1696,2024-08-23,986.38,BATCH_08_DUP6
1423,2024-08-17,1188.4,BATCH_08_DUP3
495,2024-05-31,1104.88,BATCH_05_49
520,2024-06-17,874.76,BATCH_06_51
1003,2024-10-23,1473.69,BATCH_10_100
1726,2024-08-16,717.39,BATCH_08_DUP6
1649,2024-08-10,1103.07,BATCH_08_DUP5
1722,2024-08-16,1002.54,BATCH_08_DUP6
431,2024-05-08,1119.27,BATCH_05_43
787,2024-09-17,1352.83,BATCH_09_78
66,2024-01-16,857.48,BATCH_01_6
1645,2024-08-07,1293.66,BATCH_08_DUP5
97,2024-01-01,1097.51,BATCH_01_9
527,2024-06-14,1046.11,BATCH_06_52
350,2024-04-29,934.81,BATCH_04_34
1459,2024-08-18,1182.4,BATCH_08_DUP3
1110,2024-11-26,480.41,BATCH_11_110
1288,2024-08-26,909.23,BATCH_08_DUP1
1243,2024-08-08,1161.24,BATCH_08_DUP1
1009,2024-10-25,922.06,BATCH_10_100
1165,2024-12-25,1056.0,BATCH_12_116
396,2024-04-16,1082.31,BATCH_04_39
785,2024-08-04,1128.06,BATCH_08_78
1226,2024-12-15,1177.25,BATCH_12_122
1024,2024-11-26,941.09,BATCH_11_102
1518,2024-08-02,1129.86,BATCH_08_DUP4
439,2024-05-24,841.83,BATCH_05_43
879,2024-09-19,987.48,BATCH_09_87
1117,2024-11-08,1001.02,BATCH_11_111
303,2024-04-28,1019.12,BATCH_04_30
1979,2024-08-25,687.48,BATCH_08_DUP9
567,2024-06-20,611.92,BATCH_06_56
64,2024-01-19,1119.73,BATCH_01_6
904,2024-10-04,778.82,BATCH_10_90
1882,2024-08-03,1083.65,BATCH_08_DUP8
1579,2024-08-08,1161.24,BATCH_08_DUP5
326,2024-04-29,1088.05,BATCH_04_32
1917,2024-08-03,680.5,BATCH_08_DUP9
176,2024-02-21,906.3,BATCH_02_17
1124,2024-11-11,862.3,BATCH_11_112
645,2024-07-04,640.29,BATCH_07_64
452,2024-05-22,859.52,BATCH_05_45
1185,2024-12-09,881.83,BATCH_12_118
1092,2024-11-09,808.44,BATCH_11_109
931,2024-10-13,1258.04,BATCH_10_93
255,2024-03-19,980.47,BATCH_03_25
34,2024-01-09,963.13,BATCH_01_3
158,2024-02-18,1031.54,BATCH_02_15
1703,2024-08-03,613.18,BATCH_08_DUP6
334,2024-04-21,1012.71,BATCH_04_33
1404,2024-08-15,1265.61,BATCH_08_DUP2
269,2024-03-20,1366.06,BATCH_03_26
697,2024-07-25,1085.88,BATCH_07_69
878,2024-09-19,769.85,BATCH_09_87
1260,2024-08-28,1072.28,BATCH_08_DUP1
1797,2024-08-23,784.6,BATCH_08_DUP7
746,2024-08-07,1129.99,BATCH_08_74
63,2024-01-09,1216.08,BATCH_01_6
1005,2024-10-03,1166.25,BATCH_10_100
46,2024-01-28,1080.63,BATCH_01_4
1231,2024-12-19,1240.84,BATCH_12_123
438,2024-05-11,1210.95,BATCH_05_43
218,2024-03-25,1215.03,BATCH_03_21
556,2024-06-08,1202.87,BATCH_06_55
1902,2024-08-10,1005.56,BATCH_08_DUP8
1167,2024-12-09,1093.38,BATCH_12_116
352,2024-04-23,995.06,BATCH_04_35
417,2024-05-17,1135.24,BATCH_05_41
1431,2024-08-26,1074.39,BATCH_08_DUP3
1245,2024-08-03,680.5,BATCH_08_DUP1
466,2024-05-27,1096.13,BATCH_05_46
514,2024-06-15,909.22,BATCH_06_51
110,2024-02-22,980.39,BATCH_02_10
1271,2024-08-31,880.5,BATCH_08_DUP1
180,2024-02-09,1033.84,BATCH_02_17
1659,2024-08-24,816.0,BATCH_08_DUP6
1336,2024-08-21,1084.66,BATCH_08_DUP2
1598,2024-08-14,1118.92,BATCH_08_DUP5
75,2024-01-20,602.41,BATCH_01_7
1684,2024-08-18,1096.87,BATCH_08_DUP6
207,2024-03-02,872.69,BATCH_03_20
1411,2024-08-08,1161.24,BATCH_08_DUP3
1670,2024-08-20,1404.61,BATCH_08_DUP6
1606,2024-08-15,1105.64,BATCH_08_DUP5
1066,2024-11-12,935.37,BATCH_11_106
1919,2024-08-23,1113.12,BATCH_08_DUP9
1886,2024-08-03,886.13,BATCH_08_DUP8
948,2024-10-01,960.64,BATCH_10_94
1130,2024-11-06,750.79,BATCH_11_112
1853,2024-08-20,1109.73,BATCH_08_DUP8
759,2024-08-17,1457.1,BATCH_08_75
1197,2024-12-15,992.62,BATCH_12_119
1870,2024-08-07,1129.99,BATCH_08_DUP8
109,2024-02-15,882.54,BATCH_02_10
152,2024-02-20,938.46,BATCH_02_15
511,2024-06-13,1124.6,BATCH_06_51
1059,2024-11-13,1207.66,BATCH_11_105
526,2024-06-21,1159.12,BATCH_06_52
186,2024-03-26,730.27,BATCH_03_18
1798,2024-08-03,1083.65,BATCH_08_DUP7
370,2024-04-11,984.88,BATCH_04_36
1281,2024-08-27,1134.75,BATCH_08_DUP1
842,2024-09-17,998.09,BATCH_09_84
425,2024-05-07,647.06,BATCH_05_42
393,2024-04-21,725.43,BATCH_04_39
140,2024-02-07,797.88,BATCH_02_13
196,2024-03-14,1109.72,BATCH_03_19
1656,2024-08-15,1265.61,BATCH_08_DUP5
217,2024-03-27,1380.59,BATCH_03_21
1719,2024-08-13,1209.54,BATCH_08_DUP6
424,2024-05-24,988.32,BATCH_05_42
1637,2024-08-07,960.68,BATCH_08_DUP5
1614,2024-08-03,755.29,BATCH_08_DUP5
705,2024-08-21,1288.27,BATCH_08_70
934,2024-10-15,827.53,BATCH_10_93
1921,2024-08-22,942.05,BATCH_08_DUP9
1506,2024-08-19,750.09,BATCH_08_DUP4
281,2024-03-16,1283.73,BATCH_03_28
1101,2024-11-07,1183.53,BATCH_11_110
1279,2024-08-08,867.02,BATCH_08_DUP1
847,2024-09-22,1417.91,BATCH_09_84
602,2024-07-30,528.48,BATCH_07_60
9,2024-01-24,1248.69,BATCH_01_0
1032,2024-11-15,970.56,BATCH_11_103
1776,2024-08-12,926.21,BATCH_08_DUP7
1941,2024-08-06,932.29,BATCH_08_DUP9
98,2024-01-12,1096.55,BATCH_01_9
1152,2024-12-13,1065.95,BATCH_12_115
1409,2024-08-21,1288.27,BATCH_08_DUP3
501,2024-05-31,581.03,BATCH_05_50
1030,2024-11-05,639.31,BATCH_11_102
1592,2024-08-19,1122.41,BATCH_08_DUP5
1071,2024-11-10,885.67,BATCH_11_107
1678,2024-08-05,1145.8,BATCH_08_DUP6
1559,2024-08-25,687.48,BATCH_08_DUP4
1348,2024-08-18,1096.87,BATCH_08_DUP2
1674,2024-08-19,750.09,BATCH_08_DUP6
1168,2024-12-27,1094.37,BATCH_12_116
1756,2024-08-21,1084.66,BATCH_08_DUP7
266,2024-03-24,815.77,BATCH_03_26
908,2024-10-01,836.06,BATCH_10_90
1080,2024-11-27,1259.54,BATCH_11_107
267,2024-03-15,966.89,BATCH_03_26
258,2024-03-18,1015.45,BATCH_03_25
1375,2024-08-18,1182.4,BATCH_08_DUP2
95,2024-01-15,1163.92,BATCH_01_9
287,2024-03-06,985.43,BATCH_03_28
950,2024-10-24,1071.75,BATCH_10_94
1289,2024-08-23,659.23,BATCH_08_DUP1
952,2024-10-26,1008.06,BATCH_10_95
897,2024-09-13,1091.57,BATCH_09_89
365,2024-04-18,963.14,BATCH_04_36
1389,2024-08-24,779.53,BATCH_08_DUP2
1330,2024-08-30,1031.88,BATCH_08_DUP2
1602,2024-08-02,1129.86,BATCH_08_DUP5
1533,2024-08-27,1134.75,BATCH_08_DUP4
533,2024-06-20,1003.8,BATCH_06_53
799,2024-09-30,1124.9,BATCH_09_79
1487,2024-08-15,1373.59,BATCH_08_DUP3
1313,2024-08-10,1103.07,BATCH_08_DUP1
1010,2024-10-02,981.08,BATCH_10_100
1100,2024-11-02,867.1,BATCH_11_109
1689,2024-08-06,932.29,BATCH_08_DUP6
1519,2024-08-03,1324.03,BATCH_08_DUP4
1966,2024-08-03,1083.65,BATCH_08_DUP9
1501,2024-08-22,942.05,BATCH_08_DUP4
1767,2024-08-26,1074.39,BATCH_08_DUP7
1795,2024-08-18,1182.4,BATCH_08_DUP7
476,2024-05-26,1194.4,BATCH_05_47
112,2024-02-02,782.38,BATCH_02_11
648,2024-07-10,614.34,BATCH_07_64
855,2024-09-15,1012.67,BATCH_09_85
1748,2024-08-20,900.67,BATCH_08_DUP7
1564,2024-08-10,1096.05,BATCH_08_DUP4
311,2024-04-23,1131.2,BATCH_04_31
732,2024-08-21,1175.41,BATCH_08_73
108,2024-02-10,1370.98,BATCH_02_10
1217,2024-12-04,828.15,BATCH_12_121
26,2024-01-13,990.8,BATCH_01_2
1835,2024-08-23,1113.12,BATCH_08_DUP8
385,2024-04-26,650.96,BATCH_04_38
256,2024-03-28,1403.33,BATCH_03_25
1171,2024-12-31,972.81,BATCH_12_117
1543,2024-08-18,1182.4,BATCH_08_DUP4
689,2024-07-02,1077.93,BATCH_07_68
700,2024-07-26,811.69,BATCH_07_69
616,2024-07-05,1274.37,BATCH_07_61
1514,2024-08-14,1118.92,BATCH_08_DUP4
1428,2024-08-28,1072.28,BATCH_08_DUP3
1839,2024-08-31,881.45,BATCH_08_DUP8
1714,2024-08-03,1083.65,BATCH_08_DUP6
941,2024-10-20,821.48,BATCH_10_94
1826,2024-08-12,1230.08,BATCH_08_DUP7
923,2024-10-31,929.5,BATCH_10_92
54,2024-01-04,1449.44,BATCH_01_5
509,2024-05-30,951.55,BATCH_05_50
320,2024-04-30,845.15,BATCH_04_31
1065,2024-11-14,727.11,BATCH_11_106
429,2024-05-12,1014.86,BATCH_05_42
873,2024-09-28,1360.48,BATCH_09_87
170,2024-02-13,1068.37,BATCH_02_16
982,2024-10-07,1199.36,BATCH_10_98
1942,2024-08-15,1105.64,BATCH_08_DUP9
1939,2024-08-03,1324.03,BATCH_08_DUP9
1958,2024-08-06,1134.04,BATCH_08_DUP9
1282,2024-08-07,1129.99,BATCH_08_DUP1
858,2024-09-14,1027.6,BATCH_09_85
1286,2024-08-06,1134.04,BATCH_08_DUP1
949,2024-10-23,878.51,BATCH_10_94
1480,2024-08-10,1096.05,BATCH_08_DUP3
1961,2024-08-23,659.23,BATCH_08_DUP9
213,2024-03-20,1181.93,BATCH_03_21
1364,2024-08-31,617.8,BATCH_08_DUP2
389,2024-04-16,1474.54,BATCH_04_38
1742,2024-08-12,1230.08,BATCH_08_DUP6
1489,2024-08-04,1128.06,BATCH_08_DUP3
1708,2024-08-26,909.23,BATCH_08_DUP6
252,2024-03-08,1155.59,BATCH_03_25
1944,2024-08-12,926.21,BATCH_08_DUP9
837,2024-09-03,1005.06,BATCH_09_83
1159,2024-12-06,928.44,BATCH_12_115
1794,2024-08-14,1208.75,BATCH_08_DUP7
1156,2024-12-25,982.91,BATCH_12_115
1462,2024-08-03,1083.65,BATCH_08_DUP3
1277,2024-08-25,1172.74,BATCH_08_DUP1
1513,2024-08-15,863.32,BATCH_08_DUP4
99,2024-02-25,768.62,BATCH_02_9
1268,2024-08-21,1175.41,BATCH_08_DUP1
498,2024-05-28,895.69,BATCH_05_49
408,2024-04-02,959.61,BATCH_04_40
480,2024-05-13,887.44,BATCH_05_47
1050,2024-11-18,1195.42,BATCH_11_104
1811,2024-08-25,687.48,BATCH_08_DUP7
1120,2024-11-20,940.18,BATCH_11_111
1780,2024-08-23,986.38,BATCH_08_DUP7
1464,2024-08-29,708.38,BATCH_08_DUP3
464,2024-05-05,1254.78,BATCH_05_46
1262,2024-08-14,1118.92,BATCH_08_DUP1
1667,2024-08-23,1113.12,BATCH_08_DUP6
1991,2024-08-15,1373.59,BATCH_08_DUP9
245,2024-03-16,844.05,BATCH_03_24
1982,2024-08-29,1256.65,BATCH_08_DUP9
1626,2024-08-14,1208.75,BATCH_08_DUP5
500,2024-05-10,1106.38,BATCH_05_49
960,2024-10-31,881.27,BATCH_10_95
1335,2024-08-31,881.45,BATCH_08_DUP2
880,2024-09-16,1087.59,BATCH_09_87
285,2024-03-30,1008.63,BATCH_03_28
1967,2024-08-17,1457.1,BATCH_08_DUP9
1095,2024-11-03,914.08,BATCH_11_109
1933,2024-08-15,863.32,BATCH_08_DUP9
1862,2024-08-12,1171.4,BATCH_08_DUP8
544,2024-06-11,1163.72,BATCH_06_54
1815,2024-08-26,1574.59,BATCH_08_DUP7
1705,2024-08-02,859.07,BATCH_08_DUP6
1447,2024-08-08,867.02,BATCH_08_DUP3
1895,2024-08-25,687.48,BATCH_08_DUP8
1730,2024-08-29,1256.65,BATCH_08_DUP6
1755,2024-08-31,881.45,BATCH_08_DUP7
1103,2024-11-16,1128.4,BATCH_11_110
1981,2024-08-07,1293.66,BATCH_08_DUP9
1863,2024-08-09,1243.53,BATCH_08_DUP8
563,2024-06-21,931.18,BATCH_06_56
1371,2024-08-04,1205.88,BATCH_08_DUP2
156,2024-02-15,787.32,BATCH_02_15
79,2024-01-25,1153.65,BATCH_01_7
13,2024-01-12,1512.29,BATCH_01_1
1357,2024-08-06,959.24,BATCH_08_DUP2
125,2024-02-13,1258.73,BATCH_02_12
496,2024-05-29,992.84,BATCH_05_49
1109,2024-11-26,1163.45,BATCH_11_110
840,2024-09-14,818.41,BATCH_09_83
382,2024-04-16,836.47,BATCH_04_38
363,2024-04-14,839.49,BATCH_04_36
1475,2024-08-25,687.48,BATCH_08_DUP3
1115,2024-11-19,868.18,BATCH_11_111
998,2024-10-21,636.32,BATCH_10_99
1493,2024-08-21,1288.27,BATCH_08_DUP4
489,2024-05-31,647.24,BATCH_05_48
483,2024-05-05,926.57,BATCH_05_48
332,2024-04-26,561.67,BATCH_04_33
1931,2024-08-20,1213.58,BATCH_08_DUP9
978,2024-10-15,918.37,BATCH_10_97
1576,2024-08-20,897.89,BATCH_08_DUP5
223,2024-03-18,1082.1,BATCH_03_22
91,2024-01-06,1223.18,BATCH_01_9
1160,2024-12-28,1148.14,BATCH_12_115
253,2024-03-18,596.44,BATCH_03_25
748,2024-08-14,1081.82,BATCH_08_74
693,2024-07-09,1111.67,BATCH_07_69
147,2024-02-16,1285.16,BATCH_02_14
1058,2024-11-19,726.44,BATCH_11_105
636,2024-07-15,1006.08,BATCH_07_63
1042,2024-11-04,823.11,BATCH_11_104
288,2024-03-26,1005.81,BATCH_03_28
1951,2024-08-08,867.02,BATCH_08_DUP9
1800,2024-08-29,708.38,BATCH_08_DUP7
136,2024-02-15,884.01,BATCH_02_13
440,2024-05-22,833.07,BATCH_05_43
331,2024-04-24,1166.63,BATCH_04_33
1711,2024-08-18,1182.4,BATCH_08_DUP6
1740,2024-08-15,1265.61,BATCH_08_DUP6
677,2024-07-26,1305.67,BATCH_07_67
1215,2024-12-18,921.42,BATCH_12_121
531,2024-06-23,1110.45,BATCH_06_53
1346,2024-08-14,1118.92,BATCH_08_DUP2
838,2024-09-04,1114.5,BATCH_09_83
77,2024-01-17,1155.0,BATCH_01_7
1408,2024-08-20,897.89,BATCH_08_DUP3
794,2024-09-24,1116.63,BATCH_09_79
1137,2024-12-23,1163.16,BATCH_12_113
986,2024-10-19,999.91,BATCH_10_98
234,2024-03-19,703.86,BATCH_03_23
870,2024-09-20,1216.98,BATCH_09_86
1162,2024-12-01,1118.9,BATCH_12_116
1492,2024-08-20,897.89,BATCH_08_DUP4
48,2024-01-18,1246.31,BATCH_01_4
664,2024-07-08,716.99,BATCH_07_66
796,2024-09-18,983.33,BATCH_09_79
1053,2024-11-23,963.28,BATCH_11_105
92,2024-01-02,1121.64,BATCH_01_9
808,2024-09-11,883.73,BATCH_09_80
1139,2024-12-27,791.53,BATCH_12_113
1122,2024-11-07,964.33,BATCH_11_112
297,2024-03-03,1063.87,BATCH_03_29
1909,2024-08-04,1128.06,BATCH_08_DUP8
958,2024-10-12,1279.69,BATCH_10_95
130,2024-02-04,1089.13,BATCH_02_12
1354,2024-08-15,1105.64,BATCH_08_DUP2
886,2024-09-14,1157.3,BATCH_09_88
633,2024-07-21,1430.33,BATCH_07_63
872,2024-09-22,980.66,BATCH_09_87
1575,2024-08-24,816.0,BATCH_08_DUP5
1400,2024-08-24,1006.22,BATCH_08_DUP2
1804,2024-08-24,839.22,BATCH_08_DUP7
1745,2024-08-21,1288.27,BATCH_08_DUP7
403,2024-04-15,740.97,BATCH_04_40
1306,2024-08-16,717.39,BATCH_08_DUP1
1142,2024-12-29,589.9,BATCH_12_114
1781,2024-08-25,1172.74,BATCH_08_DUP7
913,2024-10-23,1184.4,BATCH_10_91
300,2024-04-25,1148.8,BATCH_04_29
1521,2024-08-06,932.29,BATCH_08_DUP4
369,2024-04-14,1065.61,BATCH_04_36
926,2024-10-17,1074.21,BATCH_10_92
1880,2024-08-06,1249.35,BATCH_08_DUP8
690,2024-07-12,913.06,BATCH_07_68
434,2024-05-11,733.97,BATCH_05_43
1161,2024-12-24,1620.31,BATCH_12_116
477,2024-05-03,738.67,BATCH_05_47
1968,2024-08-29,708.38,BATCH_08_DUP9
1664,2024-08-20,900.67,BATCH_08_DUP6
228,2024-03-01,812.48,BATCH_03_22
390,2024-04-19,897.28,BATCH_04_38
160,2024-02-18,772.09,BATCH_02_15
581,2024-06-15,1352.87,BATCH_06_58
1242,2024-08-09,1129.82,BATCH_08_DUP1
191,2024-03-29,1088.22,BATCH_03_19
1468,2024-08-24,839.22,BATCH_08_DUP3
972,2024-10-25,1034.77,BATCH_10_97
430,2024-05-10,781.48,BATCH_05_42
272,2024-03-20,1120.84,BATCH_03_27
1046,2024-11-11,1084.65,BATCH_11_104
1762,2024-08-05,1145.8,BATCH_08_DUP7
1499,2024-08-23,1113.12,BATCH_08_DUP4
1416,2024-08-04,1218.96,BATCH_08_DUP3
145,2024-02-25,882.19,BATCH_02_14
76,2024-01-04,1039.8,BATCH_01_7
848,2024-09-15,793.14,BATCH_09_84
1312,2024-08-10,1096.05,BATCH_08_DUP1
80,2024-01-18,1016.75,BATCH_01_7
612,2024-07-04,860.38,BATCH_07_61
420,2024-05-04,950.13,BATCH_05_41
1476,2024-08-01,1210.19,BATCH_08_DUP3
611,2024-07-01,1108.33,BATCH_07_61
133,2024-02-04,893.55,BATCH_02_13
1821,2024-08-21,1186.33,BATCH_08_DUP7
1729,2024-08-07,1293.66,BATCH_08_DUP6
1829,2024-08-21,1288.27,BATCH_08_DUP8
592,2024-06-03,1077.24,BATCH_06_59
209,2024-03-20,920.2,BATCH_03_20
695,2024-07-23,876.97,BATCH_07_69
905,2024-10-09,1344.2,BATCH_10_90
1786,2024-08-07,1129.99,BATCH_08_DUP7
559,2024-06-17,1147.1,BATCH_06_55
657,2024-07-24,1291.21,BATCH_07_65
1235,2024-12-06,730.41,BATCH_12_123
631,2024-07-13,1067.34,BATCH_07_63
774,2024-08-29,1256.65,BATCH_08_77
669,2024-07-07,766.52,BATCH_07_66
1236,2024-12-11,687.95,BATCH_12_123
229,2024-03-26,686.3,BATCH_03_22
891,2024-09-13,1137.87,BATCH_09_89
181,2024-03-28,856.7,BATCH_03_18
1569,2024-08-21,1186.33,BATCH_08_DUP4
1631,2024-08-17,1457.1,BATCH_08_DUP5
1945,2024-08-06,959.24,BATCH_08_DUP9
638,2024-07-10,1135.61,BATCH_07_63
1547,2024-08-17,1457.1,BATCH_08_DUP4
1822,2024-08-01,1012.28,BATCH_08_DUP7
1332,2024-08-04,1218.96,BATCH_08_DUP2
1435,2024-08-03,1324.03,BATCH_08_DUP3
1599,2024-08-26,1074.39,BATCH_08_DUP5
353,2024-04-30,800.36,BATCH_04_35
1471,2024-08-15,1380.78,BATCH_08_DUP3
23,2024-01-16,1188.56,BATCH_01_2
826,2024-09-28,1167.72,BATCH_09_82
31,2024-01-07,1313.13,BATCH_01_3
1498,2024-08-30,1031.88,BATCH_08_DUP4
1294,2024-08-03,1083.65,BATCH_08_DUP1
1635,2024-08-13,1209.54,BATCH_08_DUP5
351,2024-04-03,835.67,BATCH_04_35
752,2024-08-26,909.23,BATCH_08_75
211,2024-03-13,782.43,BATCH_03_21
1528,2024-08-23,986.38,BATCH_08_DUP4
542,2024-06-28,736.68,BATCH_06_54
470,2024-05-24,1033.66,BATCH_05_46
1125,2024-11-27,1198.09,BATCH_11_112
935,2024-10-30,1275.4,BATCH_10_93
1143,2024-12-08,989.54,BATCH_12_114
1119,2024-11-24,964.39,BATCH_11_111
1537,2024-08-02,859.07,BATCH_08_DUP4
1764,2024-08-28,1072.28,BATCH_08_DUP7
1938,2024-08-02,1129.86,BATCH_08_DUP9
1304,2024-08-02,824.16,BATCH_08_DUP1
1145,2024-12-17,870.64,BATCH_12_114
1992,2024-08-15,1265.61,BATCH_08_DUP9
1522,2024-08-15,1105.64,BATCH_08_DUP4
1973,2024-08-07,960.68,BATCH_08_DUP9
881,2024-09-01,863.46,BATCH_09_88
1418,2024-08-20,1404.61,BATCH_08_DUP3
1932,2024-08-28,1072.28,BATCH_08_DUP9
1248,2024-08-04,1218.96,BATCH_08_DUP1
1256,2024-08-19,1122.41,BATCH_08_DUP1
1864,2024-08-23,986.38,BATCH_08_DUP8
1317,2024-08-21,1186.33,BATCH_08_DUP1
1940,2024-08-21,1175.41,BATCH_08_DUP9
865,2024-09-08,1252.88,BATCH_09_86
823,2024-09-08,1201.95,BATCH_09_82
594,2024-06-28,905.6,BATCH_06_59
1774,2024-08-15,1105.64,BATCH_08_DUP7
1007,2024-10-17,944.49,BATCH_10_100
1479,2024-08-26,1574.59,BATCH_08_DUP3
94,2024-01-17,898.7,BATCH_01_9
1905,2024-08-21,1186.33,BATCH_08_DUP8
1885,2024-08-19,1231.17,BATCH_08_DUP8
469,2024-05-23,977.83,BATCH_05_46
313,2024-04-28,1232.0,BATCH_04_31
853,2024-09-19,906.62,BATCH_09_85
970,2024-10-04,693.68,BATCH_10_96
828,2024-09-29,841.58,BATCH_09_82
12,2024-01-11,1033.93,BATCH_01_1
340,2024-04-13,848.68,BATCH_04_33
1840,2024-08-21,1084.66,BATCH_08_DUP8
604,2024-07-19,1098.27,BATCH_07_60
1341,2024-08-15,923.84,BATCH_08_DUP2
1994,2024-08-12,1230.08,BATCH_08_DUP9
188,2024-03-10,1129.95,BATCH_03_18
1267,2024-08-03,1324.03,BATCH_08_DUP1
138,2024-02-04,754.96,BATCH_02_13
615,2024-07-17,1296.17,BATCH_07_61
595,2024-06-01,985.45,BATCH_06_59
893,2024-09-25,789.78,BATCH_09_89
1565,2024-08-10,1103.07,BATCH_08_DUP4
1133,2024-12-21,1042.29,BATCH_12_113
932,2024-10-14,539.94,BATCH_10_93
93,2024-01-06,984.76,BATCH_01_9
1136,2024-12-05,887.23,BATCH_12_113
166,2024-02-12,1049.17,BATCH_02_16
1846,2024-08-05,1145.8,BATCH_08_DUP8
421,2024-05-16,791.47,BATCH_05_42
1505,2024-08-12,1132.11,BATCH_08_DUP4
1146,2024-12-21,1183.45,BATCH_12_114
1048,2024-11-17,938.45,BATCH_11_104
845,2024-09-15,1004.79,BATCH_09_84
315,2024-04-17,1329.29,BATCH_04_31
484,2024-05-02,899.06,BATCH_05_48
33,2024-01-24,1413.88,BATCH_01_3
428,2024-05-04,1122.92,BATCH_05_42
143,2024-02-05,1172.22,BATCH_02_14
1809,2024-08-24,779.53,BATCH_08_DUP7
1421,2024-08-12,1132.11,BATCH_08_DUP3
316,2024-04-11,1242.84,BATCH_04_31
863,2024-09-18,1258.33,BATCH_09_86
247,2024-03-02,1096.68,BATCH_03_24
1810,2024-08-16,717.39,BATCH_08_DUP7
621,2024-07-31,930.35,BATCH_07_62
1318,2024-08-01,1012.28,BATCH_08_DUP1
681,2024-07-04,865.51,BATCH_07_68
1741,2024-08-04,1128.06,BATCH_08_DUP6
37,2024-01-18,1098.11,BATCH_01_3
1239,2024-08-24,816.0,BATCH_08_DUP1
387,2024-04-28,879.15,BATCH_04_38
1221,2024-12-02,933.54,BATCH_12_122
360,2024-04-17,994.61,BATCH_04_35
15,2024-01-22,1073.9,BATCH_01_1
1525,2024-08-06,959.24,BATCH_08_DUP4
1950,2024-08-03,755.29,BATCH_08_DUP9
163,2024-02-03,1187.44,BATCH_02_16
532,2024-06-02,792.57,BATCH_06_53
1060,2024-11-09,1070.22,BATCH_11_105
1765,2024-08-15,863.32,BATCH_08_DUP7
1031,2024-11-21,759.08,BATCH_11_103
1571,2024-08-15,1373.59,BATCH_08_DUP4
1043,2024-11-07,837.92,BATCH_11_104
1350,2024-08-02,1129.86,BATCH_08_DUP2
940,2024-10-12,865.47,BATCH_10_93
1283,2024-08-03,613.18,BATCH_08_DUP1
1704,2024-08-14,1081.82,BATCH_08_DUP6
78,2024-01-05,724.97,BATCH_01_7
304,2024-04-02,731.69,BATCH_04_30
783,2024-08-15,1373.59,BATCH_08_78
1772,2024-08-21,1175.41,BATCH_08_DUP7
65,2024-01-10,1064.44,BATCH_01_6
1666,2024-08-30,1031.88,BATCH_08_DUP6
61,2024-01-05,1011.47,BATCH_01_6
162,2024-02-14,900.92,BATCH_02_16
32,2024-01-25,800.94,BATCH_01_3
1507,2024-08-17,1188.4,BATCH_08_DUP4
1867,2024-08-08,867.02,BATCH_08_DUP8
1295,2024-08-17,1457.1,BATCH_08_DUP1
1337,2024-08-12,1132.11,BATCH_08_DUP2
756,2024-08-06,1249.35,BATCH_08_75
1558,2024-08-16,717.39,BATCH_08_DUP4
1061,2024-11-22,1367.92,BATCH_11_106
778,2024-08-10,1005.56,BATCH_08_77
307,2024-04-01,933.35,BATCH_04_30
1405,2024-08-04,1128.06,BATCH_08_DUP2
564,2024-06-27,1017.81,BATCH_06_56
899,2024-09-10,1283.27,BATCH_09_89
760,2024-08-29,708.38,BATCH_08_75
1591,2024-08-17,1188.4,BATCH_08_DUP5
1234,2024-12-23,882.11,BATCH_12_123
1731,2024-08-26,1574.59,BATCH_08_DUP6
208,2024-03-30,1032.93,BATCH_03_20
1393,2024-08-07,1293.66,BATCH_08_DUP2
8,2024-01-04,1131.68,BATCH_01_0
178,2024-02-03,1083.38,BATCH_02_17
725,2024-08-15,863.32,BATCH_08_72
1,2024-01-16,1208.85,BATCH_01_0
1680,2024-08-28,1072.28,BATCH_08_DUP6
1025,2024-11-06,616.77,BATCH_11_102
816,2024-09-25,954.98,BATCH_09_81
1123,2024-11-16,835.57,BATCH_11_112
698,2024-07-17,1131.63,BATCH_07_69
190,2024-03-08,1081.13,BATCH_03_18
539,2024-06-10,738.38,BATCH_06_53
116,2024-02-19,1113.51,BATCH_02_11
1879,2024-08-18,1182.4,BATCH_08_DUP8
1949,2024-08-25,1172.74,BATCH_08_DUP9
651,2024-07-11,1077.88,BATCH_07_65
1535,2024-08-03,613.18,BATCH_08_DUP4
963,2024-10-05,1116.48,BATCH_10_96
137,2024-02-05,1090.96,BATCH_02_13
1702,2024-08-07,1129.99,BATCH_08_DUP6
1035,2024-11-06,829.69,BATCH_11_103
151,2024-02-22,761.42,BATCH_02_15
996,2024-10-13,1191.15,BATCH_10_99
450,2024-05-04,412.81,BATCH_05_44
377,2024-04-28,1143.3,BATCH_04_37
1925,2024-08-12,1132.11,BATCH_08_DUP9
1875,2024-08-04,1205.88,BATCH_08_DUP8
273,2024-03-17,961.73,BATCH_03_27
290,2024-03-17,1072.6,BATCH_03_28
1485,2024-08-21,1186.33,BATCH_08_DUP3
182,2024-03-22,1183.97,BATCH_03_18
647,2024-07-02,760.47,BATCH_07_64
1372,2024-08-26,909.23,BATCH_08_DUP2
626,2024-07-04,887.7,BATCH_07_62
242,2024-03-28,912.19,BATCH_03_24
305,2024-04-03,1077.39,BATCH_04_30
653,2024-07-03,1150.61,BATCH_07_65
1395,2024-08-26,1574.59,BATCH_08_DUP2
1308,2024-08-01,1210.19,BATCH_08_DUP1
373,2024-04-06,967.15,BATCH_04_37
1083,2024-11-13,966.99,BATCH_11_108
1287,2024-08-04,1205.88,BATCH_08_DUP1
187,2024-03-11,714.21,BATCH_03_18
1551,2024-08-13,1209.54,BATCH_08_DUP4
1107,2024-11-16,1403.8,BATCH_11_110
901,2024-10-01,898.69,BATCH_10_90
1429,2024-08-15,863.32,BATCH_08_DUP3
126,2024-02-16,1167.19,BATCH_02_12
453,2024-05-28,673.81,BATCH_05_45
804,2024-09-11,1113.97,BATCH_09_80
1790,2024-08-06,1134.04,BATCH_08_DUP7
745,2024-08-27,1134.75,BATCH_08_74
306,2024-04-10,980.03,BATCH_04_30
1813,2024-08-07,1293.66,BATCH_08_DUP7
1965,2024-08-23,784.6,BATCH_08_DUP9
1634,2024-08-03,886.13,BATCH_08_DUP5
1907,2024-08-15,1373.59,BATCH_08_DUP8
407,2024-04-28,1213.26,BATCH_04_40
1155,2024-12-06,688.94,BATCH_12_115
939,2024-10-25,985.33,BATCH_10_93
1040,2024-11-29,1065.32,BATCH_11_103
1977,2024-08-24,779.53,BATCH_08_DUP9
391,2024-04-23,1272.47,BATCH_04_39
1195,2024-12-21,1109.67,BATCH_12_119
412,2024-04-07,800.8,BATCH_04_41
1848,2024-08-28,1072.28,BATCH_08_DUP8
822,2024-09-10,618.82,BATCH_09_82
168,2024-02-09,958.95,BATCH_02_16
1639,2024-08-15,1380.78,BATCH_08_DUP5
410,2024-04-11,1147.76,BATCH_04_40
639,2024-07-18,843.22,BATCH_07_63
1349,2024-08-20,1109.73,BATCH_08_DUP2
1956,2024-08-14,1081.82,BATCH_08_DUP9
1483,2024-08-17,855.41,BATCH_08_DUP3
722,2024-08-05,1145.8,BATCH_08_72
1452,2024-08-14,1081.82,BATCH_08_DUP3
1953,2024-08-27,1134.75,BATCH_08_DUP9
505,2024-05-09,948.83,BATCH_05_50
1390,2024-08-16,717.39,BATCH_08_DUP2
1085,2024-11-11,927.98,BATCH_11_108
1542,2024-08-14,1208.75,BATCH_08_DUP4
60,2024-01-24,964.66,BATCH_01_5
328,2024-04-30,668.43,BATCH_04_32
805,2024-09-11,1004.28,BATCH_09_80
644,2024-07-30,1196.06,BATCH_07_64
835,2024-09-02,762.98,BATCH_09_83
3,2024-01-18,1191.45,BATCH_01_0
1548,2024-08-29,708.38,BATCH_08_DUP4
1796,2024-08-06,1249.35,BATCH_08_DUP7
359,2024-04-20,1010.09,BATCH_04_35
1079,2024-11-19,822.11,BATCH_11_107
655,2024-07-18,1113.69,BATCH_07_65
342,2024-04-30,1222.0,BATCH_04_34
1783,2024-08-08,867.02,BATCH_08_DUP7
432,2024-05-04,1088.45,BATCH_05_43
694,2024-07-20,803.03,BATCH_07_69
384,2024-04-28,1248.81,BATCH_04_38
1388,2024-08-02,824.16,BATCH_08_DUP2
10,2024-01-28,845.67,BATCH_01_0
1448,2024-08-31,617.8,BATCH_08_DUP3
465,2024-05-28,1234.34,BATCH_05_46
1008,2024-10-18,1230.53,BATCH_10_100
206,2024-03-23,1127.36,BATCH_03_20
1628,2024-08-06,1249.35,BATCH_08_DUP5
1601,2024-08-20,1109.73,BATCH_08_DUP5
375,2024-04-27,888.52,BATCH_04_37
123,2024-02-10,919.79,BATCH_02_12
1695,2024-08-09,1243.53,BATCH_08_DUP6
1959,2024-08-04,1205.88,BATCH_08_DUP9
358,2024-04-25,673.63,BATCH_04_35
560,2024-06-23,1050.35,BATCH_06_55
1616,2024-08-31,617.8,BATCH_08_DUP5
628,2024-07-11,751.0,BATCH_07_62
875,2024-09-06,862.23,BATCH_09_87
1916,2024-08-20,900.67,BATCH_08_DUP9
1023,2024-11-30,943.99,BATCH_11_102
530,2024-06-15,854.43,BATCH_06_52
1430,2024-08-14,1118.92,BATCH_08_DUP3
1869,2024-08-27,1134.75,BATCH_08_DUP8
914,2024-10-16,791.21,BATCH_10_91
727,2024-08-26,1074.39,BATCH_08_72
1524,2024-08-12,926.21,BATCH_08_DUP4
249,2024-03-09,1091.28,BATCH_03_24
1214,2024-12-21,769.72,BATCH_12_121
1954,2024-08-07,1129.99,BATCH_08_DUP9
1672,2024-08-21,1084.66,BATCH_08_DUP6
704,2024-08-20,897.89,BATCH_08_70
1488,2024-08-15,1265.61,BATCH_08_DUP3
264,2024-03-27,824.1,BATCH_03_26
1503,2024-08-31,881.45,BATCH_08_DUP4
992,2024-10-17,1474.42,BATCH_10_99
1486,2024-08-01,1012.28,BATCH_08_DUP3
395,2024-04-16,821.31,BATCH_04_39
719,2024-08-17,1188.4,BATCH_08_71
788,2024-09-17,1324.01,BATCH_09_78
1585,2024-08-22,942.05,BATCH_08_DUP5
988,2024-10-13,1233.3,BATCH_10_98
1450,2024-08-07,1129.99,BATCH_08_DUP3
1169,2024-12-30,930.7,BATCH_12_116
1089,2024-11-28,902.99,BATCH_11_108
1144,2024-12-22,909.9,BATCH_12_114
1733,2024-08-10,1103.07,BATCH_08_DUP6
1490,2024-08-12,1230.08,BATCH_08_DUP3
154,2024-02-23,1178.16,BATCH_02_15
1284,2024-08-14,1081.82,BATCH_08_DUP1
726,2024-08-14,1118.92,BATCH_08_72
947,2024-10-11,846.57,BATCH_10_94
538,2024-06-19,770.35,BATCH_06_53
444,2024-05-22,970.48,BATCH_05_44
347,2024-04-13,792.99,BATCH_04_34
800,2024-09-04,919.1,BATCH_09_79
1878,2024-08-14,1208.75,BATCH_08_DUP8
673,2024-07-05,1058.66,BATCH_07_67
260,2024-03-21,1030.7,BATCH_03_25
1964,2024-08-06,1249.35,BATCH_08_DUP9
1986,2024-08-10,1005.56,BATCH_08_DUP9
415,2024-05-10,1043.9,BATCH_05_41
1027,2024-11-17,1160.74,BATCH_11_102
995,2024-10-16,1065.23,BATCH_10_99
1556,2024-08-02,824.16,BATCH_08_DUP4
1265,2024-08-20,1109.73,BATCH_08_DUP1
1017,2024-10-04,939.51,BATCH_10_101
343,2024-04-05,1084.56,BATCH_04_34
1022,2024-11-11,904.12,BATCH_11_102
1515,2024-08-26,1074.39,BATCH_08_DUP4
742,2024-08-03,755.29,BATCH_08_74
543,2024-06-15,1093.67,BATCH_06_54
512,2024-06-09,867.37,BATCH_06_51
1090,2024-11-23,1123.64,BATCH_11_108
173,2024-02-07,989.52,BATCH_02_17
1241,2024-08-21,1288.27,BATCH_08_DUP1
1057,2024-11-01,838.42,BATCH_11_105
885,2024-09-02,1266.98,BATCH_09_88
1343,2024-08-20,1213.58,BATCH_08_DUP2
1426,2024-08-05,1145.8,BATCH_08_DUP3
414,2024-04-17,1139.12,BATCH_04_41
980,2024-10-25,1218.43,BATCH_10_97
1622,2024-08-06,1134.04,BATCH_08_DUP5
1196,2024-12-02,930.68,BATCH_12_119
944,2024-10-13,939.2,BATCH_10_94
552,2024-06-11,713.3,BATCH_06_55
1396,2024-08-10,1096.05,BATCH_08_DUP2
1078,2024-11-30,1106.99,BATCH_11_107
640,2024-07-01,1160.12,BATCH_07_63
1823,2024-08-15,1373.59,BATCH_08_DUP7
314,2024-04-18,1369.39,BATCH_04_31
1387,2024-08-15,1380.78,BATCH_08_DUP2
1897,2024-08-07,1293.66,BATCH_08_DUP8
1890,2024-08-16,1002.54,BATCH_08_DUP8
662,2024-07-21,724.88,BATCH_07_66
35,2024-01-25,1056.16,BATCH_01_3
177,2024-02-22,1041.03,BATCH_02_17
56,2024-01-15,990.47,BATCH_01_5
1693,2024-08-06,959.24,BATCH_08_DUP6
1149,2024-12-10,683.54,BATCH_12_114
1960,2024-08-26,909.23,BATCH_08_DUP9
1091,2024-11-12,1129.19,BATCH_11_109
1801,2024-08-19,1231.17,BATCH_08_DUP7
951,2024-10-08,740.7,BATCH_10_95
577,2024-06-27,849.42,BATCH_06_57
7,2024-01-04,846.15,BATCH_01_0
513,2024-06-24,931.5,BATCH_06_51
656,2024-07-22,1229.71,BATCH_07_65
1347,2024-08-26,1074.39,BATCH_08_DUP2
642,2024-07-09,1003.59,BATCH_07_64
758,2024-08-03,1083.65,BATCH_08_75
1554,2024-08-16,1002.54,BATCH_08_DUP4
1646,2024-08-29,1256.65,BATCH_08_DUP5
1534,2024-08-07,1129.99,BATCH_08_DUP4
1150,2024-12-03,757.12,BATCH_12_114
1082,2024-11-22,1097.88,BATCH_11_108
71,2024-01-31,1137.73,BATCH_01_7
757,2024-08-23,784.6,BATCH_08_75
888,2024-09-01,787.75,BATCH_09_88
1338,2024-08-19,750.09,BATCH_08_DUP2
643,2024-07-04,899.39,BATCH_07_64
1278,2024-08-03,755.29,BATCH_08_DUP1
637,2024-07-28,1084.19,BATCH_07_63
289,2024-03-14,591.85,BATCH_03_28
1868,2024-08-31,617.8,BATCH_08_DUP8
1045,2024-11-29,1012.54,BATCH_11_104
713,2024-08-22,942.05,BATCH_08_71
1812,2024-08-01,1210.19,BATCH_08_DUP7
257,2024-03-19,1675.54,BATCH_03_25
862,2024-09-09,777.94,BATCH_09_86
1597,2024-08-15,863.32,BATCH_08_DUP5
1422,2024-08-19,750.09,BATCH_08_DUP3
670,2024-07-18,1116.87,BATCH_07_66
1437,2024-08-06,932.29,BATCH_08_DUP3
1517,2024-08-20,1109.73,BATCH_08_DUP4
1807,2024-08-15,1380.78,BATCH_08_DUP7
1339,2024-08-17,1188.4,BATCH_08_DUP2
141,2024-02-03,910.45,BATCH_02_14
1827,2024-08-24,816.0,BATCH_08_DUP8
510,2024-06-19,1127.16,BATCH_06_50
1116,2024-11-01,940.73,BATCH_11_111
1898,2024-08-29,1256.65,BATCH_08_DUP8
28,2024-01-31,895.18,BATCH_01_2
372,2024-04-22,793.68,BATCH_04_37
1713,2024-08-23,784.6,BATCH_08_DUP6
251,2024-03-14,959.63,BATCH_03_25
1969,2024-08-19,1231.17,BATCH_08_DUP9
1834,2024-08-30,1031.88,BATCH_08_DUP8
386,2024-04-12,1166.12,BATCH_04_38
1847,2024-08-20,1213.58,BATCH_08_DUP8
1182,2024-12-06,959.59,BATCH_12_118
250,2024-03-16,991.46,BATCH_03_24
1644,2024-08-01,1210.19,BATCH_08_DUP5
467,2024-05-18,744.23,BATCH_05_46
433,2024-05-03,679.22,BATCH_05_43
497,2024-05-31,1428.46,BATCH_05_49
381,2024-04-24,946.64,BATCH_04_38
20,2024-01-15,1473.57,BATCH_01_1
268,2024-03-30,883.75,BATCH_03_26
259,2024-03-29,902.39,BATCH_03_25
1728,2024-08-01,1210.19,BATCH_08_DUP6
971,2024-10-05,1050.25,BATCH_10_97
423,2024-05-07,636.7,BATCH_05_42
1414,2024-08-30,1031.88,BATCH_08_DUP3
199,2024-03-31,1249.15,BATCH_03_19
770,2024-08-16,717.39,BATCH_08_76
235,2024-03-03,1343.66,BATCH_03_23
1652,2024-08-24,1006.22,BATCH_08_DUP5
1465,2024-08-19,1231.17,BATCH_08_DUP3
1715,2024-08-17,1457.1,BATCH_08_DUP6
1651,2024-08-17,855.41,BATCH_08_DUP5
596,2024-06-01,874.14,BATCH_06_59
1451,2024-08-03,613.18,BATCH_08_DUP3
675,2024-07-03,936.96,BATCH_07_67
990,2024-10-24,1068.47,BATCH_10_98
1303,2024-08-15,1380.78,BATCH_08_DUP1
1097,2024-11-20,938.08,BATCH_11_109
1073,2024-11-28,1166.15,BATCH_11_107
549,2024-06-01,1193.47,BATCH_06_54
1918,2024-08-30,1031.88,BATCH_08_DUP9
1084,2024-11-09,838.61,BATCH_11_108
1434,2024-08-02,1129.86,BATCH_08_DUP3
1914,2024-08-09,1129.82,BATCH_08_DUP9
1567,2024-08-17,855.41,BATCH_08_DUP4
797,2024-09-14,761.48,BATCH_09_79
1442,2024-08-12,1171.4,BATCH_08_DUP3
600,2024-06-17,901.84,BATCH_06_59
1179,2024-12-15,1328.4,BATCH_12_117
1699,2024-08-08,867.02,BATCH_08_DUP6
62,2024-01-28,1019.73,BATCH_01_6
2,2024-01-26,923.21,BATCH_01_0
1334,2024-08-20,1404.61,BATCH_08_DUP2
449,2024-05-07,735.26,BATCH_05_44
364,2024-04-02,1024.11,BATCH_04_36
1219,2024-12-24,1449.3,BATCH_12_121
194,2024-03-28,833.09,BATCH_03_19
691,2024-07-25,726.72,BATCH_07_69
1384,2024-08-24,839.22,BATCH_08_DUP2
1828,2024-08-20,897.89,BATCH_08_DUP8
1276,2024-08-23,986.38,BATCH_08_DUP1
1099,2024-11-15,1212.46,BATCH_11_109
200,2024-03-16,974.02,BATCH_03_19
1963,2024-08-18,1182.4,BATCH_08_DUP9
927,2024-10-14,1145.27,BATCH_10_92
819,2024-09-19,863.78,BATCH_09_81
546,2024-06-28,975.73,BATCH_06_54
38,2024-01-10,1299.55,BATCH_01_3
1258,2024-08-05,1145.8,BATCH_08_DUP1
1683,2024-08-26,1074.39,BATCH_08_DUP6
1530,2024-08-03,755.29,BATCH_08_DUP4
1990,2024-08-01,1012.28,BATCH_08_DUP9
1386,2024-08-16,1002.54,BATCH_08_DUP2
286,2024-03-17,984.53,BATCH_03_28
1315,2024-08-17,855.41,BATCH_08_DUP1
1896,2024-08-01,1210.19,BATCH_08_DUP8
1541,2024-08-23,659.23,BATCH_08_DUP4
699,2024-07-14,751.93,BATCH_07_69
1682,2024-08-14,1118.92,BATCH_08_DUP6
528,2024-06-01,534.62,BATCH_06_52
1578,2024-08-09,1129.82,BATCH_08_DUP5
1322,2024-08-12,1230.08,BATCH_08_DUP1
1272,2024-08-12,926.21,BATCH_08_DUP1
882,2024-09-24,754.63,BATCH_09_88
1872,2024-08-14,1081.82,BATCH_08_DUP8
1213,2024-12-27,1126.81,BATCH_12_121
21,2024-01-21,1218.91,BATCH_01_2
1955,2024-08-03,613.18,BATCH_08_DUP9
1473,2024-08-24,779.53,BATCH_08_DUP3
1681,2024-08-15,863.32,BATCH_08_DUP6
1088,2024-11-12,1032.96,BATCH_11_108
1121,2024-11-10,668.43,BATCH_11_112
1104,2024-11-08,1106.19,BATCH_11_110
541,2024-06-03,605.73,BATCH_06_54
241,2024-03-21,1135.96,BATCH_03_24
1478,2024-08-29,1256.65,BATCH_08_DUP3
451,2024-05-08,1333.08,BATCH_05_45
459,2024-05-29,898.97,BATCH_05_45
1655,2024-08-15,1373.59,BATCH_08_DUP5
261,2024-03-10,1256.87,BATCH_03_26
1392,2024-08-01,1210.19,BATCH_08_DUP2
103,2024-02-11,1133.46,BATCH_02_10
1643,2024-08-25,687.48,BATCH_08_DUP5
1650,2024-08-10,1005.56,BATCH_08_DUP5
1553,2024-08-07,960.68,BATCH_08_DUP4
1439,2024-08-31,880.5,BATCH_08_DUP3
646,2024-07-27,991.98,BATCH_07_64
1359,2024-08-09,1243.53,BATCH_08_DUP2
1590,2024-08-19,750.09,BATCH_08_DUP5
765,2024-08-07,960.68,BATCH_08_76
754,2024-08-14,1208.75,BATCH_08_75
1228,2024-12-09,927.63,BATCH_12_122
1381,2024-08-19,1231.17,BATCH_08_DUP2
376,2024-04-19,1195.98,BATCH_04_37
1438,2024-08-15,1105.64,BATCH_08_DUP3
701,2024-07-13,471.24,BATCH_07_70
14,2024-01-11,847.59,BATCH_01_1
1069,2024-11-10,1122.41,BATCH_11_106
1383,2024-08-13,1209.54,BATCH_08_DUP2
1738,2024-08-01,1012.28,BATCH_08_DUP6
728,2024-08-18,1096.87,BATCH_08_72
630,2024-07-03,1142.25,BATCH_07_62
1725,2024-08-24,779.53,BATCH_08_DUP6
134,2024-02-14,1062.79,BATCH_02_13
1436,2024-08-21,1175.41,BATCH_08_DUP3
310,2024-04-13,888.08,BATCH_04_30
1254,2024-08-19,750.09,BATCH_08_DUP1
1792,2024-08-26,909.23,BATCH_08_DUP7
1910,2024-08-12,1230.08,BATCH_08_DUP8
714,2024-08-20,1404.61,BATCH_08_71
301,2024-04-03,865.98,BATCH_04_30
1716,2024-08-29,708.38,BATCH_08_DUP6
6,2024-01-07,424.83,BATCH_01_0
474,2024-05-29,1099.81,BATCH_05_47
1662,2024-08-09,1129.82,BATCH_08_DUP6
1102,2024-11-09,1194.25,BATCH_11_110
1623,2024-08-04,1205.88,BATCH_08_DUP5
1836,2024-08-04,1218.96,BATCH_08_DUP8
1673,2024-08-12,1132.11,BATCH_08_DUP6
1511,2024-08-20,1213.58,BATCH_08_DUP4
712,2024-08-04,1218.96,BATCH_08_71
400,2024-04-15,1209.46,BATCH_04_39
383,2024-04-04,827.15,BATCH_04_38
248,2024-03-12,837.08,BATCH_03_24
1373,2024-08-23,659.23,BATCH_08_DUP2
293,2024-03-23,1057.12,BATCH_03_29
1261,2024-08-15,863.32,BATCH_08_DUP1
1577,2024-08-21,1288.27,BATCH_08_DUP5
1761,2024-08-15,923.84,BATCH_08_DUP7
764,2024-08-24,839.22,BATCH_08_76
1273,2024-08-06,959.24,BATCH_08_DUP1
1640,2024-08-02,824.16,BATCH_08_DUP5
1170,2024-12-16,1192.14,BATCH_12_116
192,2024-03-14,1151.93,BATCH_03_19
551,2024-06-28,1270.65,BATCH_06_55
119,2024-02-24,911.97,BATCH_02_11
1072,2024-11-01,1018.7,BATCH_11_107
101,2024-02-18,562.22,BATCH_02_10
1947,2024-08-09,1243.53,BATCH_08_DUP9
624,2024-07-09,720.17,BATCH_07_62
90,2024-01-29,982.0,BATCH_01_8
1510,2024-08-05,1145.8,BATCH_08_DUP4
1012,2024-10-22,977.68,BATCH_10_101
102,2024-02-28,1127.84,BATCH_02_10
73,2024-01-02,1056.19,BATCH_01_7
1274,2024-08-12,1171.4,BATCH_08_DUP1
398,2024-04-24,771.72,BATCH_04_39
813,2024-09-27,901.97,BATCH_09_81
613,2024-07-01,587.87,BATCH_07_61
619,2024-07-05,1107.92,BATCH_07_61
1314,2024-08-10,1005.56,BATCH_08_DUP1
993,2024-10-16,1125.39,BATCH_10_99
150,2024-02-08,1338.85,BATCH_02_14
641,2024-07-13,810.82,BATCH_07_64
1190,2024-12-25,1049.19,BATCH_12_118
687,2024-07-19,924.57,BATCH_07_68
692,2024-07-25,935.52,BATCH_07_69
924,2024-10-09,1106.31,BATCH_10_92
839,2024-09-19,1265.48,BATCH_09_83
67,2024-01-28,910.77,BATCH_01_6
890,2024-09-23,896.16,BATCH_09_88
1290,2024-08-14,1208.75,BATCH_08_DUP1
807,2024-09-12,837.29,BATCH_09_80
1070,2024-11-24,1038.29,BATCH_11_106
1218,2024-12-16,1259.93,BATCH_12_121
869,2024-09-18,1033.9,BATCH_09_86
1844,2024-08-19,1122.41,BATCH_08_DUP8
1477,2024-08-07,1293.66,BATCH_08_DUP3
957,2024-10-17,1421.03,BATCH_10_95
717,2024-08-12,1132.11,BATCH_08_71
1873,2024-08-02,859.07,BATCH_08_DUP8
1845,2024-08-15,923.84,BATCH_08_DUP8
1621,2024-08-02,859.07,BATCH_08_DUP5
1927,2024-08-17,1188.4,BATCH_08_DUP9
975,2024-10-18,855.71,BATCH_10_97
1225,2024-12-08,1405.5,BATCH_12_122
1613,2024-08-25,1172.74,BATCH_08_DUP5
96,2024-01-14,768.38,BATCH_01_9
1356,2024-08-12,926.21,BATCH_08_DUP2
912,2024-10-01,769.96,BATCH_10_91
553,2024-06-02,1067.98,BATCH_06_55
380,2024-04-25,489.3,BATCH_04_37
703,2024-08-24,816.0,BATCH_08_70
487,2024-05-17,1577.01,BATCH_05_48
1220,2024-12-26,1318.01,BATCH_12_121
1899,2024-08-26,1574.59,BATCH_08_DUP8
1837,2024-08-22,942.05,BATCH_08_DUP8
1849,2024-08-15,863.32,BATCH_08_DUP8
146,2024-02-08,1320.6,BATCH_02_14
1785,2024-08-27,1134.75,BATCH_08_DUP7
1126,2024-11-01,1060.18,BATCH_11_112
111,2024-02-24,1151.04,BATCH_02_11
591,2024-06-01,1008.7,BATCH_06_59
629,2024-07-09,1007.82,BATCH_07_62
159,2024-02-12,1219.93,BATCH_02_15
1178,2024-12-25,969.62,BATCH_12_117
1264,2024-08-18,1096.87,BATCH_08_DUP1
1779,2024-08-09,1243.53,BATCH_08_DUP7
1540,2024-08-26,909.23,BATCH_08_DUP4
263,2024-03-22,934.41,BATCH_03_26
327,2024-04-17,694.78,BATCH_04_32
598,2024-06-11,1083.22,BATCH_06_59
296,2024-03-27,1222.13,BATCH_03_29
1138,2024-12-02,889.76,BATCH_12_113
1247,2024-08-23,1113.12,BATCH_08_DUP1
16,2024-01-10,860.96,BATCH_01_1
1952,2024-08-31,617.8,BATCH_08_DUP9
773,2024-08-07,1293.66,BATCH_08_77
243,2024-03-21,646.34,BATCH_03_24
961,2024-10-17,1068.93,BATCH_10_96
969,2024-10-22,1345.34,BATCH_10_96
1908,2024-08-15,1265.61,BATCH_08_DUP8
900,2024-09-06,724.94,BATCH_09_89
120,2024-02-16,1121.24,BATCH_02_11
121,2024-02-04,1057.08,BATCH_02_12
1051,2024-11-07,1077.55,BATCH_11_105
733,2024-08-06,932.29,BATCH_08_73
1491,2024-08-24,816.0,BATCH_08_DUP4
378,2024-04-21,1288.34,BATCH_04_37
435,2024-05-02,809.19,BATCH_05_43
962,2024-10-27,994.54,BATCH_10_96
974,2024-10-11,1124.6,BATCH_10_97
1980,2024-08-01,1210.19,BATCH_08_DUP9
843,2024-09-14,960.0,BATCH_09_84
1229,2024-12-19,1202.02,BATCH_12_122
1449,2024-08-27,1134.75,BATCH_08_DUP3
540,2024-06-05,1024.47,BATCH_06_53
597,2024-06-20,794.25,BATCH_06_59
1454,2024-08-06,1134.04,BATCH_08_DUP3
1087,2024-11-12,954.59,BATCH_11_108
1633,2024-08-19,1231.17,BATCH_08_DUP5
216,2024-03-23,970.3,BATCH_03_21
663,2024-07-24,669.58,BATCH_07_66
397,2024-04-08,1182.25,BATCH_04_39
368,2024-04-26,1006.58,BATCH_04_36
747,2024-08-03,613.18,BATCH_08_74
601,2024-06-14,894.84,BATCH_06_60
850,2024-09-30,972.42,BATCH_09_84
1300,2024-08-24,839.22,BATCH_08_DUP1
506,2024-05-22,616.41,BATCH_05_50
632,2024-07-06,1107.46,BATCH_07_63
1700,2024-08-31,617.8,BATCH_08_DUP6
201,2024-03-18,741.04,BATCH_03_20
1679,2024-08-20,1213.58,BATCH_08_DUP6
981,2024-10-21,1049.86,BATCH_10_98
537,2024-06-21,667.24,BATCH_06_53
1222,2024-12-08,897.86,BATCH_12_122
1531,2024-08-08,867.02,BATCH_08_DUP4
983,2024-10-04,1267.71,BATCH_10_98
492,2024-05-08,1072.38,BATCH_05_49
1367,2024-08-03,613.18,BATCH_08_DUP2
175,2024-02-10,871.19,BATCH_02_17
658,2024-07-16,747.87,BATCH_07_65
485,2024-05-04,740.95,BATCH_05_48
1068,2024-11-07,983.54,BATCH_11_106
683,2024-07-14,885.45,BATCH_07_68
1824,2024-08-15,1265.61,BATCH_08_DUP7
406,2024-04-23,1203.72,BATCH_04_40
1020,2024-11-13,1152.45,BATCH_11_101
198,2024-03-26,1156.73,BATCH_03_19
791,2024-09-24,1333.59,BATCH_09_79
973,2024-10-27,1026.32,BATCH_10_97
1589,2024-08-12,1132.11,BATCH_08_DUP5
610,2024-07-15,1187.64,BATCH_07_60
1369,2024-08-02,859.07,BATCH_08_DUP2
394,2024-04-09,1177.27,BATCH_04_39
1093,2024-11-01,880.54,BATCH_11_109
323,2024-04-04,1246.26,BATCH_04_32
1326,2024-08-09,1129.82,BATCH_08_DUP2
1108,2024-11-29,988.59,BATCH_11_110
867,2024-09-07,812.1,BATCH_09_86
356,2024-04-11,1146.68,BATCH_04_35
1946,2024-08-12,1171.4,BATCH_08_DUP9
1850,2024-08-14,1118.92,BATCH_08_DUP8
504,2024-05-06,1014.84,BATCH_05_50
991,2024-10-17,868.93,BATCH_10_99
1029,2024-11-18,1451.13,BATCH_11_102
1852,2024-08-18,1096.87,BATCH_08_DUP8
576,2024-06-11,1330.69,BATCH_06_57
1638,2024-08-16,1002.54,BATCH_08_DUP5
833,2024-09-11,974.81,BATCH_09_83
1351,2024-08-03,1324.03,BATCH_08_DUP2
1186,2024-12-17,1066.53,BATCH_12_118
44,2024-01-28,1286.39,BATCH_01_4
702,2024-07-07,1059.38,BATCH_07_70
937,2024-10-26,1173.47,BATCH_10_93
89,2024-01-24,836.19,BATCH_01_8
1204,2024-12-04,874.51,BATCH_12_120
1935,2024-08-26,1074.39,BATCH_08_DUP9
58,2024-01-01,1115.51,BATCH_01_5
1912,2024-08-20,897.89,BATCH_08_DUP9
479,2024-05-13,1145.33,BATCH_05_47
1866,2024-08-03,755.29,BATCH_08_DUP8
1710,2024-08-14,1208.75,BATCH_08_DUP6
580,2024-06-24,859.32,BATCH_06_57
623,2024-07-02,939.73,BATCH_07_62
1906,2024-08-01,1012.28,BATCH_08_DUP8
766,2024-08-16,1002.54,BATCH_08_76
1327,2024-08-08,1161.24,BATCH_08_DUP2
437,2024-05-03,942.04,BATCH_05_43
362,2024-04-14,1203.91,BATCH_04_36
925,2024-10-11,921.41,BATCH_10_92
1209,2024-12-23,896.86,BATCH_12_120
426,2024-05-12,1274.56,BATCH_05_42
69,2024-01-26,795.24,BATCH_01_6
172,2024-02-21,858.13,BATCH_02_17
919,2024-10-27,807.59,BATCH_10_91
462,2024-05-27,728.78,BATCH_05_46
674,2024-07-02,1095.96,BATCH_07_67
1112,2024-11-26,1073.1,BATCH_11_111
1481,2024-08-10,1103.07,BATCH_08_DUP3
1874,2024-08-06,1134.04,BATCH_08_DUP8
769,2024-08-24,779.53,BATCH_08_76
933,2024-10-25,837.83,BATCH_10_93
781,2024-08-21,1186.33,BATCH_08_78
716,2024-08-21,1084.66,BATCH_08_71
309,2024-04-10,1278.08,BATCH_04_30
1615,2024-08-08,867.02,BATCH_08_DUP5
852,2024-09-04,565.44,BATCH_09_85
792,2024-09-03,1030.62,BATCH_09_79
730,2024-08-02,1129.86,BATCH_08_72
1205,2024-12-02,952.49,BATCH_12_120
607,2024-07-30,802.11,BATCH_07_60
1199,2024-12-15,852.92,BATCH_12_119
455,2024-05-01,1066.67,BATCH_05_45
1054,2024-11-30,898.13,BATCH_11_105
1516,2024-08-18,1096.87,BATCH_08_DUP4
36,2024-01-02,742.47,BATCH_01_3
1778,2024-08-12,1171.4,BATCH_08_DUP7
271,2024-03-22,850.55,BATCH_03_27
1187,2024-12-03,911.93,BATCH_12_118
1588,2024-08-21,1084.66,BATCH_08_DUP5
523,2024-06-24,1120.88,BATCH_06_52
1911,2024-08-24,816.0,BATCH_08_DUP9
1549,2024-08-19,1231.17,BATCH_08_DUP4
866,2024-09-04,1057.76,BATCH_09_86
1625,2024-08-23,659.23,BATCH_08_DUP5
1502,2024-08-20,1404.61,BATCH_08_DUP4
1595,2024-08-20,1213.58,BATCH_08_DUP5
1203,2024-12-23,1021.45,BATCH_12_120
50,2024-01-06,749.9,BATCH_01_4
618,2024-07-25,699.43,BATCH_07_61
898,2024-09-23,893.95,BATCH_09_89
1566,2024-08-10,1005.56,BATCH_08_DUP4
1594,2024-08-05,1145.8,BATCH_08_DUP5
667,2024-07-15,1251.39,BATCH_07_66
52,2024-01-26,1130.87,BATCH_01_5
824,2024-09-12,861.39,BATCH_09_82
1064,2024-11-19,1156.53,BATCH_11_106
1151,2024-12-28,1140.97,BATCH_12_115
871,2024-09-23,1052.75,BATCH_09_87
19,2024-01-31,898.82,BATCH_01_1
1370,2024-08-06,1134.04,BATCH_08_DUP2
815,2024-09-04,903.1,BATCH_09_81
776,2024-08-10,1096.05,BATCH_08_77
568,2024-06-04,1143.56,BATCH_06_56
953,2024-10-11,894.23,BATCH_10_95
634,2024-07-15,838.68,BATCH_07_63
1432,2024-08-18,1096.87,BATCH_08_DUP3
195,2024-03-20,1283.4,BATCH_03_19
401,2024-04-12,1167.37,BATCH_04_40
1962,2024-08-14,1208.75,BATCH_08_DUP9
1033,2024-11-18,975.11,BATCH_11_103
1937,2024-08-20,1109.73,BATCH_08_DUP9
1424,2024-08-19,1122.41,BATCH_08_DUP3
1988,2024-08-24,1006.22,BATCH_08_DUP9
1342,2024-08-05,1145.8,BATCH_08_DUP2
388,2024-04-26,782.64,BATCH_04_38
446,2024-05-08,813.84,BATCH_05_44
954,2024-10-28,1085.25,BATCH_10_95
803,2024-09-16,847.28,BATCH_09_80
25,2024-01-06,813.56,BATCH_01_2
107,2024-02-01,800.43,BATCH_02_10
283,2024-03-14,867.44,BATCH_03_28
753,2024-08-23,659.23,BATCH_08_75
17,2024-01-18,722.44,BATCH_01_1
896,2024-09-22,929.5,BATCH_09_89
1724,2024-08-02,824.16,BATCH_08_DUP6
238,2024-03-03,1220.85,BATCH_03_23
1374,2024-08-14,1208.75,BATCH_08_DUP2
1402,2024-08-01,1012.28,BATCH_08_DUP2
1817,2024-08-10,1103.07,BATCH_08_DUP7
481,2024-05-24,1156.04,BATCH_05_48
1766,2024-08-14,1118.92,BATCH_08_DUP7
1134,2024-12-23,1339.89,BATCH_12_113
482,2024-05-31,1227.78,BATCH_05_48
221,2024-03-05,846.42,BATCH_03_22
561,2024-06-20,615.3,BATCH_06_56
856,2024-09-20,1001.04,BATCH_09_85
1111,2024-11-29,580.46,BATCH_11_111
197,2024-03-23,916.26,BATCH_03_19
582,2024-06-26,1381.41,BATCH_06_58
325,2024-04-16,1036.75,BATCH_04_32
1425,2024-08-15,923.84,BATCH_08_DUP3
1814,2024-08-29,1256.65,BATCH_08_DUP7
519,2024-06-05,1107.43,BATCH_06_51
1924,2024-08-21,1084.66,BATCH_08_DUP9
204,2024-03-10,778.44,BATCH_03_20
672,2024-07-16,1067.54,BATCH_07_67
1825,2024-08-04,1128.06,BATCH_08_DUP7
174,2024-02-05,1104.61,BATCH_02_17
1232,2024-12-06,1140.01,BATCH_12_123
265,2024-03-29,1119.82,BATCH_03_26
