customer_id,name,region,signup_date
1,Uma Brown,North,2021-07-17
2,Henry Wilson,South,2020-07-28
3,Victor Torres,Central,2020-06-27
4,Sam Clark,North,2020-03-02
5,Carol Lee,South,2022-10-31
6,Tina Johnson,Central,2021-02-11
7,Wendy King,Central,2022-05-09
8,Henry Lewis,Central,2021-07-23
9,Zach Johnson,South,2023-11-30
10,Nathan Jackson,East,2020-11-14
11,Grace Adams,East,2020-07-28
12,Carol Harris,North,2022-01-05
13,Brian White,Central,2021-06-25
14,Zach Smith,West,2023-01-03
15,David Harris,North,2023-02-04
16,James King,Central,2022-01-10
17,Sam Lee,North,2020-04-03
18,Victor Wilson,East,2020-06-12
19,Brian Wilson,North,2022-02-17
20,Irene Lewis,East,2020-11-29
21,Leo White,South,2023-10-04
22,Irene Scott,North,2023-06-01
23,Uma Garcia,Central,2024-02-02
24,Henry Garcia,West,2022-02-16
25,Irene King,Central,2021-03-25
26,Victor Jackson,North,2021-04-14
27,Amy Smith,East,2022-04-01
28,Irene Williams,South,2023-03-07
29,Cindy Scott,East,2021-03-11
30,Uma Robinson,West,2023-08-09
31,Olivia Martinez,East,2020-10-12
32,Henry Torres,Central,2023-01-08
33,Irene Torres,Central,2022-05-27
34,Cindy Allen,West,2022-01-11
35,Henry Martinez,Central,2022-10-07
36,Carol Adams,North,2020-08-12
37,Eva King,South,2023-10-25
38,Nathan Young,North,2022-02-27
39,Maria Young,West,2022-12-19
40,Irene Hall,North,2023-10-25
41,Xavier Brown,Central,2021-06-30
42,Yolanda King,East,2020-08-16
43,James Clark,South,2022-07-18
44,Alice Torres,East,2022-10-22
45,Yolanda Garcia,Central,2020-08-05
46,Brian King,East,2023-08-01
47,Quinn Young,South,2020-11-09
48,Leo Adams,South,2023-01-09
49,Yolanda Walker,North,2023-05-11
50,Karen Robinson,North,2020-08-17
51,Derek White,East,2021-05-05
52,Bob Wilson,Central,2020-06-10
53,Carol Torres,West,2020-05-21
54,Yolanda Hall,South,2020-09-19
55,Victor Robinson,Central,2020-12-04
56,Irene Walker,Central,2022-05-16
57,Grace Hall,South,2023-12-31
58,James Harris,East,2022-06-16
59,Cindy Walker,West,2020-09-04
60,Henry Wilson,North,2021-11-23
61,Alice Allen,Central,2021-04-16
62,Sam Wilson,North,2020-05-25
63,Wendy King,North,2021-04-13
64,Carol Smith,East,2020-05-25
65,Quinn Wilson,East,2023-10-02
66,Peter Lee,Central,2020-09-27
67,Xavier Allen,Central,2022-08-26
68,Henry Nelson,West,2022-04-13
69,Grace Brown,North,2023-09-11
70,Nathan White,West,2022-04-21
71,Olivia Torres,North,2023-10-11
72,Uma King,North,2020-05-04
73,Maria Torres,East,2020-08-11
74,Henry Lee,South,2023-01-03
75,Olivia Martinez,West,2021-01-10
76,Irene Lewis,South,2020-06-03
77,Olivia Nelson,Central,2020-07-19
78,Bob King,Central,2020-01-31
79,Carol Adams,South,2020-12-06
80,Nathan Robinson,West,2021-03-13
81,Brian Harris,North,2020-12-03
82,Maria Johnson,West,2021-06-27
83,Derek Nelson,West,2021-08-07
84,Nathan Scott,Central,2023-09-17
85,Wendy Robinson,South,2021-01-23
86,James Lee,North,2023-04-01
87,Xavier Hall,North,2021-10-04
88,Bob Smith,Central,2022-09-03
89,Quinn Walker,South,2020-04-26
90,Quinn Williams,South,2020-05-20
91,Tina Williams,South,2022-04-06
92,David Allen,South,2023-03-31
93,Tina Smith,Central,2020-06-16
94,Nathan Wright,Central,2023-03-03
95,Quinn Jackson,East,2021-02-22
96,Victor Scott,East,2021-05-03
97,Irene Harris,South,2023-10-07
98,Uma Thomas,West,2021-10-09
99,Derek Adams,North,2020-01-20
100,Olivia Young,Central,2020-07-23
101,Carol Hall,South,2022-11-02
102,Irene Martinez,East,2020-05-20
103,Cindy Wilson,East,2021-08-06
104,Frank Lewis,Central,2023-12-11
105,James Young,Central,2020-01-17
106,Victor Hall,East,2023-09-20
107,David Martinez,East,2020-08-24
108,Cindy Brown,Central,2020-11-14
109,Irene Thomas,Central,2021-03-07
110,Wendy Jackson,South,2023-11-08
111,Uma Anderson,Central,2022-09-27
112,Irene Smith,North,2023-07-23
113,Nathan Anderson,North,2020-01-08
114,Karen Adams,South,2023-07-28
115,Irene Garcia,West,2023-02-03
116,Wendy Clark,Central,2020-01-20
117,David Williams,South,2023-01-22
118,Bob White,Central,2023-02-05
119,Eva Clark,South,2020-03-26
120,James White,North,2022-01-02
121,Grace Wright,South,2023-09-27
122,David White,Central,2022-04-12
123,Tina Torres,South,2021-04-29
124,Brian Garcia,South,2022-04-24
125,Alice Garcia,East,2022-04-23
126,Zach Wright,South,2021-06-30
127,Frank Nelson,North,2022-02-22
128,Brian Smith,West,2021-03-31
129,Grace Lewis,East,2021-09-17
130,Amy Nelson,South,2021-04-01
131,Alice Wright,South,2022-03-27
132,Karen Anderson,North,2021-07-25
133,Leo King,Central,2022-03-29
134,Victor Hall,East,2020-02-26
135,David Anderson,South,2023-04-04
136,Irene Smith,North,2023-05-06
137,Nathan White,East,2022-06-12
138,Tina Walker,North,2022-02-27
139,Cindy Allen,South,2021-06-05
140,Bob Scott,West,2020-01-04
141,Quinn Nelson,Central,2023-11-07
142,Xavier Torres,South,2022-01-15
143,Nathan Williams,East,2023-06-30
144,Karen Wright,North,2024-01-14
145,Cindy Thomas,Central,2021-09-25
146,Victor Clark,East,2022-04-04
147,Wendy Thomas,Central,2020-09-17
148,Grace Clark,West,2023-10-19
149,Xavier Garcia,Central,2023-03-11
150,James Harris,Central,2020-01-01
151,James Thomas,South,2022-05-30
152,Zach Allen,Central,2023-09-02
153,Karen Lewis,West,2022-06-24
154,Victor Lee,Central,2022-08-27
155,Zach Nelson,South,2023-09-11
156,Carol Thomas,Central,2023-09-21
157,Uma Young,East,2020-07-10
158,Amy Adams,South,2023-10-09
159,James Wilson,South,2020-10-28
160,Alice Smith,South,2022-08-31
161,Tina Adams,North,2022-07-21
162,Nathan King,Central,2021-02-02
163,Wendy Scott,West,2022-10-09
164,Maria Wilson,South,2023-09-05
165,Wendy Johnson,North,2022-05-20
166,Henry Garcia,Central,2022-08-09
167,Bob Hall,South,2020-09-05
168,Olivia Martinez,West,2023-09-29
169,Quinn Hall,Central,2021-10-11
170,Yolanda Lewis,Central,2024-01-13
171,Cindy Walker,West,2023-01-27
172,Olivia Garcia,West,2022-07-10
173,Irene Adams,South,2023-07-29
174,Irene Adams,Central,2022-09-19
175,Uma Wilson,East,2022-06-19
176,Carol Scott,East,2021-04-25
177,Irene Jackson,East,2023-01-11
178,Carol Martinez,South,2021-04-18
179,Maria Scott,South,2023-12-17
180,Grace Williams,West,2022-04-14
181,Karen Hall,West,2022-05-01
182,Bob Lee,West,2022-03-08
183,Cindy Adams,Central,2023-11-25
184,Alice Adams,Central,2022-02-18
185,Peter Johnson,East,2021-09-03
186,Yolanda Harris,West,2023-01-07
187,Xavier Torres,Central,2023-05-20
188,Cindy Wilson,West,2021-03-25
189,Irene Clark,West,2020-02-29
190,Maria Jackson,West,2024-01-23
191,Frank Lewis,South,2023-06-28
192,Rachel Johnson,West,2023-04-27
193,Sam Wright,North,2020-06-20
194,Uma Clark,South,2022-08-03
195,Frank Smith,East,2022-02-15
196,Karen Lee,West,2021-10-31
197,Karen Adams,West,2021-07-23
198,Yolanda Clark,East,2020-06-16
199,Peter Johnson,Central,2020-04-16
200,Leo Wilson,North,2023-08-27
201,Bob Adams,North,2021-05-21
202,Grace Johnson,Central,2020-11-08
203,Henry Martinez,West,2023-10-03
204,David Allen,South,2022-08-10
205,Wendy Anderson,East,2020-12-09
206,Tina Young,North,2020-12-01
207,James Brown,Central,2020-02-22
208,Derek Thomas,Central,2023-10-19
209,Derek Harris,West,2024-01-04
210,Grace Williams,Central,2023-11-15
211,Amy King,South,2020-07-27
212,Wendy Adams,East,2023-11-02
213,Tina Nelson,North,2023-03-05
214,Zach Smith,East,2022-12-27
215,Nathan Wright,East,2020-05-21
216,Quinn King,East,2020-01-26
217,Brian Clark,West,2020-08-04
218,Nathan White,West,2023-12-19
219,Eva Clark,South,2022-12-04
220,Uma Anderson,Central,2023-01-07
221,Yolanda Robinson,West,2022-06-11
222,Amy Torres,Central,2021-07-03
223,Karen Wilson,North,2021-07-25
224,Cindy Lewis,South,2022-08-09
225,Sam Young,West,2021-11-19
226,Alice Robinson,East,2021-01-07
227,Peter Lee,East,2021-06-13
228,Karen Anderson,Central,2023-12-07
229,Cindy Anderson,Central,2020-01-21
230,Quinn Lee,North,2021-05-09
231,Xavier Clark,West,2023-02-11
232,Yolanda Wilson,West,2023-08-15
233,Wendy Robinson,West,2020-02-05
234,Carol Thomas,South,2022-04-08
235,Wendy Wilson,East,2023-09-21
236,Sam White,West,2023-02-07
237,Quinn White,West,2023-02-01
238,Karen White,West,2021-07-08
239,James Anderson,South,2020-09-04
240,Xavier Lee,East,2020-09-01
241,Xavier Hall,South,2021-01-27
242,Grace Torres,West,2021-07-20
243,Xavier Allen,Central,2023-05-07
244,James Brown,South,2021-08-29
245,Henry White,South,2021-09-11
246,Alice Scott,Central,2020-09-16
247,Irene Smith,North,2023-02-07
248,James Scott,South,2023-07-30
249,Brian Adams,West,2020-07-29
250,Brian Johnson,Central,2021-08-05
251,Peter Robinson,West,2021-11-28
252,Frank Smith,East,2022-09-05
253,David Williams,West,2022-10-04
254,Carol Allen,North,2020-11-06
255,Eva Nelson,Central,2021-09-14
256,Carol Wilson,North,2023-02-16
257,Yolanda Clark,Central,2023-05-05
258,Zach Young,South,2022-12-06
259,Maria Lewis,West,2021-08-31
260,Brian Allen,West,2021-09-17
261,Sam Young,North,2023-06-02
262,Xavier Brown,South,2023-07-05
263,Grace Anderson,North,2020-11-17
264,Henry Garcia,Central,2020-06-02
265,Frank Johnson,West,2022-07-11
266,Wendy Young,West,2021-08-19
267,Bob Wilson,East,2023-12-18
268,James Scott,West,2020-05-25
269,Victor Wilson,East,2023-07-04
270,Sam Wright,South,2022-05-20
271,David Hall,South,2023-08-19
272,Eva Anderson,South,2020-05-26
273,Bob Garcia,East,2023-05-03
274,Xavier Allen,East,2022-06-18
275,David Lewis,East,2023-12-04
276,Maria Anderson,Central,2023-01-10
277,Peter Lewis,North,2023-05-09
278,Bob Clark,East,2023-05-21
279,Irene Johnson,North,2021-04-13
280,Victor Allen,Central,2020-02-12
281,Yolanda Wright,East,2023-03-26
282,Bob Adams,South,2022-08-21
283,Quinn King,West,2021-07-23
284,Frank Allen,West,2023-07-24
285,Amy Robinson,North,2022-08-20
286,Leo Clark,East,2021-10-19
287,Victor Brown,South,2021-11-06
288,Nathan Scott,West,2021-08-13
289,Victor Harris,Central,2020-03-16
290,Olivia Williams,East,2021-05-31
291,Karen Brown,West,2022-11-19
292,Amy Johnson,Central,2022-08-04
293,Nathan Smith,South,2022-11-27
294,Leo Young,West,2023-07-04
295,Olivia Adams,North,2021-02-20
296,Irene Hall,South,2021-08-12
297,Olivia Scott,West,2020-09-05
298,Alice King,Central,2021-05-05
299,Wendy Garcia,East,2023-02-02
300,Alice Hall,West,2020-07-09
301,Henry Brown,West,2020-08-28
302,Uma Martinez,West,2024-01-07
303,James Walker,East,2022-04-30
304,Amy Robinson,West,2021-05-14
305,Olivia Hall,South,2022-02-24
306,Grace Young,Central,2020-10-06
307,Brian Williams,East,2022-04-29
308,Karen Nelson,Central,2021-07-01
309,Amy Johnson,East,2024-01-26
310,James Allen,Central,2023-09-13
311,Peter Martinez,West,2023-01-08
312,Peter White,East,2023-02-04
313,Yolanda Hall,West,2022-07-21
314,Derek Jackson,South,2023-11-29
315,Henry Allen,West,2021-04-23
316,Brian Adams,West,2020-03-30
317,Karen Torres,West,2023-12-15
318,Derek Nelson,West,2022-03-01
319,Victor Nelson,South,2022-10-11
320,Bob Martinez,Central,2023-04-23
321,Karen Brown,West,2020-07-23
322,Quinn Lewis,North,2024-01-19
323,Eva Clark,South,2020-06-02
324,Peter Nelson,East,2021-11-24
325,Tina Scott,West,2023-08-23
326,Carol Jackson,Central,2022-02-17
327,Karen King,West,2023-01-13
328,Bob Young,North,2021-04-25
329,Uma Wright,East,2021-04-10
330,Xavier Williams,West,2020-07-20
331,Yolanda King,North,2022-06-27
332,Frank Scott,East,2020-02-29
333,Bob Jackson,North,2021-08-23
334,Leo White,West,2020-10-25
335,Henry Walker,West,2023-03-05
336,Victor Nelson,South,2020-12-14
337,Frank Williams,Central,2022-02-22
338,Tina Wright,South,2022-10-16
339,Derek Allen,South,2021-04-20
340,Olivia King,East,2022-07-30
341,Irene Wright,North,2022-08-10
342,Cindy Thomas,Central,2020-11-19
343,Carol Lewis,East,2023-04-18
344,James King,West,2023-11-14
345,Irene Lewis,East,2021-02-11
346,Maria Robinson,North,2021-04-30
347,Maria Allen,East,2023-03-23
348,James Scott,East,2020-02-14
349,Amy Wright,West,2021-07-16
350,Alice Allen,North,2023-05-26
351,Xavier Robinson,East,2021-04-16
352,Tina Nelson,East,2021-03-24
353,Uma Lee,Central,2021-05-28
354,Victor Adams,South,2023-07-10
355,David King,North,2021-09-24
356,Zach Lewis,North,2023-04-01
357,Leo Torres,South,2020-07-03
358,Derek Thomas,East,2022-04-30
359,Frank Lee,South,2023-01-09
360,Cindy White,Central,2022-10-24
361,Derek Anderson,South,2021-06-10
362,Derek Robinson,East,2021-11-24
363,Zach Brown,West,2020-06-03
364,Eva Adams,South,2023-10-17
365,Xavier Wright,West,2023-02-15
366,Leo Williams,West,2020-01-29
367,Irene Hall,North,2022-07-20
368,Leo Wright,East,2023-04-12
369,Maria King,East,2020-08-09
370,Victor Wilson,West,2020-02-21
371,Tina Hall,East,2023-06-03
372,Henry King,North,2023-07-25
373,Amy Lewis,East,2023-08-22
374,Nathan Brown,South,2020-04-02
375,Bob Thomas,West,2020-08-25
376,David Wilson,Central,2020-10-04
377,Maria Lewis,East,2023-10-05
378,Xavier Scott,Central,2022-05-08
379,Sam Torres,South,2022-04-29
380,Uma Brown,West,2023-06-14
381,Nathan Anderson,North,2023-11-14
382,Leo Lee,West,2022-06-29
383,Henry White,North,2023-11-05
384,Leo Hall,East,2020-05-04
385,Maria Anderson,South,2020-09-07
386,Brian Lewis,North,2023-09-19
387,Grace King,Central,2020-02-13
388,Bob Nelson,East,2021-05-13
389,Eva Nelson,Central,2021-02-24
390,Carol Adams,Central,2021-02-28
391,Sam Lee,South,2021-11-03
392,Yolanda Martinez,Central,2020-01-06
393,Irene Martinez,South,2023-01-11
394,Irene Nelson,South,2020-08-13
395,Victor Johnson,South,2020-01-31
396,Leo Nelson,South,2023-04-20
397,Karen Johnson,South,2021-06-27
398,Bob Martinez,West,2022-12-13
399,David Torres,North,2022-09-02
400,Olivia Adams,East,2022-11-17
401,Sam Brown,West,2022-10-28
402,Henry Young,North,2024-01-29
403,Zach Wright,Central,2021-09-09
404,Olivia King,North,2020-05-04
405,Peter Harris,West,2023-11-06
406,David Robinson,West,2020-05-30
407,Cindy Williams,East,2023-05-30
408,Eva Williams,South,2021-07-17
409,Tina King,Central,2023-01-28
410,Wendy Jackson,West,2023-05-08
411,Quinn Thomas,West,2022-11-01
412,Tina Clark,North,2023-12-08
413,David King,Central,2024-01-16
414,Brian Lee,West,2022-07-13
415,Cindy Wilson,West,2021-11-25
416,Amy Lewis,West,2022-05-01
417,Xavier Brown,East,2022-05-24
418,Karen Wright,East,2022-02-05
419,Eva Wright,West,2020-05-17
420,Carol Williams,North,2022-06-03
421,David Torres,East,2020-09-23
422,Rachel Smith,Central,2023-02-24
423,Rachel Jackson,North,2022-04-21
424,Leo Wright,West,2024-01-16
425,Bob Thomas,Central,2021-10-01
426,Leo Brown,Central,2022-11-05
427,Grace Martinez,West,2021-04-04
428,Brian Brown,East,2023-02-13
429,Leo Brown,East,2023-03-21
430,Henry Nelson,West,2023-02-22
431,Yolanda Young,Central,2023-10-14
432,Uma Hall,North,2023-06-01
433,Derek Wright,East,2020-02-29
434,Frank Anderson,East,2021-11-26
435,Leo Johnson,South,2020-10-20
436,Sam Wright,West,2020-05-22
437,Eva Torres,North,2020-07-06
438,Xavier Walker,South,2022-02-09
439,Nathan Lewis,East,2020-11-18
440,Leo Thomas,East,2023-03-08
441,Tina Williams,North,2020-11-14
442,Frank Adams,Central,2020-04-11
443,Victor Williams,East,2022-06-26
444,Victor Clark,West,2023-05-28
445,Olivia Clark,East,2021-03-17
446,Yolanda Walker,North,2021-12-07
447,Nathan Brown,East,2023-10-20
448,Victor Allen,West,2022-12-15
449,Victor Thomas,North,2021-03-27
450,Maria Young,North,2020-01-16
451,Grace Thomas,South,2020-10-08
452,Yolanda Anderson,East,2021-11-02
453,David Johnson,West,2022-05-31
454,Frank Martinez,West,2022-12-26
455,Wendy Wilson,Central,2023-02-18
456,Amy Wright,East,2020-05-27
457,Maria Torres,North,2022-06-12
458,Alice Lewis,North,2021-10-03
459,Sam Clark,Central,2022-04-08
460,Wendy King,West,2021-08-15
461,David Harris,North,2021-10-27
462,Frank Nelson,Central,2022-07-31
463,Amy Scott,East,2020-06-29
464,Nathan Brown,South,2022-06-11
465,Sam Harris,Central,2020-06-10
466,Maria Thomas,East,2021-03-29
467,Karen Adams,South,2020-06-05
468,Quinn King,North,2022-12-22
469,Quinn Lee,East,2021-12-20
470,Xavier King,South,2021-04-28
471,David Martinez,East,2021-02-08
472,Frank Young,South,2023-09-04
473,Carol Garcia,West,2022-08-08
474,Yolanda Allen,Central,2022-07-08
475,Victor Allen,Central,2021-10-23
476,Brian King,East,2020-11-05
477,Olivia Williams,West,2022-06-24
478,Uma Thomas,East,2023-04-26
479,Bob White,Central,2020-05-31
480,James Lewis,West,2020-03-18
481,Bob White,East,2020-06-06
482,Uma Williams,Central,2023-05-01
483,Quinn Harris,West,2023-04-03
484,Rachel Nelson,North,2022-07-10
485,Derek Nelson,Central,2023-08-27
486,Grace Jackson,Central,2022-09-01
487,Quinn Martinez,North,2022-07-11
488,David Nelson,East,2024-01-02
489,Carol Walker,South,2020-03-21
490,Henry Scott,West,2022-06-18
491,Quinn Walker,Central,2020-11-21
492,Leo White,East,2022-03-04
493,Nathan Adams,East,2023-10-22
494,Tina Smith,East,2020-05-14
495,Karen Brown,Central,2023-10-21
496,Maria Thomas,East,2024-01-22
497,Brian Wright,Central,2020-11-03
498,Karen Williams,Central,2023-09-21
499,Eva White,East,2023-09-05
500,Wendy Wright,West,2020-09-21
501,Tina Scott,North,2021-09-26
502,Rachel Harris,East,2020-09-18
503,Victor Scott,Central,2020-07-10
504,Uma Wright,West,2022-11-07
505,Leo Johnson,East,2021-09-24
506,Frank Lee,East,2022-09-22
507,Grace Wilson,South,2020-11-13
508,Carol Thomas,North,2022-11-05
509,Yolanda Hall,Central,2020-03-18
510,Victor Jackson,Central,2020-09-25
511,Tina Harris,South,2020-11-28
512,Frank Scott,Central,2020-12-05
513,Xavier Lewis,North,2022-04-21
514,Leo Wright,South,2022-06-28
515,Tina Thomas,West,2021-04-24
516,Rachel Wilson,East,2022-08-18
517,Cindy Lee,East,2023-10-21
518,Sam Lewis,West,2021-07-31
519,Yolanda Harris,Central,2022-12-16
520,Nathan Garcia,South,2023-05-23
521,Eva Anderson,North,2023-08-06
522,Peter White,Central,2020-07-29
523,Wendy Walker,North,2021-08-06
524,Carol Adams,South,2021-07-12
525,Olivia Walker,South,2022-06-14
526,Carol Wilson,West,2021-12-16
527,Derek Johnson,West,2020-04-19
528,Maria Walker,East,2021-04-27
529,Maria Williams,East,2021-04-04
530,Alice Jackson,North,2024-01-03
531,Uma Jackson,South,2020-10-08
532,Bob Thomas,West,2023-11-26
533,Amy Martinez,West,2022-07-07
534,Tina Johnson,North,2020-02-08
535,Irene Lee,South,2023-01-28
536,Xavier Young,Central,2022-05-16
537,David Adams,East,2021-05-01
538,James Brown,North,2021-05-03
539,Nathan King,Central,2022-07-25
540,Carol Brown,West,2023-05-07
541,Rachel Johnson,Central,2023-03-23
542,Henry Scott,South,2021-08-19
543,Nathan Johnson,Central,2021-12-23
544,Henry Allen,West,2021-01-18
545,Victor Wright,North,2022-12-08
546,Leo Williams,Central,2023-01-19
547,Quinn Nelson,Central,2023-02-08
548,Alice Harris,West,2020-03-30
549,Uma Harris,East,2021-06-03
550,Xavier Johnson,East,2020-05-18
551,Leo Wilson,North,2023-04-06
552,Xavier Adams,East,2020-09-30
553,Bob White,Central,2021-11-24
554,Amy King,South,2023-11-03
555,Olivia Scott,West,2023-07-17
556,Frank Nelson,South,2020-05-09
557,Wendy Adams,West,2020-03-16
558,James Lee,North,2021-02-12
559,Cindy Smith,East,2021-09-27
560,Quinn Harris,Central,2022-08-27
561,Irene Smith,South,2021-08-08
562,Leo Adams,North,2023-09-04
563,Karen Anderson,North,2022-01-23
564,Nathan Harris,West,2022-03-02
565,Karen Garcia,West,2023-11-18
566,Peter White,Central,2021-06-30
567,Zach Williams,West,2020-06-10
568,Nathan Young,South,2023-01-22
569,James Jackson,North,2020-06-12
570,Karen Wright,East,2021-09-19
571,Olivia Young,West,2020-12-07
572,Wendy Lewis,East,2022-07-04
573,Bob Torres,East,2023-06-13
574,Nathan Anderson,North,2020-06-02
575,Victor King,West,2022-01-14
576,Quinn Nelson,South,2020-03-04
577,Eva Young,West,2020-03-12
578,Eva Williams,South,2023-08-14
579,Leo White,West,2023-03-07
580,Bob Young,South,2023-10-22
581,Olivia White,East,2022-06-28
582,Yolanda Williams,Central,2020-10-08
583,Quinn White,West,2021-10-05
584,Uma Anderson,South,2020-08-20
585,Alice Torres,South,2022-10-19
586,Quinn Harris,Central,2020-08-29
587,Irene Adams,East,2023-12-12
588,Olivia Lee,Central,2021-08-07
589,Wendy Robinson,South,2020-09-08
590,Eva Williams,West,2020-12-19
591,Cindy Scott,West,2020-06-28
592,Zach Wright,East,2023-09-29
593,Leo Scott,North,2023-01-31
594,Rachel Thomas,East,2020-11-18
595,Wendy Scott,South,2022-01-10
596,Quinn Wilson,North,2021-02-15
597,Zach Martinez,South,2022-10-08
598,Alice White,Central,2023-03-18
599,Leo Lewis,Central,2020-09-22
600,Tina Williams,North,2021-09-25
601,Maria Scott,West,2022-12-12
602,Nathan Adams,West,2023-03-23
603,Carol Martinez,East,2023-08-08
604,Carol Lewis,West,2023-10-24
605,Quinn White,South,2023-02-03
606,Uma Allen,South,2020-09-21
607,Nathan Walker,North,2020-09-11
608,Quinn Martinez,East,2020-12-03
609,Frank Jackson,South,2021-12-09
610,Quinn Thomas,North,2021-05-28
611,Grace King,Central,2021-07-16
612,Eva King,East,2023-06-12
613,Rachel Williams,Central,2023-08-05
614,Frank Allen,Central,2020-11-11
615,Frank Wright,Central,2024-01-15
616,Cindy Young,East,2023-02-28
617,Bob Johnson,North,2020-04-03
618,Uma Adams,Central,2021-06-26
619,Uma Lee,Central,2022-05-03
620,Tina King,North,2022-10-16
621,Cindy King,Central,2021-08-16
622,Uma Thomas,West,2021-05-16
623,Zach Nelson,West,2021-09-01
624,Olivia Williams,North,2020-11-19
625,Olivia Clark,West,2022-08-09
626,Grace Jackson,Central,2020-10-21
627,Karen Scott,East,2021-12-08
628,Maria Martinez,East,2022-11-20
629,Rachel Brown,East,2021-05-10
630,Olivia Brown,East,2022-07-09
631,Henry Martinez,North,2020-04-13
632,James Harris,Central,2022-05-06
633,Henry Garcia,East,2023-03-29
634,Xavier Jackson,South,2020-11-22
635,Peter Walker,West,2022-10-18
636,Cindy Thomas,West,2020-02-17
637,Carol Harris,Central,2022-07-25
638,Henry Lee,Central,2021-12-23
639,Bob Smith,East,2022-10-10
640,Tina King,West,2021-08-08
641,Rachel Johnson,North,2022-06-01
642,Eva Anderson,East,2022-04-05
643,Leo Smith,West,2020-04-14
644,Sam Hall,South,2022-01-12
645,Rachel Thomas,North,2022-03-02
646,Quinn Lewis,Central,2021-07-26
647,Amy Young,Central,2020-08-31
648,Eva Brown,West,2022-02-03
649,Zach Jackson,Central,2022-01-18
650,Yolanda Martinez,South,2023-05-18
651,Quinn Harris,Central,2020-03-23
652,Bob Smith,South,2024-01-01
653,Karen Nelson,West,2022-11-29
654,Olivia Martinez,Central,2022-11-21
655,Eva Jackson,Central,2021-10-14
656,Frank Harris,Central,2021-09-04
657,Sam Jackson,Central,2022-11-09
658,Rachel Robinson,Central,2021-09-05
659,Peter Johnson,East,2021-11-09
660,Victor Brown,West,2023-04-10
661,James Nelson,North,2023-05-07
662,Peter Anderson,Central,2023-03-28
663,Henry Torres,North,2023-04-10
664,Peter Garcia,Central,2023-07-12
665,Xavier Young,West,2020-10-29
666,Amy Wright,South,2020-03-05
667,Sam Scott,North,2021-01-25
668,Alice Lewis,East,2022-05-07
669,Eva Clark,South,2022-04-20
670,Quinn Adams,Central,2022-08-23
671,Brian Torres,North,2023-12-16
672,Eva Walker,South,2023-02-22
673,Karen Wright,West,2022-12-12
674,Maria Jackson,South,2022-07-30
675,Derek Hall,East,2023-01-23
676,Leo Wright,East,2023-06-03
677,Peter Lee,South,2021-07-25
678,Rachel Thomas,South,2021-09-01
679,Yolanda Thomas,South,2023-11-14
680,Wendy Robinson,East,2022-09-09
681,Leo Hall,East,2021-08-12
682,David Allen,Central,2022-02-16
683,Cindy Harris,East,2020-10-26
684,James Smith,East,2024-01-02
685,Carol White,West,2023-09-05
686,Irene Torres,West,2021-03-14
687,Grace Hall,East,2023-02-25
688,Wendy Anderson,South,2020-08-11
689,Tina Torres,Central,2021-05-05
690,Henry Smith,Central,2021-04-07
691,Uma Wilson,North,2020-07-24
692,Nathan Jackson,West,2020-07-24
693,Victor Adams,South,2020-01-11
694,Rachel Garcia,West,2023-08-30
695,Derek Robinson,West,2023-08-25
696,Grace Adams,East,2021-10-19
697,James King,North,2020-07-02
698,Uma Allen,South,2022-12-31
699,Xavier Torres,North,2020-12-24
700,Nathan Garcia,North,2022-03-24
701,Zach Robinson,South,2021-08-15
702,Cindy Smith,North,2021-09-03
703,Sam Young,North,2021-11-17
704,James Lewis,Central,2022-12-09
705,Peter Martinez,Central,2022-08-16
706,Irene Lee,North,2021-11-08
707,Frank Torres,West,2023-08-20
708,Irene Scott,South,2020-01-29
709,Xavier Jackson,East,2023-03-08
710,Victor Adams,South,2020-12-25
711,Tina King,West,2022-05-25
712,Quinn Jackson,North,2022-03-31
713,Victor Brown,South,2020-10-14
714,Peter Jackson,South,2020-01-14
715,Irene Harris,South,2022-07-03
716,Yolanda Anderson,East,2021-09-10
717,Sam Torres,Central,2020-01-24
718,Irene King,East,2023-11-19
719,Henry Smith,North,2022-08-11
720,James Garcia,West,2023-11-06
721,Quinn Scott,East,2023-11-14
722,David King,East,2022-01-22
723,Tina Wilson,South,2020-09-30
724,Peter Martinez,West,2023-05-25
725,Leo Clark,Central,2022-08-22
726,Yolanda Hall,South,2021-05-21
727,Victor Adams,Central,2020-06-16
728,Quinn Lewis,Central,2023-12-12
729,Leo Williams,Central,2020-08-17
730,Bob Hall,Central,2021-02-18
731,Sam Hall,South,2020-12-02
732,Karen Walker,West,2020-08-26
733,Victor Lee,Central,2022-09-28
734,Carol Walker,West,2020-04-23
735,Olivia Martinez,Central,2022-04-30
736,Olivia Allen,North,2023-02-18
737,Olivia Wright,East,2024-01-21
738,Alice Harris,East,2020-01-07
739,Xavier Lee,Central,2020-05-29
740,Bob Clark,East,2023-12-05
741,Carol Hall,North,2020-05-21
742,Derek Robinson,North,2021-08-10
743,Nathan Garcia,South,2023-08-06
744,Xavier King,West,2022-02-05
745,Cindy Harris,West,2022-02-12
746,Maria Williams,Central,2020-09-29
747,Uma White,North,2020-12-31
748,Rachel Harris,Central,2020-09-17
749,Xavier Wilson,North,2020-02-16
750,James Lewis,Central,2022-05-18
751,Rachel Harris,South,2021-05-21
752,Olivia White,South,2021-07-18
753,Grace Torres,North,2020-03-06
754,Zach Wright,West,2023-06-13
755,Yolanda Johnson,South,2021-02-26
756,Carol Brown,Central,2020-03-09
757,Olivia Young,North,2021-05-16
758,Xavier Smith,West,2022-06-17
759,Henry Hall,South,2020-04-25
760,Eva Walker,East,2021-04-24
761,Amy Torres,Central,2021-10-15
762,Sam Young,East,2021-04-30
763,James Martinez,Central,2021-03-28
764,Nathan Thomas,East,2020-05-04
765,Rachel Allen,South,2023-07-06
766,Victor Clark,Central,2022-10-12
767,Bob White,West,2022-12-10
768,Karen Scott,West,2022-04-16
769,Eva Thomas,West,2021-01-11
770,Yolanda Hall,West,2021-05-08
771,Brian Wilson,East,2023-12-20
772,Eva Nelson,West,2020-04-28
773,Rachel Clark,West,2023-02-15
774,Quinn Martinez,West,2021-05-12
775,Irene Lee,East,2023-08-17
776,Carol Lewis,East,2020-07-08
777,Rachel Torres,South,2020-04-15
778,Irene Harris,Central,2023-05-19
779,Bob Williams,South,2023-04-18
780,Xavier Wright,Central,2021-03-20
781,Peter Lee,East,2021-09-12
782,Derek Johnson,South,2021-01-24
783,Xavier Brown,West,2021-05-11
784,Wendy Young,South,2022-03-23
785,Derek Wilson,Central,2021-10-20
786,Yolanda Thomas,West,2022-08-12
787,Rachel King,East,2021-09-23
788,Irene White,Central,2022-10-15
789,Olivia Brown,West,2021-10-17
790,Derek Lee,East,2021-10-02
791,Nathan Smith,Central,2021-03-29
792,Xavier Martinez,North,2021-06-18
793,Rachel Allen,Central,2024-01-14
794,Nathan Thomas,South,2021-02-05
795,Karen Wilson,West,2023-03-12
796,Amy Wilson,West,2023-02-01
797,Uma Wright,East,2021-06-11
798,Yolanda Robinson,West,2022-08-01
799,Frank Torres,East,2020-12-12
800,Eva Torres,Central,2022-09-27
801,Frank Hall,North,2022-12-09
802,Bob Williams,North,2020-01-14
803,Nathan Martinez,South,2020-05-19
804,Wendy Martinez,North,2021-03-23
805,Quinn Lewis,East,2020-05-03
806,Tina King,Central,2022-09-16
807,Victor Robinson,North,2020-01-14
808,Rachel Hall,West,2020-01-25
809,Alice Walker,East,2023-01-02
810,James Johnson,Central,2023-11-30
811,Victor Clark,South,2020-08-07
812,Derek Brown,Central,2020-10-31
813,Henry Lee,Central,2022-12-14
814,Irene White,East,2022-03-23
815,Carol White,West,2022-07-29
816,Sam Wilson,South,2021-09-06
817,Victor Williams,North,2020-07-10
818,Maria Harris,West,2023-02-05
819,Peter Smith,North,2023-12-10
820,Frank Williams,West,2022-06-07
821,Uma Nelson,East,2023-03-04
822,Brian Brown,Central,2020-03-28
823,Henry Lee,Central,2022-08-31
824,Irene Smith,North,2023-11-02
825,Derek Anderson,Central,2023-02-28
826,Victor Smith,South,2021-10-06
827,Alice Lee,Central,2020-10-22
828,Yolanda Scott,West,2020-06-06
829,James Garcia,Central,2021-05-07
830,Sam Harris,Central,2021-11-10
831,Maria Adams,South,2023-11-12
832,Xavier Williams,Central,2021-12-09
833,Bob Brown,West,2021-04-20
834,Amy Williams,East,2023-05-24
835,Yolanda Young,Central,2022-03-23
836,Yolanda Jackson,North,2023-07-22
837,Irene Nelson,West,2022-10-01
838,Henry White,Central,2022-02-07
839,Nathan Garcia,Central,2023-09-15
840,Maria Williams,Central,2021-08-27
841,Zach Wilson,North,2020-06-17
842,Irene Martinez,West,2023-12-28
843,Zach King,South,2022-03-08
844,Karen White,North,2020-07-06
845,Alice Thomas,West,2022-01-07
846,Yolanda Anderson,North,2020-09-28
847,Carol Garcia,West,2022-07-08
848,Rachel Hall,Central,2022-04-15
849,David Johnson,North,2021-12-25
850,Rachel Williams,Central,2023-05-09
851,Zach Jackson,West,2020-01-26
852,James Clark,West,2020-06-22
853,Xavier Hall,South,2023-03-17
854,Quinn Garcia,West,2020-12-13
855,Eva Anderson,East,2021-07-03
856,Peter Martinez,North,2020-12-08
857,Nathan Anderson,West,2021-09-05
858,Peter Nelson,North,2022-01-09
859,Irene Wilson,West,2023-05-01
860,Tina Lee,West,2020-08-07
861,Eva Thomas,North,2022-03-21
862,Karen Young,West,2021-11-05
863,Olivia Jackson,West,2023-08-26
864,Tina Martinez,East,2021-10-18
865,Tina Scott,South,2022-09-08
866,Karen Garcia,West,2021-10-15
867,James Torres,West,2023-03-25
868,Zach Wilson,East,2022-02-09
869,Irene Nelson,West,2022-01-17
870,David Allen,South,2023-04-27
871,Rachel Garcia,Central,2020-02-25
872,Xavier Lewis,South,2022-06-16
873,Zach Thomas,North,2022-04-17
874,Victor Robinson,South,2023-07-21
875,James Wilson,East,2023-09-10
876,Eva Scott,West,2022-02-11
877,Carol Lewis,Central,2022-09-08
878,Sam Harris,Central,2022-11-03
879,Derek Scott,West,2023-01-18
880,Bob Nelson,East,2023-12-07
881,Cindy Nelson,Central,2023-05-01
882,Uma Williams,North,2021-05-23
883,Victor Wright,East,2020-12-06
884,Uma Young,North,2023-02-27
885,Uma Wright,West,2021-11-10
886,Zach Clark,North,2020-01-22
887,David Anderson,South,2022-11-11
888,Xavier Walker,Central,2023-04-03
889,Wendy Allen,South,2022-07-01
890,Leo Harris,West,2023-10-23
891,Sam Scott,Central,2020-11-04
892,Leo Johnson,West,2020-08-02
893,James Clark,North,2020-08-25
894,Amy Torres,South,2021-12-14
895,James Jackson,West,2021-02-27
896,Quinn Robinson,East,2022-09-02
897,David Lewis,West,2021-10-15
898,Carol Thomas,North,2023-12-26
899,David Johnson,East,2023-08-20
900,David Wright,South,2021-05-14
901,Quinn Garcia,Central,2020-11-23
902,Karen Hall,West,2022-08-04
903,Henry Nelson,West,2023-07-13
904,Frank Garcia,West,2022-03-21
905,Alice Torres,Central,2021-02-08
906,Olivia Allen,West,2022-03-07
907,Alice Scott,South,2021-02-25
908,Irene Adams,North,2023-03-28
909,David Nelson,Central,2021-01-17
910,Leo Jackson,South,2022-07-26
911,David Anderson,West,2022-12-16
912,Uma Jackson,Central,2022-03-06
913,Tina Harris,Central,2020-08-21
914,Leo White,West,2023-06-18
915,Frank Wright,East,2023-06-12
916,Sam Williams,South,2021-10-03
917,David Wilson,East,2020-08-27
918,Frank White,South,2022-11-12
919,Maria Clark,Central,2020-10-09
920,Sam Harris,West,2021-01-15
921,Peter King,Central,2023-11-21
922,Derek King,South,2023-02-10
923,Frank Robinson,East,2020-10-14
924,Frank Jackson,West,2023-06-22
925,Bob White,North,2022-09-19
926,Eva Lee,West,2023-02-24
927,Quinn King,West,2022-04-17
928,Victor Robinson,West,2023-12-25
929,Amy Lewis,West,2020-12-08
930,Carol Allen,North,2021-03-27
931,James Smith,East,2021-04-05
932,Rachel Thomas,South,2022-07-25
933,Sam Torres,West,2023-01-30
934,Quinn Brown,Central,2020-08-21
935,Irene Adams,Central,2022-01-21
936,Rachel Adams,North,2024-01-12
937,Olivia Hall,South,2022-05-20
938,David Torres,South,2021-09-01
939,Brian Smith,West,2021-06-22
940,Leo Williams,West,2020-08-28
941,Yolanda Nelson,South,2021-03-05
942,Zach Torres,Central,2023-11-12
943,Leo Scott,Central,2023-07-19
944,Nathan Garcia,Central,2020-10-12
945,Zach Lee,South,2020-05-01
946,Sam White,Central,2021-07-29
947,Tina Hall,South,2021-10-24
948,Wendy Thomas,East,2023-03-18
949,Irene Walker,North,2020-10-04
950,Yolanda Nelson,West,2020-05-01
951,Irene King,South,2023-12-07
952,Brian Martinez,South,2020-10-26
953,Wendy Jackson,South,2023-10-16
954,Maria Robinson,South,2023-03-28
955,Uma Anderson,West,2022-02-07
956,Olivia Williams,North,2022-04-05
957,Quinn Torres,East,2023-11-23
958,Derek White,West,2022-09-26
959,Karen Allen,North,2024-02-09
960,Carol Torres,West,2023-07-24
961,Victor Scott,East,2020-05-09
962,Zach Hall,West,2021-03-22
963,Nathan Lee,West,2021-07-03
964,Karen Thomas,East,2023-01-25
965,Sam Martinez,Central,2022-09-20
966,Zach Jackson,North,2020-04-04
967,David King,West,2020-02-03
968,David Garcia,West,2022-07-23
969,Alice Clark,South,2023-11-11
970,Derek Martinez,East,2020-11-21
971,Brian Anderson,North,2023-09-02
972,Leo Anderson,North,2022-01-31
973,Victor King,South,2020-04-16
974,Maria King,East,2024-01-26
975,Wendy Adams,South,2022-05-29
976,Uma Williams,North,2020-01-03
977,Grace Robinson,North,2020-09-28
978,Sam Wilson,Central,2023-10-24
979,Olivia Johnson,North,2023-11-25
980,Karen Brown,West,2023-11-22
981,Eva Robinson,North,2021-04-13
982,Maria Williams,North,2020-07-30
983,Karen White,East,2020-10-07
984,Maria Adams,South,2023-08-06
985,Victor Martinez,North,2022-12-22
986,Sam Johnson,Central,2023-08-24
987,Frank Lewis,East,2024-01-19
988,Grace King,South,2022-04-23
989,Tina Wright,West,2021-03-20
990,Carol Brown,South,2020-09-09
991,Sam Torres,West,2021-12-20
992,Nathan Jackson,South,2021-05-22
993,Irene King,North,2021-05-23
994,Rachel Young,Central,2024-01-16
995,Tina Thomas,North,2023-09-10
996,Cindy Thomas,South,2022-11-26
997,Tina Walker,South,2022-03-13
998,James King,North,2021-05-05
999,Peter Harris,North,2021-05-08
1000,Peter King,Central,2020-05-25
