contact_id,display_name,email,phone,department,city
P133,Glen Green,glen132@corp.net,555-9548,Legal,Seattle
P108,Michael Taylor,michael107@acme.com,555-3267,HR,Austin
P055,Emma Miller,emma54@acme.com,555-8811,Finance,San Francisco
P105,Emma Miller,emma104@biz.org,555-5050,Legal,Seattle
P034,Hana Adams,hana33@corp.net,555-5342,Finance,Austin
P002,Robert Jones,,555-3286,Legal,Seattle
P060,Elizabeth Thomas,elizabeth59@biz.org,555-7484,HR,Austin
P056,James Wilson,james55@acme.com,555-9320,Engineering,New York
P128,Beth King,beth127@corp.net,555-2245,Finance,New York
P086,Jane Gonzalez,jane85@acme.com,555-7311,Finance,Chicago
P127,Andy Hernandez,andy126@acme.com,555-6111,Finance,Austin
P001,Alice Smith,alice0@acme.com,555-1409,Legal,San Francisco
P051,Alice Smith,alice50@enterprise.io,555-1960,HR,New York
P095,Todd Parker,todd94@enterprise.io,555-3780,Legal,Chicago
P068,Thomas Robinson,thomas67@biz.org,555-4335,Legal,Seattle
P092,Petra Turner,petra91@biz.org,555-7653,Finance,Chicago
P015,Olivia Thompson,olivia14@corp.net,555-9751,Legal,San Francisco
P005,Emma Miller,emma4@corp.net,555-9928,Operations,Austin
P044,Sasha Campbell,sasha43@enterprise.io,555-7735,Operations,New York
P096,Ula Evans,ula95@biz.org,555-2530,HR,San Francisco
P141,Owen Roberts,owen140@corp.net,555-8800,Legal,Austin
P146,Ula Evans,ula145@biz.org,555-5118,HR,San Francisco
P046,Ula Evans,ula45@corp.net,555-4139,HR,Austin
P135,Igor Baker,igor134@biz.org,555-5022,Engineering,Austin
P066,Richard Garcia,richard65@acme.com,555-3200,Sales,New York
P083,Glen Green,glen82@enterprise.io,555-9785,Sales,New York
P132,Faye Scott,faye131@biz.org,555-8532,Legal,Austin
P111,Karen Jackson,karen110@corp.net,555-7883,Operations,New York
P041,Owen Roberts,owen40@enterprise.io,555-4510,Finance,Seattle
P026,Zach Young,zach25@biz.org,555-6573,Engineering,Austin
P149,Xin Stewart,xin148@biz.org,555-2647,HR,San Francisco
P042,Petra Turner,petra41@enterprise.io,555-4981,Operations,San Francisco
P117,Quinn Martinez,quinn116@acme.com,555-7455,Finance,New York
P025,Yara Allen,yara24@biz.org,555-1188,Legal,Seattle
P053,Carol Brown,carol52@enterprise.io,555-3536,HR,San Francisco
P087,Kurt Nelson,kurt86@acme.com,555-8144,Engineering,Seattle
P124,Xavier Hall,xavier123@corp.net,555-4908,HR,New York
P148,Walt Collins,walt147@corp.net,555-4545,Legal,Chicago
P061,Karen Jackson,karen60@biz.org,555-2188,Engineering,Seattle
P037,Kurt Nelson,kurt36@acme.com,555-5061,HR,Chicago
P125,Yara Allen,yara124@corp.net,555-8619,Legal,Chicago
P013,Maria Harris,maria12@enterprise.io,555-5554,Operations,San Francisco
P003,Carol Brown,carol2@acme.com,555-7912,Engineering,New York
P099,Xin Stewart,xin98@corp.net,555-7291,Operations,San Francisco
P070,Jennifer Rodriguez,jennifer69@biz.org,555-1722,Engineering,San Francisco
P106,James Wilson,james105@enterprise.io,555-4919,Sales,New York
P045,Todd Parker,todd44@acme.com,555-7596,Legal,New York
P109,Iris Anderson,iris108@corp.net,555-4505,Engineering,Austin
P064,Alexander Martin,alexander63@biz.org,555-5669,HR,Seattle
P022,Victor Lee,victor21@corp.net,555-3266,Finance,New York
P036,Jane Gonzalez,jane35@enterprise.io,555-7118,Operations,Austin
P023,Katherine Walker,katherine22@acme.com,555-2796,HR,Austin
P101,Alice Smith,alice100@corp.net,555-9486,Operations,Seattle
P115,Olivia Thompson,olivia114@enterprise.io,555-1475,Operations,Austin
FAKE002,John Smith,john.smith.sf@corp.net,555-0002,Sales,San Francisco
P084,Hana Adams,hana83@biz.org,555-3925,Finance,New York
P069,Sarah Clark,sarah68@enterprise.io,555-5114,Engineering,Austin
P129,Craig Wright,craig128@biz.org,555-2983,Finance,Chicago
P094,Sasha Campbell,sasha93@biz.org,555-8618,Operations,San Francisco
P059,Iris Anderson,iris58@biz.org,555-5272,HR,San Francisco
P137,Kurt Nelson,kurt136@biz.org,555-1470,Operations,San Francisco
FAKE001,John Smith,john.smith.nyc@acme.com,555-0001,Engineering,New York
P110,Elizabeth Thomas,elizabeth109@biz.org,555-9890,Operations,New York
P145,Todd Parker,todd144@biz.org,555-6764,Legal,Chicago
P116,Richard Garcia,richard115@corp.net,555-8657,HR,Seattle
P063,Maria Harris,maria62@biz.org,555-3170,Sales,San Francisco
P006,James Wilson,james5@biz.org,555-1106,HR,Chicago
P144,Sasha Campbell,sasha143@enterprise.io,555-9698,Sales,Seattle
P085,Igor Baker,igor84@acme.com,555-8119,Sales,Austin
P119,Sarah Clark,sarah118@acme.com,555-5262,Operations,San Francisco
P112,Christopher White,christopher111@enterprise.io,555-8814,Engineering,Chicago
P107,Grace Moore,grace106@biz.org,555-4841,Sales,Chicago
P035,Igor Baker,igor34@corp.net,555-9835,Legal,Chicago
P052,Robert Jones,robert51@enterprise.io,555-5345,Operations,Austin
P050,Yale Sanchez,yale49@corp.net,555-7658,Operations,San Francisco
P062,Christopher White,christopher61@acme.com,555-2200,Finance,Seattle
P031,Evan Hill,evan30@biz.org,555-6038,HR,San Francisco
P131,Evan Hill,evan130@acme.com,555-7882,Operations,Austin
P114,Alexander Martin,alexander113@corp.net,555-8999,HR,Austin
P019,Sarah Clark,sarah18@biz.org,555-4483,Legal,Austin
P091,Owen Roberts,owen90@corp.net,555-4143,Operations,San Francisco
P090,Nina Perez,nina89@biz.org,555-7691,Sales,Chicago
P139,Marc Mitchell,marc138@biz.org,555-5526,Finance,Seattle
P021,Uma Lewis,uma20@biz.org,555-8019,Finance,Chicago
P134,Hana Adams,hana133@enterprise.io,555-8616,Operations,Chicago
P089,Marc Mitchell,marc88@biz.org,555-3041,Legal,Seattle
P130,Dana Lopez,dana129@enterprise.io,555-7071,Engineering,Chicago
P018,Thomas Robinson,thomas17@enterprise.io,555-5386,Engineering,Seattle
P082,Faye Scott,faye81@biz.org,555-5564,Engineering,Chicago
P043,Rex Phillips,rex42@acme.com,555-2588,Legal,Chicago
P028,Beth King,beth27@corp.net,555-9317,Engineering,Seattle
P009,Iris Anderson,iris8@biz.org,555-1711,Legal,Seattle
P097,Vera Edwards,vera96@corp.net,555-3414,Engineering,San Francisco
P038,Lily Carter,lily37@acme.com,555-4770,Finance,New York
P047,Vera Edwards,vera46@corp.net,555-7912,HR,Austin
P120,Jennifer Rodriguez,jennifer119@enterprise.io,555-6355,Sales,Chicago
P008,Michael Taylor,michael7@acme.com,555-7224,Engineering,Chicago
P040,Nina Perez,nina39@biz.org,555-2160,Finance,Chicago
P079,Craig Wright,craig78@corp.net,555-2771,Operations,Austin
P076,Zach Young,zach75@biz.org,555-7658,Finance,San Francisco
P093,Rex Phillips,rex92@biz.org,555-4443,Operations,Seattle
P024,Xavier Hall,xavier23@acme.com,555-7304,Operations,Austin
