person_id,name,email_address,phone_number,team
P029,Craig Wright,craig28@corp.net,555-3504,Sales
P046,U. Evans,ula45@corp.net,555-4139,HR
P080,Dana Lopez,dana79@corp.net,555-4269,Operations
P115,O. Thompson,olivia114@enterprise.io,555-1475,Operations
P112,C. White,christopher111@enterprise.io,555-8814,Engineering
P034,Hana Adams,hana33@corp.net,555-5342,Finance
P107,Grace Moore,grace106@biz.org,555-4841,Sales
P101,Alice Smith,alice100@corp.net,555-9486,Operations
P096,U. Evans,ula95@biz.org,555-2530,HR
P006,Jim Wilson,james5@biz.org,555-1106,HR
P062,Chris White,christopher61@acme.com,555-2200,Finance
P066,Richard Garcia,richard65@acme.com,555-3200,Sales
P044,S. Campbell,sasha43@enterprise.io,555-7735,Operations
P124,X. Hall,xavier123@corp.net,555-4908,HR
P063,M. Harris,maria62@biz.org,555-3170,Sales
P091,O. Roberts,owen90@corp.net,555-4143,Operations
P023,Katherine Walker,katherine22@acme.com,555-2796,HR
P106,J. Wilson,james105@enterprise.io,555-4919,Sales
P105,E. Miller,emma104@biz.org,555-5050,Legal
P052,Robert Jones,robert51@enterprise.io,555-5345,Operations
P095,Todd Parker,todd94@enterprise.io,555-3780,Legal
P100,Yale Sanchez,yale99@corp.net,555-1090,Engineering
P045,T. Parker,todd44@acme.com,555-7596,Legal
P057,Grace Moore,grace56@acme.com,555-4853,Operations
P127,Andy Hernandez,andy126@acme.com,555-6111,Finance
P049,Xin Stewart,xin48@acme.com,555-9856,Engineering
P084,H. Adams,hana83@biz.org,555-3925,Finance
P024,X. Hall,xavier23@acme.com,555-7304,Operations
P058,Michael Taylor,michael57@corp.net,555-1651,Finance
P092,P. Turner,petra91@biz.org,555-7653,Finance
P118,Thomas Robinson,thomas117@acme.com,555-8022,HR
P116,R. Garcia,richard115@corp.net,555-8657,HR
P132,F. Scott,faye131@biz.org,555-8532,Legal
P144,S. Campbell,sasha143@enterprise.io,555-9698,Sales
P149,Xin Stewart,xin148@biz.org,555-2647,HR
P041,O. Roberts,,555 4510,Finance
P146,Ula Evans,ula145@biz.org,555-5118,HR
P019,Sarah Clark,sarah18@biz.org,555-4483,Legal
P148,W. Collins,walt147@corp.net,555-4545,Legal
P111,Karen Jackson,karen110@corp.net,555-7883,Operations
P031,Evan Hill,evan30@biz.org,555-6038,HR
P047,V. Edwards,vera46@corp.net,555-7912,HR
P002,Bob Jones,robert1@corp.net,555-3286,Legal
P043,R. Phillips,rex42@acme.com,555-2588,Legal
P022,V. Lee,victor21@corp.net,555-3266,Finance
P040,Nina Perez,nina39@biz.org,555-2160,Finance
P117,Quinn Martinez,quinn116@acme.com,555-7455,Finance
P003,C. Brown,carol2@acme.com,555-7912,Engineering
P076,Zach Young,zach75@biz.org,555-7658,Finance
P145,T. Parker,todd144@biz.org,555-6764,Legal
P135,Igor Baker,igor134@biz.org,555-5022,Engineering
P133,G. Green,glen132@corp.net,555-9548,Legal
P134,H. Adams,hana133@enterprise.io,555-8616,Operations
P090,N. Perez,nina89@biz.org,555-7691,Sales
P079,Craig Wright,craig78@corp.net,555-2771,Operations
P067,Quinn Martinez,quinn66@corp.net,555-5462,Sales
P108,Michael Taylor,michael107@acme.com,555-3267,HR
P028,Beth King,beth27@corp.net,555-9317,Engineering
P085,Igor Baker,igor84@acme.com,555-8119,Sales
P055,Emma Miller,emma54@acme.com,555-8811,Finance
P021,Uma Lewis,uma20@biz.org,555-8019,Finance
P109,I. Anderson,iris108@corp.net,555-4505,Engineering
P102,Robert Jones,robert101@corp.net,555-2988,Operations
P119,Sarah Clark,sarah118@acme.com,555-5262,Operations
P056,J. Wilson,james55@acme.com,555-9320,Engineering
P083,Glen Green,glen82@enterprise.io,555-9785,Sales
P008,Michael Taylor,michael7@acme.com,555-7224,Engineering
P068,Thomas Robinson,thomas67@biz.org,555-4335,Legal
P130,D. Lopez,dana129@enterprise.io,555-7071,Engineering
P013,Maria Harris,maria12@enterprise.io,555-5554,Operations
P137,K. Nelson,kurt136@biz.org,555-1470,Operations
P050,Y. Sanchez,yale49@corp.net,555-7658,Operations
P125,Yara Allen,yara124@corp.net,555-8619,Legal
P077,Andy Hernandez,andy76@corp.net,555-3900,Operations
P093,R. Phillips,rex92@biz.org,555-4443,Operations
P086,Jane Gonzalez,jane85@acme.com,555-7311,Finance
P025,Y. Allen,yara24@biz.org,555-1188,Legal
P036,J. Gonzalez,jane35@enterprise.io,555-7118,Operations
P120,J. Rodriguez,jennifer119@enterprise.io,555-6355,Sales
P009,I. Anderson,iris8@biz.org,555-1711,Legal
FAKE002,John Smith,john.smith.sf@corp.net,555-0002,Sales
