email,name,phone,department,city,title,_sources,_record_ids
hana133@enterprise.io,"Adams, Hana",5558616,Operations,Chicago,Coordinator,"crm,email_contacts,hr",P134
hana83@biz.org,"Adams, Hana",5553925,Finance,New York,Analyst,"crm,email_contacts,hr",P084
alexander113@corp.net,Alexander Martin,5558999,HR,Austin,Analyst,"crm,hr",P114
alexander63@biz.org,Alexander Martin,5555669,HR,Seattle,Director,"crm,hr",P064
alice0@acme.com,Alice Smith,5551409,Legal,San Francisco,Analyst,"crm,hr",P001
alice100@corp.net,Alice Smith,5559486,Operations,Seattle,Engineer,"crm,email_contacts,hr",P101
alice50@enterprise.io,Alice Smith,5551960,HR,New York,Director,"crm,hr",P051
yara24@biz.org,"Allen, Yara",5551188,Legal,Seattle,Engineer,"crm,email_contacts,hr",P025
iris108@corp.net,"Anderson, Iris",5554505,Engineering,Austin,Director,"crm,email_contacts,hr",P109
iris8@biz.org,"Anderson, Iris",5551711,Legal,Seattle,Director,"crm,email_contacts,hr",P009
andy126@acme.com,Andy Hernandez,5556111,Finance,Austin,,"crm,email_contacts",P127
andy76@corp.net,Andy Hernandez,5553900,Operations,,Engineer,"email_contacts,hr",P077
beth127@corp.net,Beth King,5552245,Finance,New York,Manager,"crm,hr",P128
beth27@corp.net,Beth King,5559317,Engineering,Seattle,,"crm,email_contacts",P028
beth77@biz.org,Beth King,5557745,Legal,,Manager,hr,P078
carol2@acme.com,"Brown, Carol",5557912,Engineering,New York,Engineer,"crm,email_contacts,hr",P003
sasha143@enterprise.io,"Campbell, Sasha",5559698,Sales,Seattle,Director,"crm,email_contacts,hr",P144
sasha43@enterprise.io,"Campbell, Sasha",5557735,Operations,New York,Engineer,"crm,email_contacts,hr",P044
carol102@biz.org,Carol Brown,5558251,Finance,,Coordinator,hr,P103
carol52@enterprise.io,Carol Brown,5553536,HR,San Francisco,Analyst,"crm,hr",P053
christopher61@acme.com,Christopher White,5552200,Finance,Seattle,Manager,"crm,email_contacts,hr",P062
walt147@corp.net,"Collins, Walt",5554545,Legal,Chicago,Director,"crm,email_contacts,hr",P148
craig128@biz.org,Craig Wright,5552983,Finance,Chicago,Engineer,"crm,hr",P129
craig28@corp.net,Craig Wright,5553504,Sales,,Manager,"email_contacts,hr",P029
craig78@corp.net,Craig Wright,5552771,Operations,Austin,,"crm,email_contacts",P079
dana29@acme.com,Dana Lopez,5556310,Operations,,Engineer,hr,P030
dana79@corp.net,Dana Lopez,5554269,Operations,,Analyst,"email_contacts,hr",P080
vera46@corp.net,"Edwards, Vera",5557912,HR,Austin,Analyst,"crm,email_contacts,hr",P047
elizabeth109@biz.org,Elizabeth Thomas,5559890,Operations,New York,Director,"crm,hr",P110
elizabeth59@biz.org,Elizabeth Thomas,5557484,HR,Austin,Analyst,"crm,hr",P060
elizabeth9@acme.com,Elizabeth Thomas,5557201,Engineering,,Coordinator,hr,P010
emma4@corp.net,Emma Miller,5559928,Operations,Austin,Manager,"crm,hr",P005
emma54@acme.com,Emma Miller,5558811,Finance,San Francisco,,"crm,email_contacts",P055
evan130@acme.com,Evan Hill,5557882,Operations,Austin,Engineer,"crm,hr",P131
evan30@biz.org,Evan Hill,5556038,HR,San Francisco,,"crm,email_contacts",P031
evan80@corp.net,Evan Hill,5554652,Engineering,,Manager,hr,P081
ula45@corp.net,"Evans, Ula",5554139,HR,Austin,Coordinator,"crm,email_contacts,hr",P046
ula95@biz.org,"Evans, Ula",5552530,HR,San Francisco,Analyst,"crm,email_contacts,hr",P096
faye31@acme.com,Faye Scott,5552403,Legal,,Director,hr,P032
faye81@biz.org,Faye Scott,5555564,Engineering,Chicago,Analyst,"crm,hr",P082
glen82@enterprise.io,Glen Green,5559785,Sales,New York,Engineer,"crm,email_contacts,hr",P083
jane35@enterprise.io,"Gonzalez, Jane",5557118,Operations,Austin,Coordinator,"crm,email_contacts,hr",P036
grace106@biz.org,Grace Moore,5554841,Sales,Chicago,Analyst,"crm,email_contacts,hr",P107
grace56@acme.com,Grace Moore,5554853,Operations,,Engineer,"email_contacts,hr",P057
grace6@biz.org,Grace Moore,5553547,HR,,Analyst,hr,P007
glen132@corp.net,"Green, Glen",5559548,Legal,Seattle,Analyst,"crm,email_contacts,hr",P133
xavier123@corp.net,"Hall, Xavier",5554908,HR,New York,Director,"crm,email_contacts,hr",P124
xavier23@acme.com,"Hall, Xavier",5557304,Operations,Austin,Coordinator,"crm,email_contacts,hr",P024
hana33@corp.net,Hana Adams,5555342,Finance,Austin,,"crm,email_contacts",P034
maria62@biz.org,"Harris, Maria",5553170,Sales,San Francisco,Engineer,"crm,email_contacts,hr",P063
igor134@biz.org,Igor Baker,5555022,Engineering,Austin,Analyst,"crm,email_contacts,hr",P135
igor34@corp.net,Igor Baker,5559835,Legal,Chicago,Manager,"crm,hr",P035
igor84@acme.com,Igor Baker,5558119,Sales,Austin,,"crm,email_contacts",P085
iris58@biz.org,Iris Anderson,5555272,HR,San Francisco,Analyst,"crm,hr",P059
james5@biz.org,James Wilson,5551106,HR,Chicago,Director,"crm,email_contacts,hr",P006
jane135@corp.net,Jane Gonzalez,5558613,Finance,,Coordinator,hr,P136
jane85@acme.com,Jane Gonzalez,5557311,Finance,Chicago,,"crm,email_contacts",P086
jennifer19@enterprise.io,Jennifer Rodriguez,5553340,Sales,,Manager,hr,P020
jennifer69@biz.org,Jennifer Rodriguez,5551722,Engineering,San Francisco,Analyst,"crm,hr",P070
james55@acme.com,Jimmy Wilson,5559320,Engineering,New York,Manager,"crm,email_contacts,hr",P056
john.smith.nyc@acme.com,John Smith,5550001,Engineering,New York,Engineer,"crm,hr",FAKE001
john.smith.sf@corp.net,John Smith,5550002,Sales,San Francisco,,"crm,email_contacts",FAKE002
robert1@corp.net,"Jones, Robert",5553286,Legal,,Engineer,hr,P002
karen10@biz.org,Karen Jackson,5554150,Legal,,Engineer,hr,P011
karen110@corp.net,Karen Jackson,5557883,Operations,New York,Coordinator,"crm,email_contacts,hr",P111
karen60@biz.org,Karen Jackson,5552188,Engineering,Seattle,Director,"crm,hr",P061
katherine122@acme.com,Katherine Walker,5555051,HR,,Engineer,hr,P123
katherine22@acme.com,Katherine Walker,5552796,HR,Austin,,"crm,email_contacts",P023
katherine72@acme.com,Katherine Walker,5557049,Finance,,Coordinator,hr,P073
kurt36@acme.com,Kurt Nelson,5555061,HR,Chicago,Engineer,"crm,hr",P037
kurt86@acme.com,Kurt Nelson,5558144,Engineering,Seattle,Coordinator,"crm,hr",P087
victor21@corp.net,"Lee, Victor",5553266,Finance,New York,Director,"crm,email_contacts,hr",P022
lily137@enterprise.io,Lily Carter,5554475,Sales,,Analyst,hr,P138
lily37@acme.com,Lily Carter,5554770,Finance,New York,Manager,"crm,hr",P038
lily87@corp.net,Lily Carter,5556967,Operations,,Engineer,hr,P088
dana129@enterprise.io,"Lopez, Dana",5557071,Engineering,Chicago,Coordinator,"crm,email_contacts,hr",P130
marc138@biz.org,Marc Mitchell,5555526,Finance,Seattle,Engineer,"crm,hr",P139
marc38@acme.com,Marc Mitchell,5551964,HR,,Engineer,hr,P039
marc88@biz.org,Marc Mitchell,5553041,Legal,Seattle,Analyst,"crm,hr",P089
maria112@enterprise.io,Maria Harris,5557865,Finance,,Coordinator,hr,P113
maria12@enterprise.io,Maria Harris,5555554,Operations,San Francisco,,"crm,email_contacts",P013
michael107@acme.com,Michael Taylor,5553267,HR,Austin,,"crm,email_contacts",P108
michael57@corp.net,Michael Taylor,5551651,Finance,,Engineer,"email_contacts,hr",P058
michael7@acme.com,Michael Taylor,5557224,Engineering,Chicago,,"crm,email_contacts",P008
emma104@biz.org,"Miller, Emma",5555050,Legal,Seattle,Analyst,"crm,email_contacts,hr",P105
kurt136@biz.org,"Nelson, Kurt",5551470,Operations,San Francisco,Analyst,"crm,email_contacts,hr",P137
nina139@corp.net,Nina Perez,5552402,HR,,Director,hr,P140
nina39@biz.org,Nina Perez,5552160,Finance,Chicago,,"crm,email_contacts",P040
,O. Roberts,5554510,Finance,,,email_contacts,P041
olivia14@corp.net,Olivia Thompson,5559751,Legal,San Francisco,Manager,"crm,hr",P015
olivia64@biz.org,Olivia Thompson,5559666,Engineering,,Coordinator,hr,P065
owen140@corp.net,Owen Roberts,5558800,Legal,Austin,Director,"crm,hr",P141
todd144@biz.org,"Parker, Todd",5556764,Legal,Chicago,Director,"crm,email_contacts,hr",P145
todd44@acme.com,"Parker, Todd",5557596,Legal,New York,Analyst,"crm,email_contacts,hr",P045
nina89@biz.org,"Perez, Nina",5557691,Sales,Chicago,Director,"crm,email_contacts,hr",P090
petra41@enterprise.io,Petra Turner,5554981,Operations,San Francisco,Director,"crm,hr",P042
rex42@acme.com,"Phillips, Rex",5552588,Legal,Chicago,Director,"crm,email_contacts,hr",P043
rex92@biz.org,"Phillips, Rex",5554443,Operations,Seattle,Coordinator,"crm,email_contacts,hr",P093
quinn116@acme.com,Quinn Martinez,5557455,Finance,New York,,"crm,email_contacts",P117
quinn16@biz.org,Quinn Martinez,5551916,HR,,Engineer,hr,P017
quinn66@corp.net,Quinn Martinez,5555462,Sales,,Coordinator,"email_contacts,hr",P067
rex142@corp.net,Rex Phillips,5556016,Legal,,Coordinator,hr,P143
richard115@corp.net,Richard Garcia,5558657,HR,Seattle,Coordinator,"crm,email_contacts,hr",P116
richard15@enterprise.io,Richard Garcia,5557216,Sales,,Coordinator,hr,P016
richard65@acme.com,Richard Garcia,5553200,Sales,New York,Engineer,"crm,email_contacts,hr",P066
robert101@corp.net,Robert Jones,5552988,Operations,,Manager,"email_contacts,hr",P102
robert1@corp.net,Robert Jones,5553286,Legal,Seattle,,"crm,email_contacts",P002
robert51@enterprise.io,Robert Jones,5555345,Operations,Austin,Analyst,"crm,email_contacts,hr",P052
owen40@enterprise.io,"Roberts, Owen",5554510,Finance,Seattle,Manager,"crm,hr",P041
owen90@corp.net,"Roberts, Owen",5554143,Operations,San Francisco,Director,"crm,email_contacts,hr",P091
jennifer119@enterprise.io,"Rodriguez, Jennifer",5556355,Sales,Chicago,Director,"crm,email_contacts,hr",P120
yale49@corp.net,"Sanchez, Yale",5557658,Operations,San Francisco,Director,"crm,email_contacts,hr",P050
sarah118@acme.com,Sarah Clark,5555262,Operations,San Francisco,,"crm,email_contacts",P119
sarah18@biz.org,Sarah Clark,5554483,Legal,Austin,Director,"crm,email_contacts,hr",P019
sarah68@enterprise.io,Sarah Clark,5555114,Engineering,Austin,Engineer,"crm,hr",P069
sasha93@biz.org,Sasha Campbell,5558618,Operations,San Francisco,Director,"crm,hr",P094
faye131@biz.org,"Scott, Faye",5558532,Legal,Austin,Manager,"crm,email_contacts,hr",P132
thomas117@acme.com,Thomas Robinson,5558022,HR,,Director,"email_contacts,hr",P118
thomas17@enterprise.io,Thomas Robinson,5555386,Engineering,Seattle,Manager,"crm,hr",P018
thomas67@biz.org,Thomas Robinson,5554335,Legal,Seattle,Analyst,"crm,email_contacts,hr",P068
olivia114@enterprise.io,"Thompson, Olivia",5551475,Operations,Austin,Analyst,"crm,email_contacts,hr",P115
todd94@enterprise.io,Todd Parker,5553780,Legal,Chicago,Engineer,"crm,email_contacts,hr",P095
petra91@biz.org,"Turner, Petra",5557653,Finance,Chicago,Engineer,"crm,email_contacts,hr",P092
ula145@biz.org,Ula Evans,5555118,HR,San Francisco,,"crm,email_contacts",P146
uma120@enterprise.io,Uma Lewis,5555133,Engineering,,Director,hr,P121
uma20@biz.org,Uma Lewis,5558019,Finance,Chicago,,"crm,email_contacts",P021
vera146@biz.org,Vera Edwards,5552958,Legal,,Coordinator,hr,P147
vera96@corp.net,Vera Edwards,5553414,Engineering,San Francisco,Engineer,"crm,hr",P097
victor121@acme.com,Victor Lee,5556733,HR,,Engineer,hr,P122
victor71@enterprise.io,Victor Lee,5551158,Engineering,,Engineer,hr,P072
walt47@corp.net,Walt Collins,5552235,Operations,,Coordinator,hr,P048
walt97@enterprise.io,Walt Collins,5552193,Operations,,Director,hr,P098
christopher111@enterprise.io,"White, Christopher",5558814,Engineering,Chicago,Analyst,"crm,email_contacts,hr",P112
william103@enterprise.io,William Davis,5553607,Legal,,Director,hr,P104
william53@acme.com,William Davis,5559883,Engineering,,Analyst,hr,P054
james105@enterprise.io,"Wilson, James",5554919,Sales,New York,Director,"crm,email_contacts,hr",P106
xavier73@enterprise.io,Xavier Hall,5553088,Engineering,,Analyst,hr,P074
xin148@biz.org,Xin Stewart,5552647,HR,San Francisco,,"crm,email_contacts",P149
xin48@acme.com,Xin Stewart,5559856,Engineering,,Engineer,"email_contacts,hr",P049
xin98@corp.net,Xin Stewart,5557291,Operations,San Francisco,Director,"crm,hr",P099
yale99@corp.net,Yale Sanchez,5551090,Engineering,,Director,"email_contacts,hr",P100
yara124@corp.net,Yara Allen,5558619,Legal,Chicago,,"crm,email_contacts",P125
zach25@biz.org,Zach Young,5556573,Engineering,Austin,Analyst,"crm,hr",P026
zach75@biz.org,Zach Young,5557658,Finance,San Francisco,,"crm,email_contacts",P076
