log_id,date,time,user,action,server,bytes_transferred,status
1,10/16/2024,03:01:47,user_029,UPLOAD,srv-A4,0,WARN
2,3/31/2023,18:27:02,user_028,DOWNLOAD,srv-D2,0,OK
3,10/27/2024,22:34:26,user_076,DELETE,srv-A1,0,OK
4,3/8/2024,10:17:09,user_044,LOGOUT,srv-A3,6022674,OK
5,09/10/2024,08:51:02,user_069,LOGOUT,srv-C3,4918715,OK
6,09/25/2024,11:36:12,user_006,DOWNLOAD,srv-B5,0,WARN
7,4/14/2023,12:17:29,user_047,UPLOAD,srv-C2,4479144,OK
8,11/30/2024,20:04:38,user_069,DOWNLOAD,srv-B1,4528972,ERROR
9,10/17/2024,22:35:14,user_008,DOWNLOAD,srv-A2,0,OK
10,03/09/2023,06:58:36,user_041,DOWNLOAD,srv-D1,7698256,OK
11,5/23/2023,07:47:35,user_075,EDIT,srv-D4,3679591,ERROR
12,05/22/2023,16:31:05,user_015,UPLOAD,srv-B1,0,OK
13,03/07/2023,12:24:38,user_068,DELETE,srv-D3,0,OK
14,04/28/2023,21:56:34,user_044,LOGOUT,srv-B5,7612220,OK
15,9/27/2023,16:48:11,user_014,DELETE,srv-D2,0,OK
16,6/15/2023,17:49:59,user_001,EXPORT,srv-C1,1876828,WARN
17,11/11/2023,07:03:15,user_011,LOGOUT,srv-D1,0,ERROR
18,6/29/2024,04:08:42,user_071,UPLOAD,srv-B4,7099076,ERROR
19,07/06/2024,23:44:12,user_052,VIEW,srv-C5,0,OK
20,9/11/2023,07:04:21,user_071,DOWNLOAD,srv-D4,1191066,OK
21,3/2/2023,07:04:57,user_043,LOGOUT,srv-D2,8143903,OK
22,5/16/2023,23:59:56,user_061,DOWNLOAD,srv-D1,0,OK
23,4/10/2023,21:27:22,user_060,LOGIN,srv-A4,5692553,OK
24,4/22/2023,07:12:12,user_018,EDIT,srv-B1,4191056,WARN
25,03/19/2023,14:51:55,user_013,LOGIN,srv-D3,0,ERROR
26,8/31/2023,05:26:31,user_052,LOGIN,srv-B1,6550190,OK
27,04/10/2024,09:27:44,user_072,SHARE,srv-A5,3652414,ERROR
28,08/16/2024,23:34:03,user_008,LOGIN,srv-D4,8910817,OK
29,6/4/2024,02:54:11,user_009,DOWNLOAD,srv-C3,9557567,OK
30,8/31/2024,01:39:05,user_075,EXPORT,srv-D2,4374922,OK
31,11/18/2023,07:16:25,user_039,SHARE,srv-C1,0,WARN
32,01/10/2023,14:39:36,user_010,COMMENT,srv-B2,2222252,WARN
33,3/12/2023,07:23:18,user_070,DELETE,srv-D5,0,OK
34,6/25/2024,00:42:52,user_014,UPLOAD,srv-B4,1795765,OK
35,6/9/2023,08:18:38,user_044,DOWNLOAD,srv-B4,4213115,WARN
36,02/22/2023,02:40:27,user_006,LOGIN,srv-C1,0,OK
37,9/26/2023,05:47:28,user_055,COMMENT,srv-A1,2500715,OK
38,1/14/2024,18:35:09,user_006,DELETE,srv-C2,0,OK
39,2/10/2023,11:13:43,user_014,VIEW,srv-D3,0,OK
40,09/27/2024,23:09:59,user_021,UPLOAD,srv-C4,5573147,OK
41,02/26/2024,21:55:47,user_035,UPLOAD,srv-A4,649691,WARN
42,8/16/2023,06:52:58,user_040,DOWNLOAD,srv-B3,3240180,OK
43,10/13/2023,02:49:17,user_066,EDIT,srv-D3,463060,OK
44,9/25/2023,05:37:16,user_077,EDIT,srv-C2,0,OK
45,09/12/2024,16:07:24,user_025,DELETE,srv-A2,0,OK
46,07/05/2024,21:46:47,user_026,VIEW,srv-C4,5539837,OK
47,11/10/2024,03:46:57,user_040,EDIT,srv-C1,4960271,OK
48,7/16/2023,13:42:24,user_023,EXPORT,srv-D4,9192860,OK
49,11/08/2023,09:13:27,user_078,VIEW,srv-C5,3585314,OK
50,6/23/2023,21:05:18,user_080,VIEW,srv-A3,0,OK
51,11/19/2024,09:14:51,user_004,LOGIN,srv-B3,0,OK
52,3/16/2023,14:26:56,user_025,EDIT,srv-D1,2475836,OK
53,1/6/2023,03:49:27,user_067,SHARE,srv-A2,2036059,OK
54,4/20/2024,21:33:35,user_057,EXPORT,srv-D2,9191766,OK
55,6/12/2023,23:55:30,user_032,DELETE,srv-D2,4013879,OK
56,3/21/2023,22:18:15,user_041,COMMENT,srv-A3,3879923,OK
57,6/6/2023,22:13:04,user_043,COMMENT,srv-C5,3470105,OK
58,02/03/2024,18:44:01,user_074,EDIT,srv-D1,5901533,OK
59,02/04/2024,13:34:47,user_078,DOWNLOAD,srv-D1,7312114,OK
60,02/03/2024,10:42:43,user_022,SHARE,srv-A5,0,OK
61,2/8/2024,18:36:42,user_055,UPLOAD,srv-C5,4364698,OK
62,08/05/2023,14:20:21,user_049,DELETE,srv-C4,1374158,OK
63,7/6/2024,01:22:14,user_006,LOGIN,srv-B3,341919,OK
64,9/2/2023,04:30:42,user_028,SHARE,srv-B4,0,OK
65,09/13/2024,23:45:07,user_021,DELETE,srv-A4,5233774,OK
66,1/20/2024,12:45:12,user_032,LOGOUT,srv-B5,0,OK
67,5/4/2023,18:50:02,user_055,VIEW,srv-A3,5724909,OK
68,03/06/2024,15:06:27,user_059,UPLOAD,srv-C4,8753457,ERROR
69,10/4/2023,19:51:58,user_062,SHARE,srv-C4,0,OK
70,11/27/2023,07:53:59,user_058,DOWNLOAD,srv-C5,6358385,OK
71,5/21/2024,10:11:31,user_034,VIEW,srv-B4,0,OK
72,10/10/2023,17:00:33,user_011,DOWNLOAD,srv-C4,4031966,OK
73,10/23/2024,22:31:28,user_012,DELETE,srv-B3,4081983,OK
74,8/18/2024,11:30:35,user_055,COMMENT,srv-C1,7612582,OK
75,9/15/2023,07:07:46,user_016,COMMENT,srv-B1,8123504,OK
76,08/26/2024,16:38:18,user_025,DELETE,srv-B3,5071208,OK
77,06/30/2024,04:17:02,user_071,DELETE,srv-A5,0,OK
78,4/16/2023,00:36:18,user_057,VIEW,srv-B1,0,OK
79,5/4/2024,03:52:04,user_010,EXPORT,srv-A2,9442881,WARN
80,03/29/2023,07:07:35,user_078,EXPORT,srv-D5,8767312,OK
81,03/29/2024,09:55:37,user_040,EXPORT,srv-D5,1664863,WARN
82,8/1/2023,20:13:16,user_021,DOWNLOAD,srv-B1,2626181,OK
83,4/6/2024,22:38:30,user_030,DELETE,srv-B5,0,OK
84,12/04/2024,07:59:16,user_076,DOWNLOAD,srv-C4,3771676,OK
85,9/30/2023,04:04:03,user_040,EXPORT,srv-D4,0,OK
86,4/24/2024,22:19:44,user_035,COMMENT,srv-D3,1349590,OK
87,3/18/2024,23:20:38,user_012,DOWNLOAD,srv-D4,348050,ERROR
88,11/19/2024,08:36:02,user_023,SHARE,srv-D2,0,WARN
89,07/05/2023,18:27:40,user_012,SHARE,srv-C2,5386463,OK
90,6/14/2023,10:26:44,user_052,COMMENT,srv-A2,5276722,OK
91,04/29/2023,12:55:32,user_001,COMMENT,srv-C5,3147112,OK
92,09/29/2024,15:40:28,user_027,DELETE,srv-D3,4832327,OK
93,12/16/2024,15:07:01,user_078,DOWNLOAD,srv-B1,229419,OK
94,4/6/2023,07:53:58,user_016,UPLOAD,srv-D1,0,OK
95,12/23/2024,08:26:53,user_061,DOWNLOAD,srv-C5,6435505,OK
96,9/5/2024,16:47:56,user_009,DELETE,srv-C4,8518424,OK
97,01/03/2023,09:46:19,user_075,SHARE,srv-A5,8125900,OK
98,07/19/2024,17:24:29,user_025,DOWNLOAD,srv-D4,6891662,OK
99,4/29/2024,22:58:51,user_020,SHARE,srv-A2,9901584,OK
100,04/13/2023,14:06:33,user_002,UPLOAD,srv-C4,0,ERROR
101,3/18/2023,15:50:16,user_051,LOGOUT,srv-C1,0,WARN
102,01/25/2024,10:40:45,user_063,COMMENT,srv-A2,0,OK
103,12/1/2024,09:14:47,user_013,LOGOUT,srv-C5,5024207,WARN
104,2/17/2023,10:50:03,user_048,EDIT,srv-A5,6913081,OK
105,7/4/2023,05:11:05,user_049,EXPORT,srv-B3,9783753,OK
106,4/17/2024,20:16:29,user_002,SHARE,srv-B5,0,OK
107,3/28/2024,11:37:19,user_055,DELETE,srv-C5,0,OK
108,1/29/2024,15:06:15,user_046,EXPORT,srv-B5,0,OK
109,11/5/2024,12:17:00,user_007,EXPORT,srv-D1,0,WARN
110,8/24/2023,19:51:22,user_025,EXPORT,srv-B4,0,OK
111,11/6/2024,21:53:08,user_006,DELETE,srv-C5,6121355,OK
112,4/3/2023,09:20:47,user_026,UPLOAD,srv-D3,0,OK
113,5/28/2024,08:53:10,user_062,DELETE,srv-C1,0,OK
114,03/19/2023,04:48:14,user_051,COMMENT,srv-C2,6619862,OK
115,7/3/2024,03:29:23,user_034,EXPORT,srv-C3,0,WARN
116,4/21/2023,21:14:30,user_072,VIEW,srv-D5,1060605,OK
117,4/20/2024,22:19:41,user_018,LOGIN,srv-A2,8264869,OK
118,8/29/2023,17:08:24,user_070,EDIT,srv-D4,0,OK
119,2/29/2024,20:06:53,user_053,DELETE,srv-A2,0,OK
120,3/31/2024,07:54:23,user_048,COMMENT,srv-C2,4628522,OK
121,5/6/2023,14:05:42,user_077,LOGIN,srv-A2,0,OK
122,05/09/2023,18:13:04,user_071,DOWNLOAD,srv-D4,3909069,OK
123,06/01/2023,19:00:17,user_019,UPLOAD,srv-D3,2927575,OK
124,01/27/2023,04:00:22,user_031,EXPORT,srv-C1,4452128,OK
125,3/7/2024,16:07:47,user_058,VIEW,srv-D2,7583392,OK
126,09/21/2024,01:46:50,user_067,DELETE,srv-C5,0,OK
127,5/5/2024,12:27:43,user_057,LOGOUT,srv-A3,2488628,OK
128,10/9/2023,19:40:37,user_042,EDIT,srv-D5,7612081,OK
129,3/16/2024,03:50:44,user_071,DOWNLOAD,srv-C4,3833486,OK
130,4/9/2024,12:26:46,user_055,VIEW,srv-B4,2560856,OK
131,4/30/2024,02:05:53,user_056,LOGOUT,srv-C2,0,OK
132,8/23/2024,17:35:21,user_053,VIEW,srv-C4,0,OK
133,10/22/2023,19:19:22,user_065,DOWNLOAD,srv-A5,0,OK
134,4/21/2023,11:54:35,user_036,EXPORT,srv-B3,0,OK
135,9/28/2024,19:43:41,user_078,DELETE,srv-A1,5183902,WARN
136,12/26/2023,00:11:55,user_052,LOGOUT,srv-A5,0,ERROR
137,4/4/2023,23:33:13,user_059,VIEW,srv-B1,5442241,OK
138,8/4/2024,19:05:56,user_021,EXPORT,srv-A2,0,OK
139,11/8/2024,13:31:38,user_035,DOWNLOAD,srv-D2,7212753,OK
140,11/25/2024,21:37:31,user_040,LOGIN,srv-B3,919088,OK
141,11/05/2023,06:49:08,user_038,VIEW,srv-A4,7225192,OK
142,1/25/2024,17:45:14,user_046,LOGOUT,srv-C3,0,OK
143,01/20/2023,14:58:04,user_074,EDIT,srv-D4,7007741,OK
144,02/19/2024,00:20:10,user_080,SHARE,srv-C2,1776088,OK
145,8/26/2024,12:33:05,user_040,VIEW,srv-B3,2820798,OK
146,10/10/2024,03:33:32,user_045,VIEW,srv-A5,2456926,OK
147,06/27/2023,19:09:48,user_010,UPLOAD,srv-D1,9457911,OK
148,4/4/2024,21:59:56,user_080,VIEW,srv-C1,1145653,OK
149,10/8/2024,09:50:17,user_046,COMMENT,srv-A3,7581856,OK
150,01/13/2024,09:04:41,user_012,EXPORT,srv-D5,7763013,OK
151,2/12/2023,14:58:51,user_025,VIEW,srv-D5,2531028,ERROR
152,04/06/2024,03:51:57,user_011,COMMENT,srv-B1,7344365,ERROR
153,6/20/2024,16:39:10,user_037,EDIT,srv-C4,0,OK
154,2/23/2023,20:41:21,user_013,COMMENT,srv-C3,2522845,OK
155,8/19/2024,21:09:58,user_051,UPLOAD,srv-D5,0,OK
156,7/26/2024,12:41:50,user_017,COMMENT,srv-A3,0,OK
157,1/6/2024,00:23:19,user_028,VIEW,srv-D1,2307963,OK
158,10/30/2023,03:32:49,user_068,LOGIN,srv-C1,0,OK
159,9/3/2024,12:09:10,user_080,UPLOAD,srv-C5,6111929,OK
160,09/01/2023,14:39:18,user_058,DOWNLOAD,srv-D3,7868776,WARN
161,07/18/2023,11:43:36,user_060,DELETE,srv-C3,7023963,ERROR
162,7/24/2023,19:08:55,user_062,VIEW,srv-D3,0,OK
163,06/12/2024,03:18:05,user_035,SHARE,srv-D2,7339571,OK
164,08/16/2023,14:56:22,user_054,LOGIN,srv-C3,3955699,OK
165,3/25/2023,11:14:01,user_013,VIEW,srv-A5,4813037,WARN
166,04/28/2024,22:53:08,user_061,SHARE,srv-D5,1329187,OK
167,8/9/2023,04:35:46,user_055,LOGOUT,srv-B5,2044276,OK
168,3/5/2024,20:50:39,user_015,SHARE,srv-D5,8646569,OK
169,5/28/2023,09:27:00,user_031,EXPORT,srv-C4,1436363,OK
170,1/5/2024,02:33:34,user_065,COMMENT,srv-A1,7887557,OK
171,2/1/2024,11:16:47,user_009,VIEW,srv-B3,0,OK
172,8/18/2024,23:48:21,user_046,COMMENT,srv-C1,0,OK
173,12/2/2024,14:44:30,user_018,LOGOUT,srv-C5,3382135,OK
174,7/24/2023,01:20:59,user_051,COMMENT,srv-D1,3206183,OK
175,2/18/2023,20:21:17,user_048,EDIT,srv-C3,0,WARN
176,1/31/2024,10:11:31,user_048,COMMENT,srv-B4,0,OK
177,3/22/2023,13:38:52,user_038,VIEW,srv-A4,4960015,OK
178,9/9/2024,22:27:10,user_045,SHARE,srv-A2,0,WARN
179,09/21/2024,13:17:40,user_008,LOGOUT,srv-C3,2684131,ERROR
180,5/27/2023,19:43:50,user_017,LOGOUT,srv-B3,0,OK
181,1/28/2024,18:02:38,user_058,VIEW,srv-C2,1289923,OK
182,6/26/2024,11:25:20,user_032,LOGOUT,srv-A1,0,OK
183,02/01/2024,17:07:16,user_058,DOWNLOAD,srv-D5,8240971,OK
184,05/19/2023,02:28:11,user_057,LOGOUT,srv-C1,0,OK
185,7/17/2024,17:18:57,user_021,UPLOAD,srv-C2,2036124,ERROR
186,5/23/2023,07:50:31,user_071,EXPORT,srv-C2,9255099,OK
187,03/30/2023,02:19:25,user_062,COMMENT,srv-C4,0,OK
188,3/17/2023,04:20:41,user_060,COMMENT,srv-C2,9249336,OK
189,07/06/2023,04:27:32,user_008,LOGOUT,srv-D2,2762487,OK
190,12/27/2024,07:22:33,user_011,DELETE,srv-B2,0,OK
191,5/9/2023,20:19:39,user_065,UPLOAD,srv-D4,0,OK
192,11/5/2024,19:46:57,user_073,LOGIN,srv-A1,9676615,OK
193,8/4/2023,18:26:39,user_064,COMMENT,srv-B5,0,OK
194,9/8/2023,21:25:19,user_008,UPLOAD,srv-C5,7792046,OK
195,09/13/2024,04:20:55,user_045,EDIT,srv-A5,0,OK
196,4/19/2023,10:15:29,user_058,DOWNLOAD,srv-A5,4868949,WARN
197,09/22/2024,13:15:55,user_042,EXPORT,srv-C1,2673322,OK
198,6/11/2024,14:31:56,user_003,LOGOUT,srv-C3,4038756,OK
199,12/28/2023,01:03:18,user_061,DELETE,srv-D3,1803501,OK
200,9/28/2023,23:23:48,user_006,EDIT,srv-A2,3265774,OK
201,10/23/2023,02:24:32,user_071,DELETE,srv-D5,0,OK
202,04/10/2023,12:23:50,user_072,VIEW,srv-A5,8541658,OK
203,02/11/2023,01:02:08,user_061,COMMENT,srv-C5,8648751,OK
204,09/19/2024,10:10:25,user_039,EXPORT,srv-C1,8551583,OK
205,12/26/2024,18:19:30,user_048,VIEW,srv-A4,0,OK
206,12/5/2024,20:01:38,user_075,EXPORT,srv-B3,0,OK
207,6/24/2023,16:40:46,user_049,UPLOAD,srv-B3,1843740,OK
208,3/27/2024,10:26:09,user_027,EDIT,srv-D2,0,WARN
209,3/5/2023,22:08:33,user_042,SHARE,srv-D2,2905518,OK
210,6/29/2024,10:34:22,user_034,EXPORT,srv-D1,4135904,OK
211,11/2/2023,07:19:49,user_027,SHARE,srv-C1,9403421,WARN
212,10/8/2023,09:07:36,user_049,EDIT,srv-C2,0,OK
213,10/25/2023,01:18:45,user_057,DELETE,srv-D1,9035838,OK
214,7/29/2024,22:17:08,user_076,DOWNLOAD,srv-B3,8909397,OK
215,8/27/2023,01:06:26,user_061,LOGOUT,srv-A5,9233383,ERROR
216,06/11/2023,13:41:59,user_061,SHARE,srv-B2,0,OK
217,10/20/2023,20:03:58,user_074,DOWNLOAD,srv-D3,0,WARN
218,02/08/2023,05:26:56,user_005,EDIT,srv-D1,4856449,WARN
219,1/10/2023,09:36:38,user_043,DELETE,srv-C5,0,OK
220,5/20/2024,04:54:32,user_025,LOGOUT,srv-C1,7699307,OK
221,07/10/2023,00:47:21,user_073,DOWNLOAD,srv-B1,0,OK
222,2/20/2024,13:32:20,user_013,UPLOAD,srv-A5,4161539,OK
223,1/28/2024,07:28:48,user_043,DELETE,srv-D4,0,OK
224,10/31/2024,11:44:15,user_016,SHARE,srv-B5,8430894,WARN
225,12/21/2024,09:44:07,user_038,VIEW,srv-D5,2240912,OK
226,4/10/2024,23:38:23,user_071,SHARE,srv-D3,0,OK
227,09/11/2023,21:48:38,user_011,COMMENT,srv-C5,6069742,OK
228,7/31/2024,03:03:53,user_065,DOWNLOAD,srv-D4,2760475,OK
229,6/16/2024,14:07:43,user_075,SHARE,srv-A3,0,OK
230,2/26/2023,14:08:32,user_073,LOGIN,srv-D3,5170227,OK
231,02/10/2024,08:52:00,user_075,LOGOUT,srv-A2,1069713,OK
232,3/3/2023,02:59:30,user_053,UPLOAD,srv-A5,0,ERROR
233,10/23/2024,13:23:57,user_049,EDIT,srv-A3,0,OK
234,7/6/2024,04:41:55,user_023,COMMENT,srv-C3,3736121,OK
235,01/24/2023,09:29:43,user_055,COMMENT,srv-C3,0,OK
236,12/21/2023,04:17:12,user_015,LOGIN,srv-C4,0,WARN
237,1/17/2023,07:13:04,user_005,SHARE,srv-D5,0,WARN
238,9/8/2023,23:02:25,user_070,DOWNLOAD,srv-A2,4853035,OK
239,08/12/2024,10:36:38,user_042,DOWNLOAD,srv-B5,0,ERROR
240,6/17/2024,07:26:19,user_072,EXPORT,srv-B1,0,OK
241,5/22/2024,01:22:41,user_068,VIEW,srv-C4,5031294,OK
242,7/4/2024,15:15:54,user_019,SHARE,srv-A2,6987842,OK
243,5/18/2023,12:15:16,user_011,SHARE,srv-C2,3195751,OK
244,1/22/2024,21:38:38,user_010,DOWNLOAD,srv-D4,0,OK
245,5/5/2024,06:55:58,user_002,DOWNLOAD,srv-B2,0,OK
246,05/05/2024,07:44:38,user_051,DOWNLOAD,srv-D3,4748945,OK
247,6/30/2024,20:22:19,user_066,SHARE,srv-C5,7876742,OK
248,11/24/2023,06:23:20,user_073,DOWNLOAD,srv-A5,9283027,WARN
249,8/16/2024,23:26:18,user_043,DOWNLOAD,srv-C3,4122665,OK
250,11/01/2024,21:21:16,user_063,SHARE,srv-C5,5908535,OK
251,07/13/2024,15:11:58,user_008,COMMENT,srv-A2,0,OK
252,11/15/2024,01:48:00,user_030,LOGOUT,srv-A5,8484790,OK
253,03/03/2023,19:40:42,user_062,SHARE,srv-A1,9255043,OK
254,1/18/2023,16:46:17,user_037,LOGIN,srv-D2,0,OK
255,7/3/2023,03:58:06,user_031,DOWNLOAD,srv-D5,5946534,OK
256,2/11/2024,02:23:25,user_032,DOWNLOAD,srv-B5,0,OK
257,10/31/2024,20:48:02,user_049,EDIT,srv-D3,158547,OK
258,3/26/2023,15:54:27,user_043,EXPORT,srv-A4,0,WARN
259,8/24/2023,06:57:55,user_073,SHARE,srv-B4,1247353,OK
260,10/15/2023,17:36:42,user_041,LOGIN,srv-B2,6682298,WARN
261,11/3/2023,05:36:15,user_050,COMMENT,srv-C1,2347981,OK
262,12/06/2024,23:05:32,user_045,LOGIN,srv-A4,1275374,OK
263,9/20/2024,19:25:49,user_035,SHARE,srv-D1,9278433,WARN
264,3/18/2024,05:43:37,user_011,EXPORT,srv-B5,0,OK
265,03/26/2023,08:09:24,user_020,EDIT,srv-C1,1535458,OK
266,11/12/2023,14:23:48,user_017,LOGOUT,srv-B1,9344658,OK
267,2/22/2024,03:01:05,user_012,EXPORT,srv-D5,0,WARN
268,01/13/2023,09:26:24,user_072,DOWNLOAD,srv-D4,6387623,OK
269,10/3/2023,09:17:31,user_022,EDIT,srv-B4,8124053,OK
270,1/5/2024,08:15:46,user_077,EXPORT,srv-B2,2273137,OK
271,2/10/2024,10:53:39,user_043,SHARE,srv-C1,9972258,OK
272,11/25/2023,19:44:12,user_023,EDIT,srv-C1,8237735,ERROR
273,09/06/2023,10:24:17,user_051,VIEW,srv-A4,0,OK
274,7/12/2024,05:43:49,user_060,DOWNLOAD,srv-C5,0,OK
275,3/12/2023,13:43:31,user_039,DOWNLOAD,srv-B4,0,OK
276,1/22/2024,02:28:38,user_052,COMMENT,srv-D2,0,WARN
277,03/04/2024,17:02:50,user_069,EXPORT,srv-A3,4164624,OK
278,12/30/2023,05:41:39,user_052,VIEW,srv-C4,1654343,OK
279,6/6/2024,23:33:35,user_074,DOWNLOAD,srv-C5,7768911,OK
280,8/25/2024,22:32:09,user_004,SHARE,srv-A4,1440404,OK
281,5/26/2023,11:19:21,user_027,COMMENT,srv-D1,1637842,OK
282,12/14/2024,14:20:04,user_015,LOGIN,srv-C1,0,OK
283,6/18/2023,23:15:33,user_021,VIEW,srv-D3,7751982,OK
284,2/19/2024,20:11:11,user_056,EDIT,srv-A1,0,WARN
285,4/5/2024,18:27:24,user_028,DOWNLOAD,srv-B4,0,OK
286,03/06/2023,18:06:51,user_024,VIEW,srv-C1,1911847,OK
287,5/16/2024,16:40:20,user_079,EDIT,srv-D4,5905327,OK
288,09/24/2024,05:52:43,user_039,EXPORT,srv-D4,2247270,OK
289,9/2/2023,09:07:11,user_019,COMMENT,srv-C3,2313029,OK
290,3/9/2024,05:31:40,user_023,COMMENT,srv-B1,2353785,OK
291,4/6/2024,19:03:55,user_002,SHARE,srv-A5,6441514,ERROR
292,6/1/2024,20:31:26,user_054,SHARE,srv-D1,9485801,OK
293,8/14/2023,09:02:17,user_037,UPLOAD,srv-C5,8309978,OK
294,04/26/2023,18:07:17,user_047,COMMENT,srv-A2,0,OK
295,08/12/2023,13:06:47,user_032,DELETE,srv-A2,5848151,WARN
296,03/31/2023,14:55:07,user_031,DOWNLOAD,srv-D4,0,WARN
297,9/16/2024,20:27:10,user_027,DOWNLOAD,srv-A2,8930189,OK
298,7/5/2024,05:20:45,user_074,DELETE,srv-D2,0,OK
299,4/8/2023,04:48:50,user_008,DELETE,srv-A5,0,OK
300,5/30/2023,22:20:53,user_051,SHARE,srv-A5,4508325,OK
301,01/20/2024,14:04:40,user_012,EDIT,srv-D2,0,OK
302,1/13/2024,14:31:20,user_012,SHARE,srv-C2,0,OK
303,2/12/2024,06:27:52,user_035,VIEW,srv-B5,9696117,OK
304,05/11/2024,10:57:43,user_006,LOGOUT,srv-C5,2650523,OK
305,01/01/2023,13:12:44,user_039,UPLOAD,srv-B4,6047102,OK
306,1/16/2024,21:57:41,user_051,DELETE,srv-B3,1530068,OK
307,1/2/2023,06:30:04,user_029,COMMENT,srv-C5,5764217,OK
308,3/8/2024,22:08:30,user_050,LOGOUT,srv-A4,6166661,WARN
309,05/21/2023,12:49:52,user_018,UPLOAD,srv-A3,142182,OK
310,6/18/2023,14:22:46,user_020,EDIT,srv-D5,0,WARN
311,3/30/2023,03:08:48,user_050,VIEW,srv-C4,2345961,OK
312,10/22/2024,02:15:35,user_078,DELETE,srv-A1,0,OK
313,11/5/2023,06:33:38,user_051,DELETE,srv-A2,0,OK
314,9/3/2023,15:24:07,user_077,LOGOUT,srv-D2,0,OK
315,01/05/2024,10:08:24,user_073,EDIT,srv-C2,2898604,OK
316,3/16/2023,00:37:04,user_028,LOGIN,srv-A2,0,OK
317,10/21/2023,20:45:32,user_055,EDIT,srv-A3,0,OK
318,6/6/2023,08:05:19,user_027,UPLOAD,srv-D3,9838782,OK
319,10/27/2024,21:41:04,user_056,DOWNLOAD,srv-A2,7289425,OK
320,9/18/2024,19:03:19,user_023,LOGOUT,srv-A1,0,OK
321,6/17/2023,15:22:33,user_034,UPLOAD,srv-C2,4509119,OK
322,5/1/2023,00:21:51,user_068,LOGOUT,srv-B4,0,OK
323,3/20/2023,15:29:32,user_064,EXPORT,srv-B1,4280137,OK
324,8/10/2024,21:46:07,user_066,LOGIN,srv-A2,0,OK
325,02/17/2023,15:23:24,user_023,LOGIN,srv-D3,0,OK
326,11/2/2024,13:14:20,user_041,DELETE,srv-A3,2003215,OK
327,2/23/2023,05:14:51,user_006,EDIT,srv-A3,0,WARN
328,11/15/2023,10:05:35,user_048,DOWNLOAD,srv-B5,5098752,OK
329,09/06/2023,14:23:37,user_026,COMMENT,srv-B3,6879264,OK
330,7/8/2024,11:40:53,user_002,VIEW,srv-A1,0,OK
331,11/11/2023,03:13:33,user_054,SHARE,srv-A2,0,OK
332,10/14/2023,02:02:58,user_067,EDIT,srv-C2,1424426,OK
333,6/1/2024,04:40:52,user_076,EXPORT,srv-A2,2192921,OK
334,9/25/2023,10:59:51,user_042,VIEW,srv-C5,1253047,WARN
335,5/20/2023,18:06:09,user_058,SHARE,srv-C1,8991321,OK
336,8/1/2023,14:19:29,user_016,LOGOUT,srv-B1,0,OK
337,12/22/2024,22:38:02,user_042,UPLOAD,srv-A3,0,ERROR
338,2/10/2024,16:03:43,user_023,LOGIN,srv-C3,0,OK
339,7/17/2024,07:06:29,user_018,LOGOUT,srv-A1,3729376,OK
340,02/15/2024,11:43:40,user_011,EXPORT,srv-D4,1258076,OK
341,3/8/2023,06:57:41,user_017,LOGOUT,srv-C1,7734211,OK
342,8/10/2024,13:52:46,user_004,EDIT,srv-C4,3602338,WARN
343,10/9/2023,08:28:56,user_079,EXPORT,srv-D5,4951043,OK
344,7/17/2024,15:03:05,user_018,EDIT,srv-B2,0,OK
345,09/13/2023,20:51:34,user_049,VIEW,srv-D1,8131572,OK
346,8/2/2024,16:20:24,user_004,VIEW,srv-D5,4713268,OK
347,4/28/2024,16:22:49,user_030,UPLOAD,srv-A4,4045872,OK
348,02/27/2023,07:36:54,user_050,VIEW,srv-B1,9940827,OK
349,12/15/2024,11:58:37,user_046,EXPORT,srv-D4,3158036,OK
350,5/19/2024,17:19:11,user_012,LOGIN,srv-B3,0,OK
351,5/4/2024,00:21:58,user_017,VIEW,srv-B1,0,OK
352,11/28/2023,01:01:09,user_019,LOGOUT,srv-D2,0,ERROR
353,1/18/2024,22:42:25,user_044,DELETE,srv-C1,2642476,OK
354,3/23/2024,20:31:41,user_072,EXPORT,srv-C2,9880943,OK
355,1/23/2024,09:46:44,user_023,LOGIN,srv-D4,9520780,OK
356,09/08/2024,10:58:51,user_029,EXPORT,srv-A4,42,OK
357,3/21/2023,07:22:20,user_012,VIEW,srv-C5,3517918,OK
358,3/11/2023,11:16:50,user_001,LOGIN,srv-C3,7040612,ERROR
359,2/28/2024,15:56:24,user_049,LOGOUT,srv-D1,0,OK
360,12/4/2024,07:10:28,user_005,DELETE,srv-A1,1756994,OK
361,6/24/2023,12:10:46,user_012,VIEW,srv-D5,0,WARN
362,12/22/2024,00:27:41,user_056,UPLOAD,srv-A2,3448564,ERROR
363,02/24/2024,22:35:46,user_070,DELETE,srv-B5,1609202,OK
364,8/8/2024,17:53:31,user_047,LOGIN,srv-C4,8058573,OK
365,1/27/2023,06:10:40,user_011,SHARE,srv-A4,6668395,OK
366,11/7/2024,08:05:41,user_024,VIEW,srv-C3,7478868,OK
367,03/26/2024,14:16:14,user_073,LOGIN,srv-A5,0,OK
368,3/29/2023,21:22:51,user_076,DOWNLOAD,srv-D3,6494562,OK
369,03/04/2024,17:43:55,user_074,DOWNLOAD,srv-D1,6623718,WARN
370,2/5/2023,16:36:57,user_074,EXPORT,srv-A5,7533636,OK
371,6/21/2023,06:51:12,user_055,LOGOUT,srv-C4,2480985,OK
372,09/22/2023,10:58:46,user_009,LOGOUT,srv-C3,9261932,OK
373,10/10/2023,16:29:58,user_080,EXPORT,srv-D2,0,OK
374,6/3/2023,04:36:37,user_013,LOGOUT,srv-D4,0,OK
375,7/2/2024,11:56:26,user_063,EXPORT,srv-D5,2889032,OK
376,5/28/2023,19:38:43,user_005,EDIT,srv-C1,0,OK
377,5/1/2024,08:57:23,user_039,DELETE,srv-B4,0,WARN
378,12/2/2024,03:55:14,user_057,VIEW,srv-B4,0,OK
379,04/02/2023,06:28:13,user_053,SHARE,srv-D2,0,OK
380,06/11/2024,05:04:19,user_052,UPLOAD,srv-D2,0,OK
381,7/17/2023,06:53:03,user_059,LOGIN,srv-C2,0,OK
382,04/20/2024,16:25:40,user_004,DOWNLOAD,srv-C2,7484373,OK
383,4/30/2024,18:35:22,user_034,LOGOUT,srv-B5,833006,OK
384,8/8/2024,06:54:14,user_027,DELETE,srv-C4,149283,OK
385,05/16/2023,20:11:38,user_029,DELETE,srv-D5,0,OK
386,12/27/2024,20:17:27,user_045,SHARE,srv-B4,5069153,OK
387,9/30/2024,12:37:06,user_048,COMMENT,srv-D5,0,OK
388,04/21/2023,15:04:21,user_042,DELETE,srv-B4,0,ERROR
389,10/29/2024,09:12:09,user_031,LOGIN,srv-D5,5361758,OK
390,1/27/2023,20:31:18,user_054,EDIT,srv-C3,0,OK
391,08/08/2024,06:21:46,user_069,SHARE,srv-C2,2851902,OK
392,7/25/2024,05:18:06,user_034,COMMENT,srv-B1,0,WARN
393,11/1/2024,02:14:22,user_040,EDIT,srv-C1,9824246,OK
394,5/1/2023,15:03:55,user_075,EXPORT,srv-A3,3263903,OK
395,11/28/2024,12:33:19,user_020,UPLOAD,srv-B2,9553006,WARN
396,04/13/2024,04:20:55,user_011,SHARE,srv-C1,0,OK
397,10/11/2024,01:00:28,user_022,EXPORT,srv-B1,1477088,OK
398,3/20/2024,20:27:25,user_062,EDIT,srv-A1,3345615,OK
399,1/15/2023,10:48:53,user_003,LOGIN,srv-B3,5777230,OK
400,4/16/2023,12:32:37,user_009,LOGIN,srv-B5,0,OK
401,6/16/2024,19:33:21,user_018,VIEW,srv-D1,3161264,OK
402,02/18/2024,00:14:14,user_017,DOWNLOAD,srv-A1,2835093,OK
403,12/29/2024,20:50:02,user_033,COMMENT,srv-D5,804641,OK
404,10/31/2024,00:03:44,user_057,EDIT,srv-A4,7959049,OK
405,7/30/2023,22:43:40,user_054,LOGOUT,srv-D2,2301222,OK
406,4/18/2023,16:46:39,user_015,LOGOUT,srv-D1,3351238,OK
407,6/19/2024,06:22:45,user_021,LOGIN,srv-D3,3484526,OK
408,5/7/2024,10:15:00,user_012,LOGOUT,srv-D4,0,OK
409,04/03/2023,16:04:46,user_033,DOWNLOAD,srv-C5,0,OK
410,4/20/2024,01:06:52,user_006,DELETE,srv-C2,0,OK
411,04/29/2023,03:54:48,user_002,UPLOAD,srv-B1,7343630,ERROR
412,10/02/2023,23:05:23,user_024,LOGOUT,srv-C3,7659448,OK
413,01/30/2024,22:54:30,user_022,LOGOUT,srv-A5,0,OK
414,6/13/2023,03:26:58,user_073,SHARE,srv-B1,0,OK
415,09/18/2024,00:55:43,user_017,SHARE,srv-D1,6900204,OK
416,3/6/2023,08:41:20,user_068,EXPORT,srv-D4,5675742,OK
417,12/5/2024,22:39:06,user_032,SHARE,srv-C2,0,OK
418,6/2/2023,17:57:39,user_021,COMMENT,srv-D1,0,WARN
419,3/18/2023,15:20:15,user_036,LOGIN,srv-D2,6352484,OK
420,08/29/2023,02:29:28,user_058,LOGOUT,srv-D1,1991570,ERROR
421,10/31/2024,00:06:25,user_072,COMMENT,srv-A1,0,OK
422,9/25/2024,20:19:56,user_027,SHARE,srv-C1,910586,OK
423,4/10/2024,10:35:49,user_061,VIEW,srv-C5,3720299,OK
424,12/30/2023,20:51:18,user_048,LOGOUT,srv-A2,0,OK
425,2/24/2024,03:16:39,user_016,EDIT,srv-B2,3197381,OK
426,4/21/2023,13:02:59,user_076,LOGOUT,srv-C5,9887084,ERROR
427,05/18/2023,15:00:33,user_071,EDIT,srv-D4,8528410,OK
428,07/01/2023,22:37:11,user_017,LOGOUT,srv-C3,0,OK
429,11/26/2023,16:56:24,user_078,DOWNLOAD,srv-B4,5752216,ERROR
430,4/8/2024,04:08:26,user_066,DELETE,srv-D3,0,OK
431,7/20/2024,20:13:12,user_038,VIEW,srv-A5,0,OK
432,7/2/2023,16:34:44,user_015,VIEW,srv-D3,9573720,WARN
433,12/28/2024,13:43:47,user_069,DELETE,srv-C4,0,OK
434,1/26/2023,12:09:03,user_026,DELETE,srv-B1,0,OK
435,5/30/2023,01:44:50,user_070,LOGIN,srv-C2,0,OK
436,11/22/2024,23:35:55,user_072,EDIT,srv-B3,4825775,OK
437,02/18/2023,12:24:26,user_041,COMMENT,srv-A2,4216804,OK
438,03/29/2024,07:58:40,user_048,EXPORT,srv-D3,0,OK
439,07/18/2023,09:28:11,user_010,UPLOAD,srv-B1,0,OK
440,2/11/2023,13:17:35,user_021,EXPORT,srv-B4,7823741,OK
441,6/8/2023,01:09:59,user_007,EXPORT,srv-B5,9607925,OK
442,3/16/2023,22:20:33,user_024,COMMENT,srv-A3,0,OK
443,7/10/2024,17:25:05,user_028,VIEW,srv-C1,3664903,ERROR
444,09/25/2024,16:30:35,user_002,LOGOUT,srv-C2,4090740,ERROR
445,11/29/2024,10:24:58,user_015,EDIT,srv-B4,4745083,OK
446,6/13/2024,11:32:51,user_063,LOGIN,srv-B5,0,OK
447,06/10/2024,02:06:10,user_069,COMMENT,srv-A1,0,OK
448,10/6/2024,06:55:43,user_014,DOWNLOAD,srv-D3,0,WARN
449,03/21/2024,20:52:04,user_020,LOGIN,srv-C5,0,OK
450,3/17/2023,01:11:50,user_010,EXPORT,srv-B3,0,OK
451,4/6/2024,20:25:27,user_050,LOGOUT,srv-D3,1060950,OK
452,8/22/2024,01:44:54,user_065,LOGOUT,srv-B5,0,OK
453,3/30/2023,09:48:59,user_051,LOGIN,srv-D1,3688734,OK
454,2/5/2024,17:18:40,user_048,LOGIN,srv-D3,0,OK
455,2/12/2023,00:36:38,user_071,LOGOUT,srv-B5,5768873,OK
456,10/23/2024,16:09:10,user_079,DELETE,srv-B2,9517591,WARN
457,7/16/2024,14:41:35,user_009,DELETE,srv-A4,9740778,OK
458,12/5/2023,11:08:42,user_013,DELETE,srv-D5,3246367,OK
459,4/6/2024,10:39:42,user_075,UPLOAD,srv-D4,5307189,ERROR
460,06/22/2023,00:20:15,user_056,DELETE,srv-C2,5562703,WARN
461,4/18/2024,14:22:49,user_071,LOGOUT,srv-B1,0,OK
462,10/15/2023,04:57:34,user_010,LOGOUT,srv-A1,0,OK
463,8/18/2024,18:25:49,user_005,COMMENT,srv-B4,9054279,OK
464,06/02/2023,11:25:14,user_076,DELETE,srv-A5,8563292,OK
465,1/8/2024,16:00:42,user_079,UPLOAD,srv-D2,2671308,OK
466,08/02/2024,21:55:09,user_062,VIEW,srv-A2,8181277,OK
467,9/28/2023,11:14:02,user_067,VIEW,srv-C3,7627651,WARN
468,02/10/2023,20:20:06,user_067,DELETE,srv-B4,9565700,OK
469,10/31/2024,12:23:37,user_010,COMMENT,srv-B4,3739628,OK
470,12/28/2023,11:31:50,user_078,LOGIN,srv-D2,0,OK
471,8/24/2023,02:32:41,user_020,UPLOAD,srv-B1,1985251,OK
472,2/29/2024,10:46:07,user_062,SHARE,srv-B2,6893744,OK
473,2/14/2023,04:36:37,user_066,LOGIN,srv-D4,2790745,OK
474,07/04/2023,16:25:38,user_003,DELETE,srv-A3,7909005,WARN
475,6/24/2023,07:53:26,user_075,UPLOAD,srv-D5,0,OK
476,12/3/2024,10:59:29,user_009,DOWNLOAD,srv-C3,1821504,OK
477,06/19/2024,16:43:26,user_078,LOGOUT,srv-B1,654924,WARN
478,6/28/2024,16:48:07,user_017,EXPORT,srv-D3,0,WARN
479,11/25/2024,20:27:33,user_006,COMMENT,srv-C4,8088689,OK
480,01/26/2024,11:37:51,user_074,LOGOUT,srv-C4,8005101,OK
481,3/27/2023,09:38:56,user_033,DOWNLOAD,srv-A1,0,OK
482,8/14/2024,16:07:33,user_027,VIEW,srv-C4,2596753,OK
483,8/22/2024,08:16:54,user_073,VIEW,srv-D5,6668174,OK
484,2/28/2024,17:50:35,user_048,COMMENT,srv-D3,5144785,OK
485,12/23/2024,12:47:08,user_016,DOWNLOAD,srv-C5,0,WARN
486,04/13/2023,06:32:25,user_071,EXPORT,srv-A2,88762,OK
487,5/29/2023,15:59:38,user_009,DELETE,srv-B3,633429,OK
488,2/15/2024,19:41:33,user_077,LOGIN,srv-B1,0,OK
489,7/26/2023,21:59:51,user_025,LOGIN,srv-D5,3886793,OK
490,11/21/2024,01:23:15,user_021,LOGOUT,srv-B4,0,OK
491,2/9/2024,12:37:12,user_009,LOGOUT,srv-D3,9380374,WARN
492,12/23/2023,11:52:17,user_025,SHARE,srv-C3,4380657,OK
493,6/2/2024,03:35:04,user_044,LOGOUT,srv-D2,0,WARN
494,08/11/2024,08:44:28,user_073,SHARE,srv-B3,0,ERROR
495,4/14/2024,21:29:57,user_004,SHARE,srv-A4,6420191,OK
496,08/14/2023,21:44:14,user_053,VIEW,srv-D2,4418274,OK
497,04/06/2023,12:43:47,user_010,COMMENT,srv-B1,5931382,OK
498,8/10/2024,08:11:47,user_025,SHARE,srv-B2,4061034,WARN
499,7/31/2023,07:12:53,user_080,VIEW,srv-A5,0,OK
500,3/22/2023,21:42:31,user_070,LOGIN,srv-D1,5291817,OK
501,08/11/2024,08:31:11,user_066,DELETE,srv-C3,9674836,OK
502,6/22/2024,13:30:34,user_045,EDIT,srv-B1,2019442,OK
503,4/16/2024,10:44:00,user_027,EDIT,srv-D4,6066680,OK
504,9/23/2023,05:35:16,user_061,EXPORT,srv-C1,8367972,OK
505,3/5/2024,22:48:23,user_052,DELETE,srv-C5,2200150,ERROR
506,12/03/2024,07:52:06,user_031,COMMENT,srv-C4,0,OK
507,6/3/2023,15:51:00,user_064,UPLOAD,srv-D2,5297024,OK
508,11/4/2023,08:35:54,user_051,LOGOUT,srv-B1,4266272,OK
509,10/6/2024,03:28:47,user_047,VIEW,srv-D3,4323737,OK
510,2/26/2024,03:22:55,user_078,DOWNLOAD,srv-D4,9033494,OK
511,10/19/2023,11:20:43,user_058,LOGOUT,srv-C3,0,OK
512,05/29/2023,05:40:51,user_054,EXPORT,srv-D4,1196955,OK
513,12/18/2023,07:20:20,user_035,EXPORT,srv-C3,7464156,OK
514,01/07/2024,23:37:33,user_053,UPLOAD,srv-B1,0,OK
515,08/29/2023,21:16:47,user_011,DOWNLOAD,srv-B1,1603125,OK
516,04/29/2024,17:03:01,user_068,LOGOUT,srv-A4,2605071,OK
517,02/04/2024,09:14:15,user_057,UPLOAD,srv-A5,2862327,OK
518,11/10/2024,11:55:58,user_061,SHARE,srv-D3,0,OK
519,5/19/2023,22:34:11,user_059,EXPORT,srv-C4,8955411,OK
520,12/22/2023,15:34:14,user_057,DELETE,srv-C2,2612506,OK
521,01/01/2023,16:52:48,user_045,DELETE,srv-D1,8253243,WARN
522,5/3/2024,09:00:49,user_038,EXPORT,srv-B3,0,OK
523,7/13/2023,13:56:35,user_032,UPLOAD,srv-C3,0,OK
524,3/23/2023,13:40:15,user_079,DELETE,srv-B5,0,OK
525,10/3/2023,13:12:54,user_018,DELETE,srv-A4,0,OK
526,10/6/2023,22:39:31,user_003,UPLOAD,srv-A2,0,OK
527,04/15/2023,09:17:08,user_002,DOWNLOAD,srv-A3,8280890,OK
528,3/6/2024,09:50:51,user_048,SHARE,srv-A2,2450947,OK
529,2/6/2024,02:34:30,user_033,EDIT,srv-A1,4176895,OK
530,3/29/2024,07:47:02,user_013,COMMENT,srv-B2,5236326,WARN
531,06/12/2023,20:46:02,user_071,COMMENT,srv-A4,5013251,OK
532,2/23/2023,21:13:07,user_056,VIEW,srv-A1,4632190,OK
533,2/10/2024,07:00:02,user_061,EXPORT,srv-A5,1501223,OK
534,5/26/2024,02:43:39,user_008,LOGIN,srv-C2,0,OK
535,4/20/2023,04:31:14,user_072,VIEW,srv-C5,0,OK
536,1/22/2024,11:46:08,user_006,SHARE,srv-C5,9105566,OK
537,7/14/2023,18:11:34,user_060,DELETE,srv-D5,0,OK
538,3/12/2023,16:09:28,user_034,COMMENT,srv-C2,8488562,OK
539,7/9/2023,00:39:54,user_080,DOWNLOAD,srv-C1,0,OK
540,7/5/2024,12:12:33,user_071,UPLOAD,srv-D5,6875379,OK
541,4/24/2023,03:33:42,user_017,UPLOAD,srv-A2,8143162,OK
542,2/2/2023,18:41:53,user_063,COMMENT,srv-D5,0,OK
543,1/11/2024,07:38:45,user_027,SHARE,srv-A3,1018380,OK
544,3/1/2024,11:50:45,user_079,DELETE,srv-D2,1180916,OK
545,3/21/2023,06:33:06,user_030,COMMENT,srv-C3,8828037,OK
546,08/06/2024,20:11:35,user_054,LOGOUT,srv-D4,7696054,OK
547,3/13/2024,03:10:50,user_052,COMMENT,srv-C1,0,OK
548,09/06/2024,14:59:22,user_071,VIEW,srv-C2,7224069,OK
549,11/28/2023,19:15:36,user_049,COMMENT,srv-B4,7590070,OK
550,02/11/2024,00:46:02,user_077,LOGIN,srv-D2,5064062,OK
551,8/16/2023,06:54:20,user_036,COMMENT,srv-D2,9590055,OK
552,2/8/2023,14:22:09,user_047,EXPORT,srv-B3,5038238,OK
553,02/14/2024,18:58:13,user_042,SHARE,srv-B1,9667576,OK
554,4/8/2023,19:41:19,user_074,EDIT,srv-A3,0,WARN
555,12/9/2023,11:56:52,user_016,DOWNLOAD,srv-D5,0,OK
556,10/9/2024,12:03:19,user_041,COMMENT,srv-D4,8428900,OK
557,06/06/2023,01:43:46,user_058,EXPORT,srv-D4,3725978,OK
558,2/8/2024,04:08:21,user_074,LOGIN,srv-D3,1427388,OK
559,3/20/2024,22:08:48,user_072,DOWNLOAD,srv-D1,9585338,OK
560,9/22/2024,23:33:15,user_035,EDIT,srv-C1,0,OK
561,4/26/2023,21:26:27,user_025,VIEW,srv-C2,406123,OK
562,06/23/2023,11:39:52,user_057,EXPORT,srv-A5,3917305,OK
563,01/18/2024,04:48:46,user_015,LOGIN,srv-B3,0,WARN
564,10/22/2023,00:21:44,user_040,SHARE,srv-D1,3506598,OK
565,08/05/2023,06:34:33,user_071,SHARE,srv-D5,0,OK
566,12/16/2024,21:01:24,user_068,LOGIN,srv-B4,4764956,OK
567,12/14/2024,19:17:03,user_002,LOGOUT,srv-C3,0,OK
568,11/6/2024,11:55:06,user_050,DOWNLOAD,srv-C3,1671072,WARN
569,5/11/2024,19:34:05,user_065,SHARE,srv-D3,0,OK
570,9/11/2023,16:19:21,user_021,LOGIN,srv-C2,0,OK
571,11/06/2023,07:32:17,user_033,EDIT,srv-A1,0,WARN
572,8/19/2023,04:21:57,user_018,LOGOUT,srv-C3,3815608,OK
573,08/09/2024,04:27:19,user_043,SHARE,srv-D3,2324928,OK
574,12/1/2024,06:55:08,user_068,UPLOAD,srv-C4,0,ERROR
575,05/29/2023,20:59:36,user_041,LOGOUT,srv-D3,1986209,OK
576,5/30/2023,23:01:48,user_053,EDIT,srv-B5,4593537,OK
577,7/12/2023,03:08:11,user_079,EXPORT,srv-B4,0,OK
578,9/2/2024,07:14:43,user_011,SHARE,srv-A5,7864546,OK
579,1/18/2024,05:54:24,user_018,UPLOAD,srv-B2,6854988,OK
580,01/16/2023,08:26:14,user_026,DOWNLOAD,srv-A3,7369982,WARN
581,5/16/2024,22:20:55,user_032,EDIT,srv-C3,0,OK
582,1/25/2024,23:20:25,user_074,EXPORT,srv-D3,646123,OK
583,4/7/2024,14:52:56,user_032,COMMENT,srv-D3,658532,OK
584,6/12/2024,20:03:12,user_051,DELETE,srv-B5,7087739,OK
585,2/25/2023,22:33:57,user_058,LOGOUT,srv-D2,9822182,WARN
586,12/13/2024,17:08:25,user_058,LOGIN,srv-B1,3387856,WARN
587,4/3/2023,08:20:44,user_021,LOGOUT,srv-A3,7539654,OK
588,03/29/2023,16:45:24,user_066,EXPORT,srv-B1,6385526,OK
589,6/24/2023,10:36:55,user_020,UPLOAD,srv-A5,860847,OK
590,11/13/2023,23:49:28,user_024,LOGOUT,srv-A5,0,OK
591,09/17/2023,00:29:31,user_070,LOGIN,srv-D5,0,OK
592,8/25/2024,21:30:29,user_011,EXPORT,srv-D5,9182868,OK
593,10/5/2024,17:52:52,user_024,UPLOAD,srv-A2,0,OK
594,2/3/2023,21:36:53,user_043,LOGOUT,srv-A2,2990511,OK
595,10/19/2023,19:42:44,user_074,COMMENT,srv-B1,0,OK
596,1/4/2024,01:05:49,user_048,EDIT,srv-A3,0,OK
597,3/8/2023,09:30:08,user_036,VIEW,srv-D2,3520621,OK
598,09/18/2024,01:06:36,user_068,LOGOUT,srv-D1,0,OK
599,12/24/2024,09:27:38,user_034,COMMENT,srv-D4,0,OK
600,5/13/2023,19:36:31,user_064,SHARE,srv-B1,0,OK
601,10/25/2023,06:00:07,user_016,DOWNLOAD,srv-D5,0,OK
602,12/8/2023,11:35:51,user_002,DOWNLOAD,srv-B5,1138100,OK
603,6/2/2024,17:20:49,user_043,VIEW,srv-C3,0,OK
604,01/30/2023,05:12:21,user_062,SHARE,srv-A2,0,OK
605,10/4/2024,14:57:55,user_043,SHARE,srv-C4,0,OK
606,6/17/2024,09:36:46,user_072,COMMENT,srv-A1,5565326,OK
607,12/29/2023,02:09:17,user_044,EDIT,srv-D3,0,OK
608,02/03/2024,05:38:07,user_040,VIEW,srv-A2,1456225,OK
609,09/01/2023,11:28:53,user_028,COMMENT,srv-B5,6278297,OK
610,7/26/2023,02:28:32,user_062,COMMENT,srv-A5,8111313,OK
611,6/20/2024,09:49:20,user_013,COMMENT,srv-A5,613249,OK
612,12/31/2024,16:07:00,user_006,EXPORT,srv-A3,774096,OK
613,11/5/2024,23:19:01,user_040,DOWNLOAD,srv-C1,4807802,OK
614,11/23/2023,14:42:07,user_021,DELETE,srv-A4,9388962,OK
615,7/31/2023,17:22:35,user_019,DELETE,srv-D4,1195257,OK
616,12/13/2023,17:28:03,user_061,LOGIN,srv-A4,1444846,OK
617,7/3/2023,22:38:57,user_058,EXPORT,srv-C2,3324357,OK
618,11/17/2024,17:05:59,user_060,EXPORT,srv-A5,7856366,OK
619,11/14/2023,21:41:45,user_061,DOWNLOAD,srv-B3,4329406,WARN
620,2/6/2024,05:44:58,user_042,SHARE,srv-D1,7974787,OK
621,5/5/2024,14:54:10,user_045,EXPORT,srv-D4,1726915,OK
622,4/20/2023,10:35:41,user_039,COMMENT,srv-C5,6936404,OK
623,9/7/2023,17:10:30,user_044,DOWNLOAD,srv-D4,7304023,OK
624,12/17/2023,17:44:15,user_010,EXPORT,srv-D1,7766314,OK
625,04/10/2023,14:11:19,user_009,EXPORT,srv-A4,0,OK
626,1/24/2024,10:31:41,user_012,DOWNLOAD,srv-A5,0,WARN
627,10/13/2024,00:48:09,user_058,COMMENT,srv-B5,9696080,OK
628,7/30/2023,21:56:20,user_039,EDIT,srv-C2,0,OK
629,9/18/2024,16:25:54,user_038,LOGIN,srv-C2,0,ERROR
630,01/01/2023,22:35:52,user_015,DELETE,srv-A1,9901306,OK
631,11/22/2023,22:24:25,user_070,DOWNLOAD,srv-B1,3157922,OK
632,01/04/2024,13:09:18,user_017,UPLOAD,srv-A1,263533,OK
633,5/13/2024,21:27:08,user_054,SHARE,srv-D5,0,OK
634,04/10/2024,16:27:35,user_050,VIEW,srv-B3,124654,OK
635,8/31/2023,22:32:17,user_070,EXPORT,srv-C2,635269,OK
636,12/22/2024,11:07:37,user_011,UPLOAD,srv-D2,0,ERROR
637,10/14/2023,14:33:05,user_079,LOGOUT,srv-B3,1309997,OK
638,7/6/2024,18:19:39,user_044,COMMENT,srv-A1,8601059,WARN
639,8/10/2024,23:21:26,user_038,DELETE,srv-B1,5101462,OK
640,7/31/2024,08:03:40,user_022,EXPORT,srv-A2,0,OK
641,10/1/2024,00:18:31,user_065,LOGOUT,srv-B4,4713926,OK
642,9/21/2023,00:47:07,user_076,UPLOAD,srv-C5,2942713,OK
643,12/18/2024,07:31:11,user_005,VIEW,srv-A3,0,OK
644,06/07/2023,15:48:26,user_031,SHARE,srv-B1,5789409,OK
645,9/28/2023,03:03:10,user_061,DELETE,srv-D1,0,OK
646,06/29/2024,07:24:43,user_061,DELETE,srv-A5,7293631,OK
647,04/04/2024,12:43:20,user_006,LOGOUT,srv-D3,0,ERROR
648,03/18/2024,19:58:41,user_043,DELETE,srv-B4,0,OK
649,8/21/2024,12:29:49,user_031,EXPORT,srv-B2,3018500,OK
650,1/11/2023,21:00:53,user_053,LOGOUT,srv-D2,7481668,OK
651,10/18/2023,08:12:02,user_012,LOGIN,srv-D5,0,OK
652,09/05/2024,20:07:45,user_012,EXPORT,srv-A5,9497058,OK
653,7/9/2023,03:44:11,user_060,LOGOUT,srv-C5,0,OK
654,03/13/2024,22:57:42,user_042,DELETE,srv-B1,0,OK
655,03/05/2023,12:24:21,user_034,DELETE,srv-B1,8249722,ERROR
656,7/25/2023,19:25:11,user_014,UPLOAD,srv-D3,0,OK
657,10/20/2024,03:58:28,user_014,LOGIN,srv-A3,4204309,OK
658,1/20/2023,15:09:41,user_005,EDIT,srv-B4,5533643,WARN
659,08/11/2024,00:32:45,user_063,SHARE,srv-C4,1176077,OK
660,01/04/2023,12:44:52,user_016,EXPORT,srv-D3,0,OK
661,11/29/2024,09:25:03,user_012,VIEW,srv-D3,0,OK
662,4/15/2024,09:41:12,user_006,EDIT,srv-B2,6544871,WARN
663,10/7/2024,22:22:31,user_057,DOWNLOAD,srv-A5,425547,OK
664,8/30/2024,07:31:24,user_070,DELETE,srv-D1,7538125,ERROR
665,1/17/2023,01:21:03,user_006,EDIT,srv-A4,8776491,OK
666,11/25/2024,17:09:47,user_010,LOGIN,srv-A5,319824,OK
667,9/25/2024,01:15:44,user_002,UPLOAD,srv-A2,0,OK
668,04/10/2023,14:39:10,user_009,LOGOUT,srv-A4,3700592,OK
669,07/27/2023,13:21:51,user_052,VIEW,srv-A4,0,OK
670,5/21/2023,10:53:50,user_006,EXPORT,srv-B1,2025773,OK
671,3/1/2024,05:44:23,user_057,DOWNLOAD,srv-D4,1677182,OK
672,10/9/2024,19:24:49,user_063,LOGOUT,srv-A1,1495541,OK
673,08/30/2024,09:26:44,user_061,UPLOAD,srv-B2,4545782,OK
674,2/26/2024,07:11:39,user_077,UPLOAD,srv-D1,0,OK
675,11/5/2023,11:26:00,user_025,LOGOUT,srv-D2,0,OK
676,07/06/2024,16:14:29,user_027,DELETE,srv-A2,2503452,OK
677,4/30/2024,15:11:10,user_006,LOGIN,srv-C2,7292580,OK
678,09/23/2024,14:02:06,user_069,UPLOAD,srv-B1,0,OK
679,04/29/2023,02:57:15,user_076,EXPORT,srv-C1,5464086,OK
680,4/23/2023,10:14:06,user_053,DOWNLOAD,srv-C3,0,OK
681,8/22/2024,15:03:56,user_028,EXPORT,srv-C5,6266039,OK
682,7/18/2023,20:22:17,user_017,LOGIN,srv-D4,2290115,OK
683,04/21/2024,14:26:10,user_029,DELETE,srv-D5,2851044,OK
684,07/20/2024,07:05:26,user_063,DOWNLOAD,srv-D4,7763873,OK
685,3/14/2024,23:55:15,user_056,EXPORT,srv-B3,0,OK
686,6/2/2023,18:57:00,user_006,LOGIN,srv-D1,0,OK
687,03/11/2024,16:25:30,user_013,SHARE,srv-D1,9369856,OK
688,12/10/2024,23:26:13,user_038,DOWNLOAD,srv-A3,5114309,OK
689,4/15/2024,18:47:37,user_059,SHARE,srv-A5,0,OK
690,1/15/2024,20:29:45,user_010,EDIT,srv-C1,4975954,OK
691,10/4/2023,22:39:34,user_027,LOGOUT,srv-D5,0,OK
692,2/26/2023,16:58:43,user_007,LOGOUT,srv-C3,685757,OK
693,6/29/2023,20:35:45,user_027,UPLOAD,srv-C1,1905181,OK
694,08/17/2024,22:13:48,user_029,VIEW,srv-C2,0,OK
695,3/9/2024,08:03:04,user_058,SHARE,srv-D2,2058722,OK
696,06/28/2024,21:52:34,user_058,EXPORT,srv-C2,0,WARN
697,3/9/2023,06:57:56,user_011,EDIT,srv-B1,1290961,OK
698,10/10/2023,03:44:09,user_027,COMMENT,srv-A1,9083771,WARN
699,04/30/2024,11:26:28,user_003,DELETE,srv-B2,3897818,OK
700,6/16/2024,20:21:26,user_042,SHARE,srv-D4,0,OK
701,7/15/2024,14:29:19,user_040,UPLOAD,srv-B4,6239485,ERROR
702,2/18/2023,04:22:18,user_022,EXPORT,srv-B1,0,OK
703,6/29/2023,22:44:57,user_020,UPLOAD,srv-B3,5312100,OK
704,3/27/2024,08:23:11,user_005,VIEW,srv-C2,7523391,OK
705,06/16/2023,17:19:07,user_052,SHARE,srv-A5,0,WARN
706,06/09/2023,00:47:34,user_043,DELETE,srv-D1,0,ERROR
707,8/10/2024,21:09:51,user_057,VIEW,srv-A4,0,WARN
708,5/23/2023,21:35:07,user_052,EXPORT,srv-B3,1551575,OK
709,9/14/2024,20:12:37,user_036,DOWNLOAD,srv-A1,7473546,OK
710,3/31/2023,16:25:12,user_078,EXPORT,srv-D2,0,WARN
711,01/05/2024,12:09:45,user_048,EDIT,srv-C2,5786800,OK
712,04/01/2024,17:05:13,user_057,EDIT,srv-C5,7110724,OK
713,2/29/2024,04:53:37,user_019,DOWNLOAD,srv-B5,8813089,ERROR
714,3/9/2023,18:48:24,user_053,DELETE,srv-C4,7753086,OK
715,5/21/2023,06:11:53,user_071,SHARE,srv-A2,0,OK
716,08/22/2024,09:31:35,user_029,LOGIN,srv-A1,5036006,ERROR
717,10/13/2024,15:07:41,user_037,EDIT,srv-B1,4106228,OK
718,10/11/2023,15:04:38,user_075,SHARE,srv-D4,4327037,OK
719,5/2/2024,22:52:07,user_074,LOGIN,srv-B4,981641,OK
720,4/17/2024,22:08:22,user_035,VIEW,srv-C4,0,ERROR
721,2/19/2023,09:18:33,user_010,COMMENT,srv-B2,0,OK
722,4/7/2023,19:48:10,user_041,DELETE,srv-B4,0,OK
723,04/09/2023,17:37:22,user_002,UPLOAD,srv-D2,8135255,OK
724,6/16/2023,03:13:09,user_025,COMMENT,srv-D5,0,ERROR
725,06/28/2024,22:35:44,user_015,EDIT,srv-C5,0,OK
726,5/15/2023,00:30:22,user_047,UPLOAD,srv-C5,0,OK
727,12/17/2023,05:45:19,user_016,DOWNLOAD,srv-A5,0,OK
728,8/21/2023,09:08:13,user_011,EDIT,srv-A4,8124448,OK
729,02/13/2023,06:06:02,user_066,EXPORT,srv-A2,4244844,OK
730,11/5/2023,21:00:48,user_016,EXPORT,srv-B2,3355853,OK
731,12/26/2023,00:05:09,user_036,EXPORT,srv-C2,8399251,OK
732,9/19/2024,07:32:36,user_075,LOGIN,srv-D2,3213634,ERROR
733,6/25/2023,17:00:46,user_028,COMMENT,srv-D1,9888165,OK
734,11/20/2024,03:11:53,user_049,EDIT,srv-B2,6838023,OK
735,11/18/2023,03:29:07,user_064,VIEW,srv-B5,681298,OK
736,5/20/2024,03:24:18,user_040,SHARE,srv-B3,4875279,ERROR
737,03/14/2024,06:54:04,user_061,VIEW,srv-B1,8248490,OK
738,2/10/2024,14:33:42,user_016,UPLOAD,srv-C3,9907906,ERROR
739,6/22/2023,02:23:12,user_077,EDIT,srv-A4,7125354,OK
740,10/13/2023,22:49:37,user_052,VIEW,srv-D1,0,ERROR
741,05/11/2024,16:17:09,user_014,LOGOUT,srv-B4,3872547,OK
742,5/18/2023,00:06:47,user_009,SHARE,srv-A1,0,OK
743,11/26/2024,10:09:19,user_013,LOGOUT,srv-D2,0,OK
744,7/26/2023,09:42:31,user_034,COMMENT,srv-C1,0,OK
745,01/19/2023,01:27:56,user_050,SHARE,srv-C1,0,OK
746,2/6/2023,01:11:35,user_039,UPLOAD,srv-D1,5242203,OK
747,5/14/2024,03:36:43,user_071,COMMENT,srv-D4,9433080,WARN
748,6/2/2024,01:25:16,user_049,EXPORT,srv-C2,0,OK
749,3/4/2023,00:37:02,user_047,VIEW,srv-D4,5725334,OK
750,3/14/2024,11:22:26,user_032,DOWNLOAD,srv-B3,0,OK
751,12/5/2024,02:55:19,user_022,LOGIN,srv-D3,7732776,OK
752,3/8/2024,18:32:57,user_003,SHARE,srv-D4,5310229,OK
753,02/04/2024,10:36:06,user_013,DOWNLOAD,srv-C1,5696526,OK
754,11/3/2023,11:27:12,user_010,COMMENT,srv-B2,797443,OK
755,8/10/2024,12:51:14,user_012,EXPORT,srv-A4,4586302,OK
756,6/27/2024,15:27:13,user_010,DELETE,srv-D2,0,OK
757,7/6/2024,10:12:26,user_080,COMMENT,srv-C5,0,OK
758,01/20/2023,20:45:33,user_074,SHARE,srv-B2,0,OK
759,4/23/2024,08:59:40,user_079,EDIT,srv-D4,0,OK
760,7/25/2023,11:29:09,user_039,EDIT,srv-C4,1080914,OK
761,2/27/2024,08:52:18,user_033,EXPORT,srv-B3,1905196,OK
762,1/29/2023,07:51:52,user_063,COMMENT,srv-C4,620819,OK
763,10/07/2023,04:01:16,user_036,COMMENT,srv-B1,0,OK
764,05/12/2024,00:03:55,user_041,EXPORT,srv-B5,0,WARN
765,02/21/2024,11:42:42,user_051,UPLOAD,srv-B3,8392777,WARN
766,06/18/2024,21:53:37,user_068,DELETE,srv-D1,0,OK
767,5/6/2023,10:21:53,user_050,DOWNLOAD,srv-C4,1792041,OK
768,10/09/2023,14:26:16,user_008,SHARE,srv-D3,1895176,OK
769,03/09/2024,15:43:15,user_019,VIEW,srv-D1,0,OK
770,1/22/2023,20:57:38,user_007,DOWNLOAD,srv-B4,5188664,OK
771,12/18/2024,11:57:51,user_069,DOWNLOAD,srv-C5,6593035,WARN
772,09/19/2023,09:05:59,user_031,DELETE,srv-B2,0,OK
773,03/25/2024,20:20:56,user_053,LOGIN,srv-B4,0,OK
774,05/18/2024,15:47:26,user_043,EDIT,srv-A4,0,OK
775,6/2/2024,02:22:26,user_071,VIEW,srv-C5,0,OK
776,10/18/2024,20:11:40,user_018,LOGIN,srv-C3,5126237,OK
777,3/26/2023,03:10:15,user_017,EXPORT,srv-C4,0,OK
778,5/4/2024,23:08:16,user_076,VIEW,srv-B5,6954096,OK
779,2/7/2024,12:53:56,user_003,LOGIN,srv-D3,0,OK
780,04/02/2023,14:12:16,user_022,LOGIN,srv-C3,0,OK
781,06/02/2023,02:23:10,user_016,LOGIN,srv-D2,7611954,OK
782,5/21/2024,03:14:45,user_035,DELETE,srv-D1,7236157,WARN
783,09/06/2024,06:52:18,user_025,EDIT,srv-B1,2448514,OK
784,09/26/2023,07:39:28,user_048,EXPORT,srv-C5,7866528,OK
785,11/28/2023,22:25:43,user_050,EDIT,srv-D5,1598523,OK
786,2/23/2023,10:59:15,user_046,EXPORT,srv-D5,0,OK
787,1/6/2023,08:32:39,user_051,VIEW,srv-A5,0,OK
788,8/17/2024,05:16:10,user_044,SHARE,srv-A5,8899034,OK
789,09/24/2023,03:20:02,user_064,DELETE,srv-C2,0,OK
790,09/27/2023,19:53:48,user_067,VIEW,srv-C4,0,OK
791,05/18/2024,04:35:54,user_057,LOGIN,srv-B2,3856420,OK
792,4/26/2024,08:10:45,user_015,SHARE,srv-A2,9409577,OK
793,05/19/2024,03:54:46,user_016,VIEW,srv-A3,4766683,OK
794,6/22/2023,23:32:52,user_075,DOWNLOAD,srv-D4,0,OK
795,8/7/2024,05:26:58,user_064,LOGOUT,srv-C1,2046668,OK
796,8/27/2024,03:53:20,user_011,SHARE,srv-D1,4518413,OK
797,1/6/2023,10:02:41,user_058,VIEW,srv-D4,816752,OK
798,10/17/2023,10:51:03,user_071,EXPORT,srv-C3,4280939,OK
799,2/13/2024,02:01:54,user_050,EDIT,srv-B5,0,ERROR
800,06/07/2023,03:19:31,user_040,EXPORT,srv-A5,1612483,OK
801,06/08/2024,06:31:28,user_061,DELETE,srv-D4,0,OK
802,3/8/2024,11:39:11,user_055,LOGOUT,srv-A2,7776656,OK
803,10/25/2024,21:45:09,user_068,COMMENT,srv-A3,7337608,OK
804,5/4/2024,09:09:08,user_039,DOWNLOAD,srv-D2,9538446,OK
805,3/20/2023,01:32:06,user_053,LOGOUT,srv-C5,0,OK
806,9/17/2023,11:16:37,user_065,LOGIN,srv-A4,0,OK
807,7/6/2023,12:02:05,user_039,VIEW,srv-D4,0,OK
808,4/5/2024,19:51:16,user_024,DOWNLOAD,srv-B1,4350628,WARN
809,4/19/2023,13:34:01,user_015,LOGIN,srv-B1,0,OK
810,02/19/2024,21:47:38,user_039,EXPORT,srv-D5,6626953,OK
811,3/31/2023,04:08:00,user_003,DOWNLOAD,srv-A1,2435283,OK
812,3/22/2024,20:54:50,user_012,DELETE,srv-C5,7077958,OK
813,6/20/2023,04:47:44,user_063,SHARE,srv-A1,0,OK
814,07/26/2023,09:36:53,user_007,VIEW,srv-A1,7244199,ERROR
815,05/22/2024,23:37:38,user_038,LOGIN,srv-D1,8612679,OK
816,09/18/2024,21:57:52,user_030,LOGIN,srv-D2,9670443,OK
817,3/7/2023,08:57:41,user_061,LOGOUT,srv-D1,0,OK
818,4/4/2024,22:27:01,user_025,SHARE,srv-C2,8516717,OK
819,12/02/2024,10:58:38,user_060,UPLOAD,srv-B5,0,OK
820,3/2/2024,21:41:47,user_061,UPLOAD,srv-D5,1446060,OK
821,5/13/2023,05:12:10,user_013,EDIT,srv-D1,3513701,OK
822,1/19/2023,11:56:16,user_021,UPLOAD,srv-D2,1068131,OK
823,4/27/2023,19:14:07,user_063,DELETE,srv-C1,0,OK
824,07/24/2024,08:57:09,user_066,EXPORT,srv-A4,0,WARN
825,3/24/2024,14:53:48,user_014,EXPORT,srv-D5,0,WARN
826,7/29/2024,01:32:06,user_016,DOWNLOAD,srv-C2,4901010,OK
827,6/2/2024,15:46:55,user_047,VIEW,srv-A5,3387157,OK
828,03/01/2024,00:15:53,user_044,DELETE,srv-D2,4463001,OK
829,2/29/2024,11:40:42,user_068,EDIT,srv-B3,7194453,OK
830,02/24/2024,14:54:33,user_047,LOGIN,srv-C5,166911,OK
831,6/13/2024,02:05:21,user_022,EDIT,srv-A2,622329,OK
832,10/18/2024,04:57:36,user_067,DELETE,srv-C4,9288041,WARN
833,11/18/2023,11:00:52,user_068,EXPORT,srv-A5,0,OK
834,7/30/2023,17:39:50,user_057,VIEW,srv-C3,0,WARN
835,3/28/2023,01:34:21,user_017,COMMENT,srv-D3,1557253,OK
836,11/16/2023,16:21:48,user_003,LOGIN,srv-D3,4049009,OK
837,11/8/2023,23:27:32,user_008,VIEW,srv-B4,0,OK
838,2/18/2023,20:07:28,user_001,SHARE,srv-C1,0,OK
839,08/18/2024,18:45:57,user_069,EXPORT,srv-B3,4773713,OK
840,8/9/2024,21:08:45,user_032,LOGOUT,srv-C1,3230541,OK
841,01/05/2024,14:06:09,user_053,LOGOUT,srv-A3,2182100,OK
842,4/1/2024,02:23:43,user_076,COMMENT,srv-D2,0,WARN
843,08/21/2024,15:40:27,user_063,EDIT,srv-B1,2132786,OK
844,04/13/2024,04:45:32,user_016,DOWNLOAD,srv-C5,2631333,WARN
845,1/14/2024,03:38:54,user_016,VIEW,srv-D4,8770751,OK
846,1/16/2024,09:23:19,user_004,UPLOAD,srv-A5,0,OK
847,11/09/2023,09:13:11,user_063,LOGIN,srv-A4,1133544,WARN
848,3/3/2024,15:36:19,user_044,EDIT,srv-D1,0,OK
849,5/16/2023,04:32:40,user_058,SHARE,srv-A5,0,OK
850,10/1/2024,21:39:26,user_051,VIEW,srv-D3,7433920,OK
851,10/23/2024,02:55:10,user_074,DELETE,srv-D3,0,OK
852,3/29/2023,06:39:34,user_007,EXPORT,srv-D2,7983198,OK
853,1/20/2023,03:42:59,user_003,DELETE,srv-B2,9723281,OK
854,6/30/2024,19:20:25,user_063,LOGIN,srv-C1,6961478,OK
855,6/24/2024,10:24:16,user_013,COMMENT,srv-B1,3064676,OK
856,4/2/2023,04:19:26,user_008,EXPORT,srv-C1,981497,OK
857,04/12/2023,10:09:26,user_034,EDIT,srv-A4,4020206,OK
858,08/23/2024,07:31:32,user_050,LOGOUT,srv-B4,7798444,OK
859,3/9/2023,15:01:26,user_003,DELETE,srv-D3,0,OK
860,9/10/2023,17:41:50,user_073,EDIT,srv-C5,8395862,OK
861,05/26/2023,11:34:10,user_069,EDIT,srv-D3,16794,OK
862,9/27/2024,09:41:10,user_062,DELETE,srv-D5,6377917,ERROR
863,10/9/2024,06:37:53,user_006,UPLOAD,srv-D3,5043874,OK
864,12/16/2024,03:53:08,user_036,EDIT,srv-B2,0,ERROR
865,11/22/2023,21:21:40,user_058,DELETE,srv-B3,0,OK
866,8/4/2023,14:38:21,user_018,LOGIN,srv-D5,160702,OK
867,02/28/2024,17:57:44,user_051,COMMENT,srv-A3,0,OK
868,03/21/2023,17:01:57,user_057,LOGOUT,srv-C2,0,OK
869,09/07/2024,11:24:11,user_002,LOGOUT,srv-C5,3237849,OK
870,8/15/2023,23:01:48,user_046,DOWNLOAD,srv-A3,0,OK
871,8/15/2023,07:31:23,user_064,EXPORT,srv-B2,6645223,OK
872,10/12/2023,18:32:31,user_025,EXPORT,srv-D5,1096569,OK
873,3/8/2023,04:16:59,user_030,COMMENT,srv-B4,387847,ERROR
874,12/10/2024,21:34:39,user_072,SHARE,srv-A1,0,OK
875,10/27/2024,01:54:20,user_053,DELETE,srv-A4,0,OK
876,01/06/2024,16:48:02,user_029,LOGIN,srv-B4,0,OK
877,11/20/2023,00:25:12,user_074,LOGIN,srv-B3,0,OK
878,3/18/2023,07:12:10,user_009,LOGOUT,srv-A1,403047,OK
879,10/3/2024,10:53:16,user_061,DOWNLOAD,srv-C1,0,OK
880,6/16/2024,07:04:49,user_057,LOGOUT,srv-C5,1435034,ERROR
881,02/04/2023,12:20:56,user_009,UPLOAD,srv-A2,0,OK
882,11/5/2023,19:40:27,user_008,COMMENT,srv-A2,6399761,OK
883,9/24/2024,13:14:55,user_080,LOGIN,srv-C5,7182422,WARN
884,09/26/2024,03:21:41,user_004,SHARE,srv-D2,3229300,OK
885,1/13/2023,19:45:04,user_025,EXPORT,srv-A5,0,OK
886,3/7/2024,15:46:39,user_032,UPLOAD,srv-A2,5228902,OK
887,6/9/2024,20:48:22,user_070,UPLOAD,srv-A5,5752912,OK
888,1/9/2023,16:37:42,user_008,DOWNLOAD,srv-D2,0,OK
889,02/25/2023,13:22:12,user_026,LOGOUT,srv-C1,7981342,OK
890,04/23/2024,19:44:21,user_073,VIEW,srv-D5,5513312,OK
891,04/10/2024,01:31:14,user_029,DOWNLOAD,srv-C5,0,OK
892,12/6/2023,23:24:13,user_001,VIEW,srv-A1,503611,OK
893,5/26/2023,09:28:12,user_047,LOGIN,srv-A1,4766421,OK
894,09/26/2023,23:11:21,user_032,UPLOAD,srv-B2,4392083,WARN
895,1/22/2023,21:08:24,user_015,VIEW,srv-B2,4029047,OK
896,01/17/2024,21:10:33,user_080,EDIT,srv-A3,2194370,OK
897,7/16/2023,17:24:44,user_077,EDIT,srv-B3,0,OK
898,8/24/2024,06:54:34,user_020,VIEW,srv-B3,4698850,WARN
899,6/4/2024,18:56:31,user_011,SHARE,srv-D5,8533123,OK
900,10/22/2024,16:23:31,user_023,VIEW,srv-C2,8108379,OK
901,5/21/2024,15:17:37,user_075,LOGIN,srv-B2,3405783,OK
902,8/29/2023,12:13:19,user_049,EXPORT,srv-B1,0,OK
903,7/17/2024,02:08:48,user_057,COMMENT,srv-C2,690263,OK
904,9/28/2024,10:27:28,user_053,VIEW,srv-D1,6415119,OK
905,3/28/2024,07:16:41,user_011,DELETE,srv-D2,1311290,OK
906,8/22/2023,03:07:04,user_070,DOWNLOAD,srv-C1,5523752,OK
907,11/30/2024,08:12:45,user_018,COMMENT,srv-B4,5024342,OK
908,12/21/2023,12:25:52,user_002,SHARE,srv-D2,0,ERROR
909,02/12/2024,07:14:46,user_061,DOWNLOAD,srv-D2,9271345,OK
910,4/17/2024,10:50:05,user_025,EDIT,srv-C4,7549276,WARN
911,01/31/2023,11:08:36,user_040,LOGIN,srv-D1,0,OK
912,12/14/2023,07:26:27,user_052,COMMENT,srv-B5,389899,OK
913,2/2/2023,04:09:21,user_078,EXPORT,srv-D4,0,ERROR
914,7/29/2023,12:04:34,user_061,LOGOUT,srv-C1,7575505,OK
915,11/8/2023,02:10:06,user_023,LOGIN,srv-D5,3132173,OK
916,1/31/2024,09:13:14,user_068,LOGOUT,srv-C5,8699518,OK
917,12/01/2023,13:25:10,user_017,COMMENT,srv-C4,1153651,OK
918,7/31/2023,04:55:13,user_061,UPLOAD,srv-D5,5206200,OK
919,5/29/2024,22:43:29,user_001,UPLOAD,srv-C5,6698083,OK
920,9/10/2023,16:21:58,user_063,SHARE,srv-C5,1528449,OK
921,04/12/2024,11:44:53,user_039,EDIT,srv-D5,0,OK
922,3/1/2024,07:11:57,user_056,SHARE,srv-C3,0,OK
923,08/05/2024,03:25:44,user_031,UPLOAD,srv-B4,0,OK
924,11/13/2024,02:44:46,user_028,SHARE,srv-C4,0,OK
925,1/13/2024,02:48:06,user_042,EDIT,srv-C5,3479126,OK
926,4/18/2024,00:04:40,user_060,EDIT,srv-C1,0,WARN
927,2/11/2024,01:00:16,user_018,VIEW,srv-C5,1144829,OK
928,11/3/2024,07:45:28,user_036,UPLOAD,srv-B1,0,OK
929,07/01/2023,09:07:34,user_022,LOGOUT,srv-A1,0,OK
930,1/2/2024,05:13:45,user_069,DOWNLOAD,srv-C5,0,OK
931,6/19/2024,20:42:45,user_014,EDIT,srv-B5,78278,OK
932,1/22/2024,06:59:15,user_031,DOWNLOAD,srv-A3,468825,ERROR
933,12/12/2023,06:43:42,user_013,UPLOAD,srv-B1,8598324,OK
934,12/1/2023,10:35:40,user_027,COMMENT,srv-C3,0,OK
935,8/7/2023,03:22:20,user_052,VIEW,srv-A1,7696982,OK
936,11/4/2024,08:41:39,user_009,DOWNLOAD,srv-C4,8381494,ERROR
937,04/15/2023,22:34:50,user_073,UPLOAD,srv-B4,0,OK
938,10/08/2024,22:24:43,user_018,VIEW,srv-B1,0,WARN
939,11/22/2023,21:30:04,user_078,EXPORT,srv-C5,3899452,OK
940,12/22/2024,00:14:01,user_016,DELETE,srv-B3,0,OK
941,9/26/2024,02:03:08,user_038,DOWNLOAD,srv-A5,635969,OK
942,9/4/2024,14:47:56,user_036,VIEW,srv-A2,6960756,OK
943,10/23/2023,00:14:54,user_044,DOWNLOAD,srv-B2,4166421,OK
944,12/13/2024,23:14:38,user_067,VIEW,srv-B1,101379,OK
945,5/18/2024,02:12:03,user_019,DOWNLOAD,srv-A5,9942692,OK
946,7/29/2023,07:32:05,user_060,DELETE,srv-B1,0,OK
947,6/30/2023,19:15:19,user_058,DOWNLOAD,srv-B4,0,OK
948,1/4/2024,12:24:10,user_055,COMMENT,srv-D5,0,OK
949,5/8/2024,00:48:24,user_011,DELETE,srv-D5,9275319,OK
950,9/21/2023,12:29:19,user_049,COMMENT,srv-D5,5590741,OK
951,4/25/2024,06:09:58,user_002,COMMENT,srv-C2,6976304,WARN
952,1/18/2024,12:31:19,user_076,LOGOUT,srv-C4,0,ERROR
953,5/8/2023,12:59:36,user_056,DELETE,srv-C2,8197714,OK
954,1/13/2024,22:03:41,user_055,DOWNLOAD,srv-B3,6063525,OK
955,11/23/2024,00:44:42,user_034,EXPORT,srv-C5,0,OK
956,09/11/2023,19:37:42,user_002,LOGOUT,srv-A3,0,WARN
957,2/12/2024,22:37:57,user_025,EDIT,srv-B1,0,OK
958,11/06/2023,16:34:42,user_076,DELETE,srv-C4,0,WARN
959,04/02/2023,03:40:36,user_045,UPLOAD,srv-B4,0,WARN
960,02/12/2024,22:19:00,user_063,LOGIN,srv-A4,7010185,OK
961,11/1/2024,09:46:27,user_048,UPLOAD,srv-A5,3053190,OK
962,4/23/2023,14:36:52,user_026,LOGIN,srv-B1,0,OK
963,2/23/2024,14:40:58,user_022,LOGOUT,srv-B5,2091809,OK
964,12/17/2023,00:37:15,user_013,LOGIN,srv-A2,121243,OK
965,02/12/2023,03:13:33,user_049,EXPORT,srv-D2,0,OK
966,5/12/2024,15:48:21,user_044,VIEW,srv-C1,0,OK
967,1/5/2024,21:25:24,user_046,VIEW,srv-A4,6741225,OK
968,05/23/2023,00:38:07,user_036,DOWNLOAD,srv-C2,7972523,OK
969,11/07/2024,06:00:40,user_042,LOGIN,srv-C2,0,ERROR
970,11/30/2023,21:28:14,user_052,EXPORT,srv-A3,7988000,ERROR
971,12/17/2024,03:46:24,user_025,UPLOAD,srv-D2,0,OK
972,05/31/2024,01:08:31,user_039,COMMENT,srv-C5,7487448,ERROR
973,5/8/2024,21:34:15,user_022,LOGOUT,srv-A4,490260,OK
974,12/1/2023,12:49:17,user_033,SHARE,srv-A4,0,WARN
975,10/10/2024,23:31:05,user_043,DOWNLOAD,srv-D4,0,OK
976,10/21/2024,10:24:58,user_049,COMMENT,srv-C4,0,OK
977,4/29/2023,09:05:07,user_076,DOWNLOAD,srv-A4,2137710,WARN
978,1/25/2024,18:47:00,user_076,COMMENT,srv-B2,0,ERROR
979,11/24/2023,11:51:43,user_017,COMMENT,srv-D5,1788215,OK
980,07/05/2024,14:20:09,user_038,DOWNLOAD,srv-D1,0,OK
981,10/18/2023,04:47:42,user_005,EXPORT,srv-C1,2071382,OK
982,12/24/2024,18:30:40,user_064,DELETE,srv-C3,5589238,OK
983,8/4/2023,23:59:51,user_007,UPLOAD,srv-D1,0,OK
984,11/6/2024,05:01:35,user_055,SHARE,srv-C2,0,OK
985,6/24/2024,23:18:18,user_025,COMMENT,srv-C3,5426063,OK
986,08/17/2024,01:54:59,user_059,UPLOAD,srv-D4,8094028,OK
987,05/29/2023,06:13:51,user_002,VIEW,srv-D4,2476408,OK
988,03/13/2024,21:53:10,user_013,VIEW,srv-D1,880336,OK
989,6/11/2024,20:21:37,user_020,EDIT,srv-B3,4040883,OK
990,11/6/2023,22:38:11,user_049,LOGOUT,srv-C5,0,OK
991,10/9/2023,20:41:28,user_016,LOGOUT,srv-A3,8552160,OK
992,8/23/2024,18:36:30,user_013,EXPORT,srv-B1,7275548,OK
993,05/09/2023,03:20:04,user_069,UPLOAD,srv-C3,0,OK
994,7/23/2024,17:50:51,user_009,COMMENT,srv-D4,2081873,OK
995,8/1/2023,21:57:07,user_077,UPLOAD,srv-A1,5273013,OK
996,5/12/2023,18:13:41,user_072,DELETE,srv-A2,2092406,OK
997,01/08/2024,17:10:27,user_001,DOWNLOAD,srv-B5,8714808,WARN
998,10/28/2023,21:34:28,user_063,VIEW,srv-D2,0,ERROR
999,9/12/2024,17:32:13,user_006,DOWNLOAD,srv-A2,5028286,WARN
1000,8/9/2023,04:38:35,user_046,DELETE,srv-A5,0,OK
