order_id,user_id,amount,order_date
1,USR340,76.9,2024-05-26
2,USR358,315.19,2024-10-13
3,USR329,397.31,2024-07-28
4,USR105,278.04,2024-10-03
5,USR005,209.22,2024-05-12
6,USR031,353.98,2024-05-25
7,USR467,484.74,2024-10-09
8,USR069,352.78,2024-09-08
9,USR454,380.89,2024-10-13
10,USR295,322.2,2024-06-30
11,USR025,38.54,2024-10-01
12,USR064,34.26,2024-01-31
13,USR157,298.71,2024-06-25
14,USR124,42.57,2024-11-15
15,USR033,8.84,2024-08-07
16,USR201,54.32,2024-08-23
17,USR130,370.6,2024-12-18
18,USR126,40.68,2024-08-28
19,USR276,322.61,2024-10-02
20,USR472,392.81,2024-08-22
21,USR352,190.87,2024-03-03
22,USR041,491.57,2024-02-12
23,USR445,233.66,2024-06-15
24,USR234,257.78,2024-04-03
25,USR060,154.19,2024-10-31
26,USR037,488.69,2024-12-28
27,USR293,367.65,2024-12-02
28,USR084,453.08,2024-03-20
29,USR202,122.06,2024-12-08
30,USR236,327.11,2024-10-05
31,USR351,267.47,2024-11-27
32,USR212,159.94,2024-05-14
33,USR478,497.74,2024-11-17
34,USR144,60.27,2024-02-08
35,USR366,235.47,2024-01-14
36,USR277,407.86,2024-02-25
37,USR135,428.69,2024-06-24
38,USR238,302.72,2024-08-17
39,USR147,283.26,2024-01-06
40,USR485,303.29,2024-04-03
41,USR206,441.48,2024-10-15
42,USR106,390.11,2024-11-12
43,USR440,294.08,2024-05-02
44,USR297,113.74,2024-09-23
45,USR042,405.97,2024-09-03
46,USR378,31.06,2024-12-03
47,USR356,457.14,2024-08-09
48,USR225,309.8,2024-04-25
49,USR446,479.42,2024-08-12
50,USR271,415.36,2024-11-26
51,USR039,165.79,2024-08-14
52,USR440,51.6,2024-05-24
53,USR035,475.72,2024-07-19
54,USR446,301.48,2024-05-02
55,USR163,461.73,2024-09-01
56,USR037,39.99,2024-06-30
57,USR064,200.45,2024-07-12
58,USR488,107.03,2024-01-10
59,USR288,173.19,2024-02-28
60,USR471,495.41,2024-03-12
61,USR207,317.45,2024-03-31
62,USR294,194.45,2024-06-28
63,USR198,455.04,2024-06-28
64,USR009,411.51,2024-11-03
65,USR104,224.3,2024-09-18
66,USR389,87.59,2024-07-09
67,USR494,308.68,2024-11-03
68,USR004,7.27,2024-01-28
69,USR233,161.15,2024-01-27
70,USR403,234.17,2024-11-06
71,USR250,198.45,2024-07-12
72,USR468,310.32,2024-10-22
73,USR119,132.56,2024-03-28
74,USR276,101.92,2024-09-27
75,USR474,236.34,2024-12-10
76,USR361,83.92,2024-02-03
77,USR119,142.68,2024-12-12
78,USR213,327.44,2024-12-10
79,USR076,276.36,2024-12-28
80,USR014,75.0,2024-05-28
81,USR158,188.11,2024-01-31
82,USR370,450.94,2024-06-25
83,USR423,218.73,2024-04-22
84,USR376,86.22,2024-09-23
85,USR142,112.97,2024-03-16
86,USR338,244.52,2024-10-28
87,USR215,305.98,2024-07-02
88,USR305,50.26,2024-05-06
89,USR319,26.56,2024-10-04
90,USR137,249.59,2024-03-27
91,USR254,468.06,2024-11-03
92,USR239,312.65,2024-09-11
93,USR498,305.77,2024-06-17
94,USR038,27.47,2024-11-25
95,USR124,113.96,2024-07-16
96,USR141,454.48,2024-05-10
97,USR272,468.34,2024-12-19
98,USR218,255.76,2024-04-13
99,USR493,492.72,2024-11-23
100,USR294,359.35,2024-10-15
101,USR152,445.5,2024-08-25
102,USR094,453.72,2024-11-03
103,USR243,86.0,2024-12-28
104,USR456,262.82,2024-11-06
105,USR326,232.22,2024-01-19
106,USR135,328.46,2024-01-04
107,USR037,108.16,2024-04-30
108,USR461,283.25,2024-07-23
109,USR352,443.79,2024-01-15
110,USR143,171.63,2024-03-18
111,USR490,25.48,2024-11-13
112,USR107,171.28,2024-03-18
113,USR471,76.41,2024-08-15
114,USR147,109.56,2024-05-03
115,USR234,371.94,2024-08-02
116,USR163,377.19,2024-05-02
117,USR184,22.86,2024-03-18
118,USR174,246.95,2024-08-27
119,USR206,377.32,2024-06-17
120,USR092,229.28,2024-12-25
121,USR045,460.0,2024-04-19
122,USR118,248.53,2024-05-05
123,USR178,359.14,2024-05-04
124,USR106,233.35,2024-06-30
125,USR080,42.62,2024-12-06
126,USR233,213.07,2024-04-13
127,USR042,384.57,2024-08-14
128,USR078,330.33,2024-06-27
129,USR342,260.77,2024-01-26
130,USR205,439.33,2024-07-24
131,USR420,321.08,2024-06-04
132,USR094,440.43,2024-06-16
133,USR163,452.95,2024-07-19
134,USR095,367.75,2024-07-07
135,USR485,397.85,2024-07-20
136,USR317,340.1,2024-09-25
137,USR495,412.59,2024-04-02
138,USR101,22.09,2024-09-21
139,USR106,44.92,2024-07-06
140,USR011,412.79,2024-09-17
141,USR309,133.73,2024-03-24
142,USR379,383.92,2024-11-07
143,USR112,333.61,2024-02-11
144,USR123,219.36,2024-04-22
145,USR214,55.86,2024-08-28
146,USR045,480.17,2024-09-09
147,USR377,69.99,2024-10-03
148,USR093,132.09,2024-03-08
149,USR482,383.13,2024-04-03
150,USR199,93.13,2024-11-12
151,USR493,364.74,2024-05-24
152,USR483,57.77,2024-02-23
153,USR429,248.76,2024-03-22
154,USR123,9.96,2024-01-16
155,USR367,106.1,2024-04-17
156,USR430,28.32,2024-04-26
157,USR121,96.98,2024-03-10
158,USR492,262.69,2024-12-16
159,USR099,190.03,2024-06-23
160,USR447,104.79,2024-02-18
161,USR110,486.51,2024-05-25
162,USR362,333.73,2024-07-13
163,USR163,217.22,2024-08-10
164,USR217,205.44,2024-02-13
165,USR417,326.98,2024-08-17
166,USR017,189.08,2024-02-18
167,USR318,344.42,2024-09-03
168,USR375,255.45,2024-03-05
169,USR381,31.68,2024-04-20
170,USR097,475.83,2024-10-03
171,USR098,26.46,2024-06-29
172,USR314,94.02,2024-05-25
173,USR059,234.37,2024-07-05
174,USR445,325.36,2024-04-06
175,USR315,272.19,2024-04-20
176,USR183,276.07,2024-09-15
177,USR192,61.43,2024-03-30
178,USR184,393.0,2024-12-20
179,USR010,454.66,2024-03-02
180,USR412,348.55,2024-01-12
181,USR275,162.58,2024-08-07
182,USR035,445.27,2024-06-22
183,USR076,346.56,2024-03-01
184,USR441,123.92,2024-12-21
185,USR180,99.55,2024-02-18
186,USR430,75.62,2024-11-17
187,USR085,273.8,2024-08-11
188,USR263,148.93,2024-02-20
189,USR353,64.5,2024-12-16
190,USR419,268.57,2024-05-04
191,USR155,270.36,2024-03-13
192,USR470,375.14,2024-10-06
193,USR281,316.92,2024-01-24
194,USR398,428.55,2024-08-07
195,USR435,457.61,2024-10-26
196,USR309,418.76,2024-03-10
197,USR332,384.82,2024-11-11
198,USR481,28.73,2024-08-19
199,USR448,221.72,2024-03-29
200,USR484,330.38,2024-03-30
201,USR335,348.5,2024-01-20
202,USR076,120.84,2024-02-17
203,USR037,482.65,2024-07-04
204,USR318,213.67,2024-05-02
205,USR393,354.33,2024-06-23
206,USR385,269.43,2024-01-05
207,USR397,117.75,2024-04-30
208,USR019,53.51,2024-10-12
209,USR160,248.84,2024-03-15
210,USR301,52.71,2024-08-02
211,USR071,118.64,2024-02-09
212,USR053,438.86,2024-05-31
213,USR339,399.08,2024-08-06
214,USR066,451.92,2024-07-28
215,USR411,495.57,2024-02-21
216,USR185,49.98,2024-06-26
217,USR470,318.93,2024-09-24
218,USR037,342.24,2024-05-14
219,USR071,335.34,2024-09-28
220,USR217,410.34,2024-05-10
221,USR439,471.23,2024-09-25
222,USR060,320.5,2024-05-17
223,USR070,464.25,2024-12-28
224,USR222,409.67,2024-06-08
225,USR035,312.08,2024-09-13
226,USR258,150.48,2024-04-23
227,USR459,257.09,2024-05-30
228,USR160,230.79,2024-04-23
229,USR072,100.63,2024-12-20
230,USR323,118.75,2024-01-22
231,USR484,319.99,2024-04-29
232,USR483,66.68,2024-03-12
233,USR454,188.92,2024-05-30
234,USR448,28.87,2024-10-23
235,USR222,409.99,2024-09-05
236,USR249,157.18,2024-03-07
237,USR267,184.15,2024-06-30
238,USR012,195.08,2024-03-31
239,USR387,112.13,2024-01-28
240,USR356,385.14,2024-02-11
241,USR327,270.34,2024-11-07
242,USR176,108.61,2024-01-21
243,USR302,261.03,2024-06-02
244,USR357,400.62,2024-02-14
245,USR462,361.06,2024-06-14
246,USR382,331.79,2024-03-06
247,USR258,244.36,2024-03-12
248,USR331,353.55,2024-06-22
249,USR288,445.53,2024-04-29
250,USR134,144.5,2024-06-30
251,USR429,34.95,2024-01-31
252,USR157,306.89,2024-10-12
253,USR102,249.3,2024-01-24
254,USR016,323.66,2024-07-01
255,USR175,166.69,2024-05-02
256,USR274,430.05,2024-03-28
257,USR442,204.66,2024-08-14
258,USR406,345.93,2024-01-30
259,USR359,39.04,2024-11-29
260,USR121,372.54,2024-09-24
261,USR148,127.32,2024-02-09
262,USR066,476.51,2024-02-04
263,USR326,299.29,2024-12-24
264,USR109,252.08,2024-03-30
265,USR280,75.67,2024-01-26
266,USR175,471.26,2024-02-08
267,USR475,478.17,2024-04-23
268,USR461,54.5,2024-06-27
269,USR209,482.79,2024-06-20
270,USR376,267.44,2024-01-21
271,USR451,290.67,2024-11-21
272,USR318,333.47,2024-01-14
273,USR059,376.72,2024-04-07
274,USR498,170.94,2024-09-22
275,USR143,6.93,2024-10-22
276,USR351,336.16,2024-06-12
277,USR265,418.1,2024-10-19
278,USR051,253.53,2024-10-08
279,USR277,14.22,2024-08-31
280,USR467,96.03,2024-10-12
281,USR278,318.32,2024-12-23
282,USR380,297.92,2024-02-27
283,USR164,340.01,2024-11-01
284,USR336,37.26,2024-08-27
285,USR337,477.47,2024-05-01
286,USR314,294.16,2024-09-22
287,USR074,52.01,2024-01-16
288,USR182,387.84,2024-07-31
289,USR454,446.56,2024-03-18
290,USR238,96.72,2024-02-28
291,USR406,447.78,2024-01-02
292,USR048,85.13,2024-10-09
293,USR205,71.9,2024-06-29
294,USR161,48.18,2024-02-28
295,USR178,205.4,2024-05-05
296,USR072,176.44,2024-06-16
297,USR068,152.44,2024-04-29
298,USR430,485.08,2024-03-09
299,USR122,323.99,2024-01-10
300,USR061,279.5,2024-09-02
301,USR461,85.91,2024-03-07
302,USR230,151.33,2024-04-14
303,USR172,328.49,2024-06-10
304,USR282,486.17,2024-01-20
305,USR403,155.41,2024-05-29
306,USR279,343.65,2024-10-01
307,USR243,357.14,2024-12-29
308,USR102,261.73,2024-03-20
309,USR396,249.53,2024-12-27
310,USR041,40.68,2024-12-04
311,USR420,31.16,2024-05-09
312,USR078,430.91,2024-03-07
313,USR027,66.99,2024-06-11
314,USR054,490.33,2024-12-15
315,USR267,211.47,2024-03-12
316,USR176,416.63,2024-10-31
317,USR162,311.44,2024-01-30
318,USR086,41.1,2024-01-22
319,USR088,391.54,2024-11-25
320,USR261,463.46,2024-05-09
321,USR105,17.02,2024-04-20
322,USR403,173.67,2024-02-05
323,USR457,88.92,2024-02-13
324,USR093,203.93,2024-05-14
325,USR465,82.64,2024-07-24
326,USR149,256.64,2024-05-01
327,USR013,74.59,2024-08-18
328,USR135,457.47,2024-01-17
329,USR300,405.75,2024-01-07
330,USR094,268.85,2024-05-14
331,USR066,457.65,2024-09-25
332,USR335,394.33,2024-07-10
333,USR024,291.32,2024-11-18
334,USR417,51.42,2024-11-26
335,USR498,393.85,2024-08-07
336,USR447,302.3,2024-06-21
337,USR358,131.92,2024-08-28
338,USR471,282.52,2024-08-14
339,USR212,403.41,2024-10-14
340,USR349,380.71,2024-05-10
341,USR377,494.13,2024-12-16
342,USR324,350.58,2024-03-26
343,USR024,493.33,2024-09-23
344,USR199,486.97,2024-11-23
345,USR094,442.67,2024-06-11
346,USR197,362.04,2024-06-21
347,USR117,372.13,2024-04-14
348,USR293,487.61,2024-11-24
349,USR289,362.53,2024-04-01
350,USR404,363.3,2024-07-24
351,USR193,275.04,2024-06-04
352,USR466,43.49,2024-12-30
353,USR046,324.97,2024-01-15
354,USR444,197.67,2024-02-21
355,USR047,378.28,2024-09-21
356,USR208,57.12,2024-09-02
357,USR077,189.35,2024-10-26
358,USR214,486.9,2024-08-02
359,USR234,300.13,2024-12-10
360,USR332,420.0,2024-04-20
361,USR249,353.48,2024-04-08
362,USR140,358.51,2024-05-02
363,USR139,333.23,2024-05-20
364,USR163,165.36,2024-09-02
365,USR062,408.0,2024-03-05
366,USR486,451.75,2024-09-07
367,USR173,145.34,2024-12-07
368,USR365,231.7,2024-05-28
369,USR184,23.08,2024-10-10
370,USR080,284.4,2024-02-10
371,USR064,441.85,2024-09-08
372,USR008,117.45,2024-10-15
373,USR436,156.39,2024-12-09
374,USR410,430.4,2024-08-12
375,USR386,297.24,2024-07-19
376,USR302,29.31,2024-07-01
377,USR173,498.36,2024-09-21
378,USR428,462.02,2024-10-07
379,USR450,438.27,2024-11-20
380,USR406,431.88,2024-11-27
381,USR272,473.35,2024-03-07
382,USR242,447.01,2024-04-18
383,USR226,406.48,2024-07-18
384,USR353,223.64,2024-02-03
385,USR388,334.01,2024-03-21
386,USR256,479.82,2024-09-25
387,USR464,483.35,2024-04-08
388,USR039,484.32,2024-08-17
389,USR450,379.57,2024-06-16
390,USR374,379.97,2024-06-28
391,USR107,71.37,2024-04-19
392,USR414,130.55,2024-01-05
393,USR446,401.92,2024-07-27
394,USR245,146.52,2024-06-24
395,USR281,455.11,2024-01-16
396,USR101,83.06,2024-12-21
397,USR430,267.21,2024-02-24
398,USR104,168.45,2024-02-03
399,USR202,406.65,2024-09-05
400,USR008,224.41,2024-09-14
401,USR356,415.79,2024-08-29
402,USR027,335.07,2024-01-15
403,USR089,120.44,2024-05-05
404,USR172,341.36,2024-12-11
405,USR012,283.69,2024-03-26
406,USR437,404.67,2024-04-22
407,USR486,426.98,2024-01-10
408,USR279,110.39,2024-06-02
409,USR365,220.0,2024-03-03
410,USR207,92.1,2024-01-25
411,USR242,377.22,2024-05-09
412,USR066,60.39,2024-11-05
413,USR359,238.78,2024-10-13
414,USR096,280.46,2024-05-05
415,USR198,477.53,2024-03-01
416,USR455,24.08,2024-12-20
417,USR087,57.39,2024-03-17
418,USR330,365.78,2024-03-09
419,USR202,497.44,2024-02-09
420,USR038,256.32,2024-11-23
421,USR310,22.23,2024-02-20
422,USR164,490.14,2024-05-10
423,USR128,238.24,2024-02-28
424,USR421,232.06,2024-02-02
425,USR204,247.86,2024-03-26
426,USR497,453.45,2024-02-07
427,USR232,146.61,2024-11-09
428,USR101,475.91,2024-06-23
429,USR045,445.04,2024-10-01
430,USR449,383.45,2024-10-08
431,USR258,140.49,2024-06-04
432,USR172,421.52,2024-05-29
433,USR111,251.33,2024-04-07
434,USR338,311.13,2024-02-29
435,USR113,348.17,2024-09-07
436,USR165,288.35,2024-07-03
437,USR149,284.84,2024-10-28
438,USR087,480.12,2024-01-16
439,USR112,312.5,2024-05-04
440,USR489,88.58,2024-05-09
441,USR124,498.83,2024-02-09
442,USR397,434.32,2024-12-22
443,USR209,209.27,2024-05-06
444,USR446,222.74,2024-10-26
445,USR144,367.02,2024-10-09
446,USR010,440.76,2024-01-30
447,USR105,243.51,2024-12-13
448,USR029,421.16,2024-01-18
449,USR048,188.4,2024-06-24
450,USR186,312.18,2024-03-31
451,USR409,207.64,2024-04-08
452,USR348,424.09,2024-05-21
453,USR075,481.53,2024-09-03
454,USR113,325.54,2024-07-04
455,USR352,482.29,2024-03-11
456,USR281,259.27,2024-08-29
457,USR343,239.53,2024-05-24
458,USR257,189.53,2024-10-18
459,USR037,385.5,2024-05-13
460,USR397,486.71,2024-04-09
461,USR089,103.15,2024-11-28
462,USR305,375.53,2024-04-18
463,USR171,22.92,2024-08-16
464,USR197,320.53,2024-01-09
465,USR117,269.17,2024-01-13
466,USR211,347.4,2024-09-07
467,USR143,400.17,2024-02-07
468,USR380,450.13,2024-05-23
469,USR441,403.65,2024-12-05
470,USR450,107.07,2024-02-29
471,USR358,185.53,2024-05-22
472,USR246,351.05,2024-10-02
473,USR189,25.02,2024-02-24
474,USR145,418.44,2024-01-03
475,USR430,351.19,2024-08-29
476,USR414,44.25,2024-09-28
477,USR126,334.69,2024-08-19
478,USR331,97.89,2024-10-08
479,USR085,207.87,2024-04-06
480,USR300,495.15,2024-08-31
481,USR463,166.69,2024-03-14
482,USR021,195.4,2024-07-07
483,USR092,344.92,2024-06-17
484,USR440,443.04,2024-09-21
485,USR247,250.42,2024-03-02
486,USR072,369.84,2024-09-14
487,USR359,196.44,2024-08-03
488,USR221,390.89,2024-05-21
489,USR275,301.61,2024-01-31
490,USR083,404.76,2024-10-10
491,USR087,122.17,2024-08-08
492,USR297,229.89,2024-01-26
493,USR356,258.87,2024-05-30
494,USR500,135.98,2024-04-05
495,USR083,165.81,2024-11-13
496,USR054,226.74,2024-12-07
497,USR355,145.81,2024-12-07
498,USR364,379.0,2024-08-30
499,USR381,354.29,2024-03-10
500,USR435,140.36,2024-05-31
501,USR445,265.14,2024-11-13
502,USR082,410.69,2024-07-08
503,USR117,101.1,2024-06-13
504,USR434,325.02,2024-01-16
505,USR061,494.79,2024-11-09
506,USR329,96.77,2024-03-11
507,USR445,336.96,2024-07-18
508,USR436,381.07,2024-05-06
509,USR335,488.2,2024-12-29
510,USR325,201.32,2024-10-08
511,USR055,277.95,2024-09-23
512,USR188,326.1,2024-03-01
513,USR341,429.95,2024-09-16
514,USR241,7.46,2024-04-01
515,USR352,146.85,2024-07-26
516,USR324,400.64,2024-06-02
517,USR086,455.5,2024-10-17
518,USR032,487.27,2024-01-31
519,USR311,397.59,2024-02-16
520,USR451,240.56,2024-04-09
521,USR260,127.63,2024-12-08
522,USR260,155.57,2024-12-01
523,USR271,221.72,2024-04-19
524,USR413,477.4,2024-07-19
525,USR393,494.04,2024-08-01
526,USR450,337.45,2024-07-31
527,USR272,166.35,2024-09-19
528,USR100,450.95,2024-01-22
529,USR163,263.64,2024-06-18
530,USR410,452.36,2024-03-10
531,USR427,58.06,2024-08-02
532,USR077,441.92,2024-12-19
533,USR066,438.99,2024-11-29
534,USR335,179.75,2024-08-22
535,USR250,62.1,2024-09-03
536,USR349,139.96,2024-12-27
537,USR227,348.69,2024-10-27
538,USR216,79.58,2024-01-24
539,USR102,332.49,2024-01-06
540,USR324,239.58,2024-06-18
541,USR098,328.42,2024-10-12
542,USR319,131.16,2024-09-08
543,USR136,99.9,2024-05-14
544,USR344,442.96,2024-11-08
545,USR082,10.04,2024-12-03
546,USR054,452.36,2024-03-27
547,USR197,273.5,2024-07-14
548,USR326,210.33,2024-12-23
549,USR354,233.05,2024-02-02
550,USR340,466.61,2024-09-22
551,USR218,79.24,2024-08-31
552,USR045,111.72,2024-11-30
553,USR056,243.5,2024-12-05
554,USR322,230.59,2024-06-08
555,USR118,375.9,2024-02-19
556,USR286,399.05,2024-03-08
557,USR254,342.38,2024-04-04
558,USR244,14.51,2024-07-19
559,USR194,386.46,2024-01-19
560,USR299,340.02,2024-08-31
561,USR084,194.91,2024-11-06
562,USR281,49.81,2024-09-02
563,USR141,162.67,2024-06-22
564,USR245,100.6,2024-06-29
565,USR466,65.75,2024-02-02
566,USR079,328.01,2024-01-29
567,USR063,350.36,2024-06-02
568,USR118,50.12,2024-02-01
569,USR180,206.48,2024-01-06
570,USR011,404.33,2024-05-31
571,USR116,32.08,2024-12-05
572,USR277,296.89,2024-11-20
573,USR449,430.19,2024-01-04
574,USR351,254.09,2024-09-19
575,USR348,312.85,2024-07-03
576,USR053,337.23,2024-05-08
577,USR362,78.23,2024-01-09
578,USR172,276.85,2024-08-10
579,USR271,112.24,2024-03-14
580,USR208,12.31,2024-05-22
581,USR391,331.44,2024-05-10
582,USR140,450.03,2024-01-31
583,USR313,227.01,2024-04-09
584,USR012,204.93,2024-05-01
585,USR220,381.96,2024-10-25
586,USR140,282.51,2024-11-22
587,USR041,155.55,2024-02-29
588,USR230,86.25,2024-03-15
589,USR313,276.63,2024-08-15
590,USR256,348.52,2024-01-19
591,USR009,382.64,2024-08-10
592,USR309,252.75,2024-10-22
593,USR203,141.62,2024-11-17
594,USR158,7.7,2024-01-10
595,USR354,186.13,2024-06-25
596,USR289,123.62,2024-07-17
597,USR282,489.36,2024-04-23
598,USR088,289.73,2024-08-22
599,USR057,64.38,2024-10-05
600,USR285,134.99,2024-10-09
601,USR128,221.95,2024-01-31
602,USR365,348.8,2024-05-03
603,USR293,126.98,2024-06-06
604,USR307,245.86,2024-02-20
605,USR268,120.88,2024-03-25
606,USR247,485.94,2024-09-25
607,USR074,249.79,2024-05-20
608,USR064,457.1,2024-04-15
609,USR245,336.07,2024-05-09
610,USR261,306.99,2024-02-28
611,USR098,421.18,2024-07-30
612,USR064,73.64,2024-04-15
613,USR344,475.44,2024-04-26
614,USR166,219.73,2024-07-14
615,USR369,123.2,2024-08-01
616,USR257,418.73,2024-09-21
617,USR057,431.49,2024-03-18
618,USR226,230.56,2024-02-08
619,USR149,104.32,2024-11-27
620,USR149,318.51,2024-08-15
621,USR070,493.37,2024-07-24
622,USR203,125.84,2024-08-04
623,USR427,360.8,2024-12-23
624,USR167,431.56,2024-07-25
625,USR101,277.83,2024-10-27
626,USR031,451.24,2024-01-11
627,USR452,482.04,2024-12-23
628,USR232,28.54,2024-12-12
629,USR306,252.17,2024-09-23
630,USR500,205.84,2024-06-04
631,USR278,78.03,2024-08-05
632,USR099,225.16,2024-08-08
633,USR296,218.02,2024-06-04
634,USR172,200.32,2024-06-21
635,USR195,452.71,2024-10-17
636,USR271,113.86,2024-11-10
637,USR463,361.81,2024-03-27
638,USR261,301.23,2024-06-05
639,USR076,154.98,2024-11-16
640,USR068,91.77,2024-01-22
641,USR044,108.12,2024-11-27
642,USR130,123.84,2024-04-12
643,USR073,332.87,2024-08-30
644,USR417,57.74,2024-05-09
645,USR114,42.39,2024-03-11
646,USR442,68.07,2024-06-30
647,USR490,130.34,2024-05-05
648,USR439,145.77,2024-02-08
649,USR158,164.51,2024-11-27
650,USR101,95.71,2024-03-03
651,USR401,94.09,2024-03-24
652,USR166,146.85,2024-10-10
653,USR017,204.72,2024-10-28
654,USR137,488.57,2024-02-05
655,USR289,242.81,2024-11-13
656,USR117,314.31,2024-07-16
657,USR055,411.46,2024-03-26
658,USR310,350.95,2024-09-10
659,USR412,473.89,2024-07-16
660,USR181,16.92,2024-09-24
661,USR129,61.46,2024-12-11
662,USR077,89.78,2024-02-29
663,USR455,195.31,2024-12-27
664,USR117,493.94,2024-06-08
665,USR206,116.67,2024-06-20
666,USR470,67.94,2024-10-03
667,USR434,334.35,2024-07-13
668,USR123,238.72,2024-11-20
669,USR383,346.79,2024-02-25
670,USR492,332.73,2024-04-17
671,USR037,464.51,2024-07-29
672,USR256,278.1,2024-03-23
673,USR210,40.38,2024-02-20
674,USR320,70.48,2024-09-09
675,USR085,362.5,2024-08-27
676,USR341,46.28,2024-11-08
677,USR306,156.46,2024-07-31
678,USR347,255.53,2024-05-25
679,USR164,144.14,2024-10-12
680,USR244,18.07,2024-10-09
681,USR418,176.14,2024-03-23
682,USR319,143.03,2024-08-13
683,USR486,95.03,2024-12-29
684,USR001,104.19,2024-03-14
685,USR062,291.42,2024-11-01
686,USR176,257.72,2024-09-11
687,USR402,408.73,2024-04-29
688,USR042,247.74,2024-04-04
689,USR060,286.1,2024-03-26
690,USR214,167.59,2024-05-18
691,USR022,480.78,2024-03-18
692,USR469,374.83,2024-12-26
693,USR292,247.71,2024-12-18
694,USR159,494.13,2024-12-07
695,USR475,107.6,2024-07-21
696,USR062,325.34,2024-05-25
697,USR393,74.44,2024-12-25
698,USR076,261.63,2024-09-14
699,USR300,107.35,2024-12-14
700,USR266,58.35,2024-01-28
701,USR034,22.7,2024-05-10
702,USR008,156.41,2024-12-22
703,USR138,441.43,2024-03-19
704,USR183,365.81,2024-03-17
705,USR165,431.15,2024-07-19
706,USR042,73.87,2024-10-10
707,USR066,75.53,2024-08-18
708,USR213,347.48,2024-05-10
709,USR135,61.08,2024-04-10
710,USR444,311.41,2024-12-17
711,USR483,315.36,2024-10-20
712,USR350,217.75,2024-09-24
713,USR189,399.05,2024-11-24
714,USR208,89.32,2024-12-21
715,USR041,231.57,2024-01-06
716,USR072,323.45,2024-06-07
717,USR086,138.82,2024-09-09
718,USR481,157.48,2024-10-05
719,USR417,189.98,2024-04-23
720,USR420,485.87,2024-05-08
721,USR235,157.38,2024-01-17
722,USR282,396.25,2024-07-10
723,USR322,470.03,2024-11-19
724,USR433,74.2,2024-02-25
725,USR052,76.87,2024-01-13
726,USR192,85.07,2024-09-30
727,USR246,20.33,2024-01-23
728,USR087,297.6,2024-04-01
729,USR331,386.59,2024-02-24
730,USR382,485.31,2024-09-11
731,USR456,333.31,2024-03-02
732,USR248,164.12,2024-01-23
733,USR331,484.51,2024-08-24
734,USR204,224.39,2024-12-27
735,USR465,242.34,2024-07-08
736,USR499,426.83,2024-11-01
737,USR334,138.4,2024-04-30
738,USR050,487.3,2024-01-26
739,USR115,432.09,2024-06-02
740,USR165,56.81,2024-10-23
741,USR231,296.18,2024-04-22
742,USR458,152.03,2024-03-29
743,USR214,84.63,2024-03-19
744,USR091,268.21,2024-12-02
745,USR243,388.76,2024-08-22
746,USR113,190.06,2024-11-28
747,USR087,434.2,2024-12-10
748,USR425,86.44,2024-09-02
749,USR363,465.53,2024-10-15
750,USR262,395.84,2024-12-05
751,USR388,41.56,2024-03-24
752,USR017,6.67,2024-05-14
753,USR009,287.33,2024-01-22
754,USR471,272.17,2024-08-07
755,USR454,61.54,2024-12-08
756,USR427,183.53,2024-02-23
757,USR089,30.03,2024-08-06
758,USR238,221.64,2024-04-12
759,USR256,258.96,2024-10-23
760,USR298,351.67,2024-07-30
761,USR346,246.6,2024-08-30
762,USR400,219.78,2024-01-25
763,USR303,403.04,2024-03-22
764,USR210,467.54,2024-11-08
765,USR168,42.08,2024-07-29
766,USR035,184.57,2024-04-03
767,USR120,288.63,2024-07-01
768,USR434,440.01,2024-03-09
769,USR238,220.96,2024-04-20
770,USR078,322.4,2024-05-27
771,USR344,222.52,2024-02-22
772,USR364,415.08,2024-06-26
773,USR362,475.58,2024-09-23
774,USR115,413.43,2024-11-19
775,USR283,80.69,2024-11-09
776,USR283,289.02,2024-11-20
777,USR323,130.89,2024-10-12
778,USR314,91.53,2024-12-26
779,USR396,197.74,2024-11-03
780,USR003,343.39,2024-12-18
781,USR144,251.99,2024-04-11
782,USR239,428.92,2024-09-24
783,USR319,376.35,2024-05-21
784,USR122,354.34,2024-08-16
785,USR174,328.94,2024-06-01
786,USR267,43.37,2024-08-19
787,USR367,330.28,2024-08-22
788,USR432,349.03,2024-06-27
789,USR176,477.82,2024-03-03
790,USR119,349.76,2024-05-16
791,USR044,330.58,2024-01-28
792,USR477,196.25,2024-11-17
793,USR014,367.44,2024-08-11
794,USR067,173.97,2024-08-11
795,USR175,376.05,2024-11-19
796,USR175,28.19,2024-02-20
797,USR034,296.44,2024-07-29
798,USR405,162.37,2024-01-04
799,USR323,235.21,2024-08-28
800,USR331,243.97,2024-03-16
801,USR323,492.4,2024-11-03
802,USR081,425.58,2024-12-04
803,USR108,169.83,2024-09-12
804,USR227,360.81,2024-04-16
805,USR184,297.96,2024-11-22
806,USR387,102.2,2024-02-12
807,USR412,318.43,2024-06-30
808,USR105,59.41,2024-02-07
809,USR376,83.2,2024-08-14
810,USR442,29.02,2024-09-11
811,USR335,56.94,2024-01-31
812,USR125,27.49,2024-12-30
813,USR050,480.73,2024-11-15
814,USR029,491.97,2024-09-25
815,USR446,286.72,2024-04-29
816,USR132,394.2,2024-01-02
817,USR001,168.3,2024-06-30
818,USR437,143.97,2024-06-05
819,USR414,26.41,2024-04-08
820,USR267,340.27,2024-09-28
821,USR067,463.78,2024-01-11
822,USR347,193.42,2024-07-30
823,USR249,310.22,2024-09-01
824,USR461,48.9,2024-12-14
825,USR072,275.6,2024-12-21
826,USR334,41.32,2024-02-19
827,USR483,293.6,2024-01-24
828,USR408,76.58,2024-09-10
829,USR426,264.67,2024-06-22
830,USR451,297.7,2024-11-18
831,USR415,165.46,2024-09-26
832,USR356,219.06,2024-03-05
833,USR047,12.28,2024-09-06
834,USR052,354.59,2024-11-07
835,USR270,112.59,2024-12-14
836,USR288,168.01,2024-09-28
837,USR403,409.66,2024-02-05
838,USR206,171.41,2024-02-15
839,USR418,34.22,2024-03-22
840,USR201,209.01,2024-01-18
841,USR006,9.53,2024-03-22
842,USR148,481.06,2024-10-28
843,USR438,73.96,2024-06-13
844,USR029,336.64,2024-10-14
845,USR148,167.25,2024-09-06
846,USR337,195.14,2024-12-18
847,USR438,33.55,2024-03-04
848,USR369,115.63,2024-10-23
849,USR057,359.48,2024-03-26
850,USR010,312.26,2024-02-13
851,USR464,392.7,2024-05-06
852,USR045,43.55,2024-06-16
853,USR420,24.07,2024-12-17
854,USR225,442.61,2024-07-26
855,USR431,224.72,2024-12-23
856,USR489,464.34,2024-01-02
857,USR396,161.9,2024-12-03
858,USR329,315.74,2024-12-01
859,USR078,367.4,2024-10-01
860,USR124,180.13,2024-05-08
861,USR084,326.37,2024-01-16
862,USR281,114.71,2024-03-30
863,USR187,58.81,2024-04-09
864,USR135,129.13,2024-02-28
865,USR164,446.16,2024-02-06
866,USR311,31.85,2024-10-24
867,USR114,451.39,2024-05-04
868,USR138,51.63,2024-05-13
869,USR202,490.17,2024-08-22
870,USR490,354.88,2024-01-01
871,USR415,37.94,2024-11-24
872,USR137,64.4,2024-05-16
873,USR468,499.38,2024-02-28
874,USR230,41.34,2024-12-30
875,USR255,424.54,2024-06-10
876,USR297,136.8,2024-04-19
877,USR126,489.77,2024-08-05
878,USR378,385.59,2024-08-07
879,USR233,169.93,2024-02-29
880,USR259,105.29,2024-11-26
881,USR209,274.17,2024-09-13
882,USR474,198.4,2024-05-18
883,USR145,462.71,2024-05-15
884,USR195,65.16,2024-06-02
885,USR155,202.61,2024-05-09
886,USR184,50.41,2024-07-15
887,USR353,423.07,2024-01-15
888,USR004,343.63,2024-10-01
889,USR336,205.81,2024-11-30
890,USR186,468.1,2024-02-12
891,USR235,495.93,2024-02-15
892,USR448,408.12,2024-05-07
893,USR468,329.08,2024-04-21
894,USR140,237.27,2024-10-24
895,USR406,284.56,2024-06-29
896,USR145,283.35,2024-01-24
897,USR468,32.52,2024-05-29
898,USR020,139.74,2024-02-04
899,USR197,28.98,2024-05-12
900,USR117,350.43,2024-03-04
901,USR034,162.47,2024-05-10
902,USR491,30.38,2024-05-15
903,USR381,41.81,2024-01-24
904,USR445,106.04,2024-04-06
905,USR163,280.52,2024-08-30
906,USR205,161.02,2024-06-09
907,USR449,317.19,2024-10-25
908,USR008,366.68,2024-11-04
909,USR320,80.55,2024-04-19
910,USR266,298.5,2024-10-18
911,USR397,193.42,2024-05-29
912,USR062,262.22,2024-12-22
913,USR083,163.36,2024-10-29
914,USR313,285.39,2024-12-18
915,USR229,258.96,2024-06-23
916,USR020,477.37,2024-05-17
917,USR064,327.87,2024-02-26
918,USR384,203.46,2024-01-06
919,USR344,60.48,2024-06-08
920,USR492,210.68,2024-10-08
921,USR175,96.43,2024-06-10
922,USR023,297.75,2024-12-02
923,USR183,303.93,2024-06-01
924,USR015,113.86,2024-01-31
925,USR404,417.82,2024-10-21
926,USR151,142.87,2024-08-08
927,USR247,64.39,2024-05-11
928,USR308,332.25,2024-05-19
929,USR449,430.55,2024-06-14
930,USR496,190.64,2024-02-07
931,USR392,393.86,2024-04-28
932,USR316,120.85,2024-08-06
933,USR090,484.01,2024-05-12
934,USR437,291.29,2024-11-19
935,USR273,397.14,2024-11-10
936,USR044,378.56,2024-04-10
937,USR207,353.38,2024-01-04
938,USR045,79.54,2024-06-30
939,USR269,185.94,2024-06-03
940,USR014,326.27,2024-08-12
941,USR011,322.32,2024-06-30
942,USR323,195.83,2024-11-17
943,USR357,62.31,2024-04-13
944,USR500,446.93,2024-08-23
945,USR289,29.29,2024-10-29
946,USR032,235.39,2024-04-04
947,USR270,123.84,2024-09-29
948,USR144,64.06,2024-06-14
949,USR461,420.15,2024-12-27
950,USR376,229.46,2024-12-01
951,USR236,200.88,2024-01-14
952,USR388,184.81,2024-03-27
953,USR061,243.08,2024-11-13
954,USR336,447.26,2024-05-21
955,USR263,150.65,2024-01-10
956,USR262,431.66,2024-08-10
957,USR183,176.64,2024-02-28
958,USR366,103.65,2024-12-08
959,USR310,203.46,2024-07-09
960,USR092,304.67,2024-06-19
961,USR160,411.4,2024-08-21
962,USR277,115.54,2024-08-26
963,USR412,150.32,2024-01-02
964,USR369,357.39,2024-02-27
965,USR379,71.65,2024-11-23
966,USR294,55.89,2024-03-11
967,USR415,178.63,2024-09-12
968,USR319,314.7,2024-12-06
969,USR085,430.92,2024-02-19
970,USR353,458.66,2024-08-17
971,USR368,485.75,2024-06-19
972,USR258,120.07,2024-11-29
973,USR243,435.6,2024-05-01
974,USR439,290.23,2024-01-18
975,USR109,369.74,2024-03-11
976,USR129,204.82,2024-11-04
977,USR328,78.48,2024-07-03
978,USR378,145.29,2024-02-12
979,USR391,478.97,2024-02-06
980,USR210,190.15,2024-02-27
981,USR205,49.56,2024-03-19
982,USR130,356.5,2024-10-07
983,USR009,460.7,2024-12-01
984,USR153,300.77,2024-07-03
985,USR312,14.51,2024-07-12
986,USR452,375.85,2024-10-24
987,USR395,464.29,2024-12-24
988,USR225,117.19,2024-12-27
989,USR220,196.45,2024-12-06
990,USR045,484.19,2024-12-26
991,USR078,305.01,2024-05-27
992,USR050,171.59,2024-08-19
993,USR124,205.67,2024-12-21
994,USR100,44.2,2024-10-29
995,USR067,444.73,2024-11-29
996,USR368,289.96,2024-10-07
997,USR474,53.88,2024-10-24
998,USR388,79.15,2024-05-11
999,USR001,154.58,2024-03-02
1000,USR437,58.8,2024-04-04
1001,USR291,324.76,2024-04-25
1002,USR451,31.79,2024-05-04
1003,USR180,166.01,2024-10-28
1004,USR442,179.84,2024-04-22
1005,USR113,149.55,2024-01-12
1006,USR317,376.06,2024-09-09
1007,USR450,433.32,2024-12-20
1008,USR061,138.16,2024-07-30
1009,USR248,498.06,2024-09-28
1010,USR392,331.49,2024-12-03
1011,USR440,431.25,2024-11-30
1012,USR484,409.74,2024-01-21
1013,USR459,136.57,2024-08-19
1014,USR127,321.53,2024-01-08
1015,USR329,358.79,2024-12-26
1016,USR039,348.59,2024-09-30
1017,USR234,298.95,2024-06-11
1018,USR170,74.09,2024-06-28
1019,USR129,280.63,2024-12-19
1020,USR328,336.41,2024-06-28
1021,USR286,359.15,2024-02-04
1022,USR385,39.08,2024-06-05
1023,USR444,148.73,2024-07-07
1024,USR388,107.38,2024-05-06
1025,USR426,426.76,2024-07-24
1026,USR143,189.37,2024-01-10
1027,USR401,373.81,2024-06-17
1028,USR401,15.32,2024-06-03
1029,USR439,420.44,2024-06-28
1030,USR142,62.81,2024-06-16
1031,USR245,118.84,2024-03-06
1032,USR099,276.66,2024-11-16
1033,USR490,238.69,2024-08-30
1034,USR336,385.62,2024-04-08
1035,USR188,43.78,2024-11-30
1036,USR292,499.25,2024-09-11
1037,USR185,482.87,2024-10-04
1038,USR341,120.33,2024-12-05
1039,USR052,275.5,2024-07-04
1040,USR323,248.17,2024-03-01
1041,USR169,251.99,2024-04-26
1042,USR070,403.84,2024-12-23
1043,USR310,362.55,2024-02-03
1044,USR232,380.55,2024-06-02
1045,USR307,145.15,2024-07-28
1046,USR411,420.72,2024-10-12
1047,USR309,280.32,2024-06-25
1048,USR272,258.76,2024-07-27
1049,USR090,212.23,2024-02-28
1050,USR047,109.4,2024-10-17
1051,USR305,38.02,2024-12-08
1052,USR010,218.32,2024-05-10
1053,USR251,473.89,2024-02-13
1054,USR194,58.89,2024-07-13
1055,USR062,479.31,2024-07-15
1056,USR309,408.09,2024-05-02
1057,USR451,39.65,2024-04-30
1058,USR189,59.02,2024-05-12
1059,USR324,266.24,2024-03-08
1060,USR215,302.07,2024-09-16
1061,USR088,254.64,2024-10-09
1062,USR233,393.37,2024-06-13
1063,USR183,228.05,2024-06-25
1064,USR125,140.38,2024-11-11
1065,USR366,430.05,2024-12-04
1066,USR271,313.03,2024-03-18
1067,USR086,353.35,2024-08-24
1068,USR447,55.04,2024-09-30
1069,USR183,337.84,2024-10-09
1070,USR496,469.15,2024-11-30
1071,USR170,448.67,2024-12-14
1072,USR067,196.34,2024-10-25
1073,USR077,461.96,2024-03-16
1074,USR299,447.99,2024-07-07
1075,USR206,162.8,2024-10-19
1076,USR380,204.98,2024-02-29
1077,USR202,228.72,2024-03-09
1078,USR390,210.46,2024-04-09
1079,USR047,339.15,2024-05-17
1080,USR287,38.65,2024-01-16
1081,USR460,459.66,2024-06-26
1082,USR229,315.93,2024-11-28
1083,USR210,361.47,2024-08-25
1084,USR168,185.49,2024-12-05
1085,USR129,294.72,2024-03-21
1086,USR028,5.43,2024-04-30
1087,USR092,323.56,2024-04-08
1088,USR217,23.84,2024-10-20
1089,USR094,125.57,2024-01-14
1090,USR312,437.89,2024-07-12
1091,USR110,212.93,2024-06-26
1092,USR303,131.76,2024-06-04
1093,USR219,7.84,2024-07-10
1094,USR063,179.82,2024-05-15
1095,USR323,227.91,2024-06-19
1096,USR168,84.2,2024-01-28
1097,USR102,471.78,2024-12-24
1098,USR296,96.2,2024-09-09
1099,USR268,165.58,2024-02-07
1100,USR036,403.51,2024-12-23
1101,USR164,59.38,2024-04-28
1102,USR433,40.16,2024-12-27
1103,USR147,54.99,2024-04-01
1104,USR264,307.48,2024-05-22
1105,USR465,39.43,2024-04-07
1106,USR378,258.95,2024-10-11
1107,USR191,111.21,2024-08-29
1108,USR312,452.46,2024-01-07
1109,USR202,69.9,2024-04-05
1110,USR288,237.25,2024-06-18
1111,USR226,379.72,2024-03-04
1112,USR314,31.91,2024-10-12
1113,USR257,438.24,2024-02-26
1114,USR010,143.05,2024-12-08
1115,USR202,342.47,2024-02-03
1116,USR362,144.23,2024-05-07
1117,USR368,497.07,2024-07-21
1118,USR092,116.8,2024-08-14
1119,USR280,28.27,2024-05-24
1120,USR422,99.51,2024-08-07
1121,USR025,334.21,2024-08-07
1122,USR438,6.4,2024-11-01
1123,USR092,124.98,2024-01-19
1124,USR483,83.54,2024-11-03
1125,USR361,254.17,2024-04-16
1126,USR372,388.28,2024-10-18
1127,USR488,172.68,2024-04-28
1128,USR272,228.09,2024-07-24
1129,USR448,301.59,2024-06-13
1130,USR012,393.99,2024-09-05
1131,USR259,371.31,2024-11-07
1132,USR300,367.62,2024-09-14
1133,USR020,18.45,2024-11-10
1134,USR020,236.94,2024-04-30
1135,USR145,126.05,2024-11-17
1136,USR352,357.46,2024-02-24
1137,USR403,48.59,2024-02-21
1138,USR123,206.87,2024-12-19
1139,USR136,123.97,2024-06-03
1140,USR175,443.98,2024-01-30
1141,USR318,15.23,2024-12-16
1142,USR266,128.26,2024-04-01
1143,USR210,71.68,2024-06-09
1144,USR038,46.74,2024-05-07
1145,USR434,117.51,2024-02-29
1146,USR050,440.93,2024-12-21
1147,USR261,241.69,2024-10-13
1148,USR386,271.21,2024-08-01
1149,USR380,180.4,2024-12-25
1150,USR435,35.52,2024-04-20
1151,USR278,119.86,2024-07-01
1152,USR111,477.93,2024-07-05
1153,USR145,330.11,2024-02-17
1154,USR140,13.97,2024-07-05
1155,USR393,378.57,2024-02-29
1156,USR122,499.34,2024-07-03
1157,USR194,467.97,2024-01-21
1158,USR370,404.08,2024-05-09
1159,USR026,267.29,2024-07-11
1160,USR436,333.43,2024-05-09
1161,USR425,250.11,2024-12-13
1162,USR177,155.5,2024-03-04
1163,USR282,349.46,2024-12-30
1164,USR368,462.8,2024-12-02
1165,USR372,263.4,2024-06-04
1166,USR236,428.84,2024-09-24
1167,USR166,88.84,2024-05-07
1168,USR402,236.65,2024-07-10
1169,USR033,104.68,2024-11-22
1170,USR405,273.14,2024-05-10
1171,USR019,113.62,2024-11-10
1172,USR206,196.82,2024-04-07
1173,USR162,418.63,2024-02-10
1174,USR363,13.34,2024-09-15
1175,USR224,485.75,2024-04-12
1176,USR230,471.03,2024-01-05
1177,USR425,326.66,2024-03-09
1178,USR370,12.93,2024-02-05
1179,USR324,483.99,2024-09-02
1180,USR227,115.68,2024-06-22
1181,USR463,483.09,2024-03-30
1182,USR186,416.11,2024-01-13
1183,USR359,344.5,2024-05-13
1184,USR398,458.35,2024-09-12
1185,USR246,247.72,2024-01-11
1186,USR039,152.98,2024-12-26
1187,USR338,232.84,2024-08-17
1188,USR114,491.95,2024-07-12
1189,USR253,109.38,2024-05-16
1190,USR464,473.08,2024-03-31
1191,USR405,48.08,2024-05-29
1192,USR138,95.11,2024-10-18
1193,USR030,343.59,2024-10-05
1194,USR434,266.71,2024-12-26
1195,USR323,490.87,2024-12-23
1196,USR012,110.25,2024-02-03
1197,USR057,154.93,2024-06-29
1198,USR009,420.68,2024-10-22
1199,USR317,457.38,2024-09-14
1200,USR189,352.04,2024-08-15
1201,USR305,63.57,2024-12-15
1202,USR216,214.78,2024-08-02
1203,USR275,256.47,2024-03-25
1204,USR143,84.34,2024-07-14
1205,USR380,357.83,2024-07-15
1206,USR423,119.79,2024-09-04
1207,USR337,74.16,2024-10-03
1208,USR055,482.97,2024-02-18
1209,USR432,363.81,2024-06-23
1210,USR479,415.27,2024-04-25
1211,USR431,219.73,2024-06-18
1212,USR262,270.71,2024-10-01
1213,USR248,66.45,2024-12-04
1214,USR429,95.27,2024-02-23
1215,USR498,391.57,2024-10-03
1216,USR033,165.01,2024-12-25
1217,USR106,491.53,2024-06-25
1218,USR142,175.87,2024-06-02
1219,USR400,139.08,2024-07-14
1220,USR105,469.84,2024-03-20
1221,USR064,18.47,2024-03-30
1222,USR003,234.89,2024-02-06
1223,USR188,127.15,2024-05-12
1224,USR069,81.28,2024-07-15
1225,USR003,496.57,2024-07-10
1226,USR322,149.95,2024-11-01
1227,USR248,463.81,2024-11-27
1228,USR104,194.22,2024-04-21
1229,USR440,367.81,2024-01-01
1230,USR428,105.24,2024-01-09
1231,USR454,106.19,2024-06-04
1232,USR141,332.48,2024-07-01
1233,USR476,274.51,2024-02-07
1234,USR198,122.54,2024-08-06
1235,USR427,263.51,2024-06-30
1236,USR492,384.1,2024-08-28
1237,USR175,405.25,2024-12-03
1238,USR271,174.18,2024-04-14
1239,USR474,380.68,2024-07-14
1240,USR074,138.51,2024-03-20
1241,USR182,236.09,2024-06-06
1242,USR309,141.88,2024-07-12
1243,USR130,28.22,2024-02-04
1244,USR418,67.93,2024-09-22
1245,USR336,242.61,2024-11-28
1246,USR263,55.84,2024-05-10
1247,USR102,328.95,2024-02-18
1248,USR087,319.87,2024-01-20
1249,USR406,85.86,2024-11-23
1250,USR408,377.98,2024-10-08
1251,USR295,213.57,2024-10-25
1252,USR043,361.71,2024-06-05
1253,USR112,204.03,2024-05-11
1254,USR318,335.09,2024-11-28
1255,USR176,29.39,2024-12-21
1256,USR055,39.5,2024-01-20
1257,USR359,349.52,2024-10-17
1258,USR410,448.31,2024-11-08
1259,USR454,388.84,2024-09-02
1260,USR095,217.64,2024-12-06
1261,USR395,81.2,2024-01-18
1262,USR406,172.79,2024-05-08
1263,USR127,458.78,2024-11-22
1264,USR110,384.33,2024-10-26
1265,USR024,289.26,2024-02-06
1266,USR446,498.9,2024-01-02
1267,USR140,165.28,2024-02-18
1268,USR097,340.31,2024-06-28
1269,USR400,7.0,2024-10-23
1270,USR061,284.76,2024-03-16
1271,USR403,424.57,2024-05-16
1272,USR380,352.32,2024-09-15
1273,USR246,382.66,2024-07-09
1274,USR454,468.74,2024-01-03
1275,USR368,32.64,2024-09-28
1276,USR041,493.63,2024-03-08
1277,USR111,131.67,2024-07-25
1278,USR478,457.66,2024-02-20
1279,USR370,356.65,2024-06-06
1280,USR136,367.49,2024-01-16
1281,USR455,466.32,2024-01-28
1282,USR120,438.85,2024-10-26
1283,USR309,68.01,2024-01-14
1284,USR159,489.68,2024-03-12
1285,USR018,414.78,2024-07-11
1286,USR398,478.57,2024-10-29
1287,USR361,138.31,2024-11-22
1288,USR144,277.89,2024-04-19
1289,USR169,182.43,2024-12-10
1290,USR408,312.1,2024-01-14
1291,USR235,17.86,2024-03-27
1292,USR316,373.76,2024-07-03
1293,USR370,145.4,2024-07-26
1294,USR429,136.19,2024-06-10
1295,USR066,69.18,2024-10-11
1296,USR102,167.37,2024-04-25
1297,USR303,410.04,2024-01-17
1298,USR352,156.29,2024-05-27
1299,USR043,223.47,2024-05-19
1300,USR134,145.1,2024-06-08
1301,USR390,20.81,2024-09-08
1302,USR314,386.22,2024-03-08
1303,USR317,432.7,2024-12-13
1304,USR221,419.0,2024-09-01
1305,USR376,258.27,2024-07-09
1306,USR029,393.8,2024-12-24
1307,USR300,216.87,2024-03-23
1308,USR034,295.59,2024-03-13
1309,USR212,20.48,2024-05-19
1310,USR052,482.73,2024-06-18
1311,USR222,332.74,2024-06-20
1312,USR230,470.04,2024-04-03
1313,USR171,56.1,2024-05-29
1314,USR388,97.45,2024-11-17
1315,USR407,202.99,2024-02-28
1316,USR321,402.53,2024-09-16
1317,USR106,125.28,2024-04-10
1318,USR276,274.81,2024-04-10
1319,USR242,476.05,2024-11-22
1320,USR147,292.73,2024-05-11
1321,USR418,237.09,2024-10-24
1322,USR381,56.61,2024-07-22
1323,USR090,181.18,2024-12-13
1324,USR324,488.75,2024-12-06
1325,USR281,396.2,2024-12-25
1326,USR346,306.4,2024-10-02
1327,USR017,162.24,2024-12-14
1328,USR414,251.81,2024-03-04
1329,USR477,330.23,2024-08-05
1330,USR227,385.25,2024-10-23
1331,USR384,415.76,2024-10-19
1332,USR118,325.23,2024-07-16
1333,USR224,129.98,2024-08-05
1334,USR105,416.24,2024-01-02
1335,USR020,54.45,2024-03-10
1336,USR371,255.74,2024-08-30
1337,USR019,165.61,2024-07-18
1338,USR205,219.01,2024-09-27
1339,USR005,403.93,2024-08-08
1340,USR495,401.88,2024-11-01
1341,USR451,293.11,2024-04-26
1342,USR354,168.61,2024-09-09
1343,USR371,151.88,2024-04-15
1344,USR218,446.39,2024-04-15
1345,USR296,376.61,2024-02-29
1346,USR121,202.9,2024-03-22
1347,USR219,357.71,2024-03-11
1348,USR446,482.48,2024-06-03
1349,USR457,81.31,2024-10-03
1350,USR254,134.04,2024-06-27
1351,USR258,239.83,2024-10-15
1352,USR049,437.7,2024-01-15
1353,USR079,432.09,2024-06-08
1354,USR036,382.81,2024-03-31
1355,USR121,425.41,2024-04-28
1356,USR096,44.58,2024-09-02
1357,USR118,418.41,2024-01-02
1358,USR146,422.54,2024-04-20
1359,USR154,468.85,2024-02-20
1360,USR241,327.44,2024-11-02
1361,USR436,66.37,2024-12-23
1362,USR357,116.13,2024-01-13
1363,USR061,433.6,2024-04-06
1364,USR267,122.23,2024-09-21
1365,USR185,264.4,2024-11-22
1366,USR452,416.29,2024-03-31
1367,USR449,359.16,2024-09-29
1368,USR486,256.09,2024-02-11
1369,USR483,305.3,2024-11-03
1370,USR392,127.33,2024-05-27
1371,USR176,486.56,2024-06-29
1372,USR199,110.18,2024-03-16
1373,USR062,128.45,2024-10-23
1374,USR024,283.97,2024-03-28
1375,USR174,347.04,2024-07-19
1376,USR450,286.1,2024-11-26
1377,USR148,150.75,2024-04-09
1378,USR087,261.84,2024-05-01
1379,USR180,426.75,2024-03-26
1380,USR034,350.11,2024-10-29
1381,USR434,51.38,2024-10-17
1382,USR287,139.7,2024-02-21
1383,USR308,436.02,2024-10-09
1384,USR471,234.17,2024-03-05
1385,USR071,164.7,2024-09-18
1386,USR325,33.78,2024-01-17
1387,USR380,482.85,2024-10-12
1388,USR184,112.4,2024-11-28
1389,USR223,146.36,2024-07-11
1390,USR193,27.0,2024-03-13
1391,USR068,467.97,2024-06-23
1392,USR100,251.99,2024-09-06
1393,USR359,62.53,2024-02-18
1394,USR475,396.56,2024-12-24
1395,USR428,109.18,2024-07-09
1396,USR129,166.19,2024-02-16
1397,USR097,6.95,2024-08-09
1398,USR391,416.3,2024-05-24
1399,USR040,386.63,2024-02-19
1400,USR072,64.47,2024-11-22
1401,USR149,222.19,2024-07-09
1402,USR015,341.64,2024-02-08
1403,USR280,281.07,2024-04-02
1404,USR085,349.83,2024-05-13
1405,USR127,225.69,2024-01-08
1406,USR237,192.52,2024-05-13
1407,USR363,451.23,2024-12-06
1408,USR175,185.77,2024-04-26
1409,USR032,307.22,2024-03-26
1410,USR051,166.29,2024-11-28
1411,USR413,253.34,2024-08-26
1412,USR232,94.21,2024-03-15
1413,USR002,487.02,2024-09-09
1414,USR037,360.11,2024-05-29
1415,USR205,324.62,2024-12-12
1416,USR449,496.08,2024-11-06
1417,USR076,494.5,2024-06-03
1418,USR384,247.47,2024-07-30
1419,USR001,438.96,2024-04-27
1420,USR156,183.87,2024-10-13
1421,USR439,6.44,2024-05-14
1422,USR304,382.45,2024-03-20
1423,USR357,68.61,2024-06-24
1424,USR211,131.18,2024-07-03
1425,USR109,152.74,2024-09-29
1426,USR376,288.6,2024-11-20
1427,USR120,167.78,2024-08-29
1428,USR038,71.76,2024-08-29
1429,USR268,16.76,2024-04-03
1430,USR322,494.87,2024-01-21
1431,USR087,154.3,2024-01-06
1432,USR103,193.4,2024-05-03
1433,USR496,423.43,2024-10-15
1434,USR475,304.95,2024-03-13
1435,USR356,242.41,2024-02-14
1436,USR262,470.57,2024-07-31
1437,USR475,445.71,2024-03-29
1438,USR257,476.44,2024-05-03
1439,USR454,167.14,2024-06-28
1440,USR125,469.75,2024-10-06
1441,USR138,464.88,2024-08-02
1442,USR321,227.86,2024-04-02
1443,USR015,288.69,2024-05-30
1444,USR313,5.82,2024-08-02
1445,USR406,499.66,2024-11-29
1446,USR131,163.16,2024-02-09
1447,USR005,171.98,2024-01-18
1448,USR375,301.23,2024-09-17
1449,USR140,298.8,2024-07-24
1450,USR289,280.92,2024-08-02
1451,USR237,494.28,2024-02-04
1452,USR008,240.43,2024-12-12
1453,USR109,28.36,2024-09-04
1454,USR484,383.08,2024-07-06
1455,USR209,90.05,2024-02-26
1456,USR135,35.06,2024-02-03
1457,USR488,386.31,2024-11-19
1458,USR233,159.55,2024-03-06
1459,USR226,71.63,2024-11-29
1460,USR218,99.01,2024-08-16
1461,USR383,373.82,2024-10-03
1462,USR122,427.86,2024-06-08
1463,USR312,420.79,2024-11-14
1464,USR264,364.88,2024-03-19
1465,USR415,226.16,2024-07-11
1466,USR111,74.01,2024-02-11
1467,USR462,495.69,2024-08-30
1468,USR049,335.11,2024-07-27
1469,USR151,392.19,2024-05-10
1470,USR071,150.65,2024-04-02
1471,USR338,110.44,2024-08-11
1472,USR402,119.68,2024-04-09
1473,USR358,297.59,2024-02-23
1474,USR073,457.36,2024-08-08
1475,USR414,488.24,2024-12-20
1476,USR096,411.44,2024-06-15
1477,USR327,289.11,2024-03-10
1478,USR274,92.52,2024-02-26
1479,USR491,410.24,2024-05-19
1480,USR372,297.45,2024-10-09
1481,USR338,483.31,2024-07-11
1482,USR067,488.11,2024-05-11
1483,USR227,306.46,2024-04-20
1484,USR018,375.53,2024-03-24
1485,USR034,483.51,2024-05-26
1486,USR467,104.58,2024-06-26
1487,USR135,416.04,2024-07-09
1488,USR443,277.01,2024-12-02
1489,USR480,117.52,2024-01-06
1490,USR448,84.04,2024-03-20
1491,USR271,406.44,2024-10-14
1492,USR454,299.33,2024-03-28
1493,USR348,53.85,2024-10-11
1494,USR281,45.2,2024-08-03
1495,USR138,66.6,2024-01-20
1496,USR261,385.66,2024-06-06
1497,USR124,427.51,2024-10-28
1498,USR353,104.68,2024-10-26
1499,USR332,19.57,2024-02-29
1500,USR235,147.06,2024-11-11
1501,USR434,47.39,2024-11-12
1502,USR306,10.95,2024-07-26
1503,USR204,135.03,2024-11-27
1504,USR028,391.48,2024-08-30
1505,USR359,39.39,2024-10-17
1506,USR278,14.99,2024-10-05
1507,USR473,246.06,2024-07-22
1508,USR236,62.33,2024-11-02
1509,USR469,299.47,2024-05-31
1510,USR277,337.37,2024-10-06
1511,USR426,217.02,2024-05-16
1512,USR273,267.41,2024-09-26
1513,USR159,289.83,2024-10-19
1514,USR375,57.78,2024-03-27
1515,USR128,304.99,2024-06-07
1516,USR262,170.06,2024-05-25
1517,USR387,316.42,2024-12-05
1518,USR101,110.14,2024-02-25
1519,USR347,255.6,2024-08-21
1520,USR293,140.2,2024-08-08
1521,USR049,420.41,2024-02-13
1522,USR095,211.06,2024-09-08
1523,USR274,369.47,2024-01-20
1524,USR396,229.21,2024-12-12
1525,USR252,480.92,2024-06-14
1526,USR376,394.23,2024-01-25
1527,USR121,431.94,2024-04-05
1528,USR265,189.09,2024-05-23
1529,USR159,19.18,2024-04-30
1530,USR381,340.4,2024-09-04
1531,USR183,496.49,2024-09-13
1532,USR277,424.88,2024-10-23
1533,USR214,354.41,2024-09-13
1534,USR037,210.94,2024-08-27
1535,USR153,164.03,2024-07-07
1536,USR442,68.11,2024-05-06
1537,USR350,412.39,2024-09-23
1538,USR193,26.92,2024-08-13
1539,USR386,339.17,2024-10-07
1540,USR213,286.75,2024-01-09
1541,USR024,284.84,2024-10-02
1542,USR286,208.7,2024-04-06
1543,USR277,134.91,2024-01-21
1544,USR490,61.12,2024-09-15
1545,USR256,311.46,2024-10-05
1546,USR047,392.77,2024-11-14
1547,USR436,169.86,2024-07-14
1548,USR242,38.8,2024-05-17
1549,USR342,448.88,2024-04-11
1550,USR319,83.36,2024-09-03
1551,USR444,113.69,2024-05-30
1552,USR169,137.29,2024-07-24
1553,USR107,423.01,2024-02-15
1554,USR218,85.5,2024-01-20
1555,USR455,274.1,2024-10-18
1556,USR449,266.33,2024-10-14
1557,USR025,275.52,2024-07-15
1558,USR338,438.94,2024-01-21
1559,USR010,336.71,2024-10-17
1560,USR451,364.22,2024-06-11
1561,USR081,385.4,2024-10-25
1562,USR224,257.03,2024-05-21
1563,USR127,301.59,2024-10-15
1564,USR296,6.19,2024-02-04
1565,USR013,285.54,2024-09-28
1566,USR229,430.31,2024-05-07
1567,USR226,265.74,2024-12-05
1568,USR500,140.26,2024-08-31
1569,USR390,125.29,2024-10-30
1570,USR377,498.18,2024-11-24
1571,USR378,89.49,2024-04-23
1572,USR120,125.19,2024-10-09
1573,USR298,31.81,2024-12-30
1574,USR397,39.65,2024-07-10
1575,USR194,156.8,2024-02-10
1576,USR176,221.3,2024-03-04
1577,USR080,483.34,2024-05-18
1578,USR304,89.32,2024-04-02
1579,USR145,393.93,2024-04-23
1580,USR318,413.78,2024-08-29
1581,USR411,335.86,2024-05-07
1582,USR320,188.14,2024-03-09
1583,USR406,103.6,2024-05-22
1584,USR497,377.36,2024-03-29
1585,USR111,215.73,2024-08-22
1586,USR121,449.48,2024-08-24
1587,USR060,90.6,2024-10-19
1588,USR133,342.95,2024-03-30
1589,USR271,324.54,2024-12-27
1590,USR132,12.42,2024-10-03
1591,USR346,10.44,2024-04-27
1592,USR299,224.23,2024-05-28
1593,USR261,490.49,2024-07-24
1594,USR227,9.73,2024-05-21
1595,USR441,161.94,2024-10-20
1596,USR223,21.19,2024-06-04
1597,USR064,178.7,2024-11-02
1598,USR380,94.16,2024-05-21
1599,USR473,192.26,2024-07-23
1600,USR216,190.67,2024-07-31
1601,USR317,427.33,2024-10-29
1602,USR214,397.85,2024-08-11
1603,USR473,56.78,2024-05-30
1604,USR352,268.52,2024-04-27
1605,USR118,36.93,2024-12-24
1606,USR462,20.02,2024-06-20
1607,USR498,139.3,2024-10-31
1608,USR019,101.33,2024-04-05
1609,USR388,42.03,2024-08-11
1610,USR442,318.47,2024-09-30
1611,USR368,171.67,2024-10-09
1612,USR443,325.4,2024-07-01
1613,USR148,190.97,2024-08-08
1614,USR365,209.88,2024-04-11
1615,USR486,24.5,2024-02-10
1616,USR013,15.91,2024-07-18
1617,USR217,198.39,2024-10-17
1618,USR356,386.84,2024-04-16
1619,USR014,81.79,2024-10-03
1620,USR298,469.98,2024-08-21
1621,USR064,258.57,2024-11-29
1622,USR271,210.58,2024-10-27
1623,USR463,378.34,2024-09-26
1624,USR124,461.67,2024-09-14
1625,USR399,69.9,2024-12-18
1626,USR003,58.99,2024-04-25
1627,USR490,136.7,2024-02-01
1628,USR353,196.28,2024-05-08
1629,USR006,461.14,2024-04-18
1630,USR093,413.93,2024-11-22
1631,USR228,292.03,2024-09-02
1632,USR435,16.34,2024-12-28
1633,USR296,449.13,2024-01-07
1634,USR321,297.36,2024-07-03
1635,USR134,375.1,2024-12-08
1636,USR443,164.2,2024-09-16
1637,USR482,468.35,2024-11-29
1638,USR470,345.58,2024-09-27
1639,USR468,418.12,2024-01-29
1640,USR039,339.41,2024-01-24
1641,USR422,258.66,2024-07-03
1642,USR048,409.62,2024-09-12
1643,USR006,443.7,2024-01-05
1644,USR048,254.53,2024-01-30
1645,USR176,479.54,2024-04-02
1646,USR006,255.97,2024-06-29
1647,USR083,405.68,2024-05-12
1648,USR022,224.88,2024-02-20
1649,USR228,453.15,2024-10-10
1650,USR095,177.38,2024-03-25
1651,USR141,216.83,2024-06-13
1652,USR244,326.23,2024-06-07
1653,USR287,483.55,2024-07-16
1654,USR031,230.8,2024-04-08
1655,USR402,280.43,2024-02-17
1656,USR308,86.57,2024-07-03
1657,USR060,187.15,2024-02-06
1658,USR344,139.82,2024-07-03
1659,USR144,275.98,2024-03-27
1660,USR127,381.26,2024-10-06
1661,USR173,223.3,2024-09-04
1662,USR231,45.15,2024-04-17
1663,USR429,173.39,2024-07-05
1664,USR151,383.81,2024-12-23
1665,USR286,416.44,2024-11-29
1666,USR456,175.2,2024-05-14
1667,USR036,487.35,2024-06-11
1668,USR254,264.23,2024-01-17
1669,USR448,144.06,2024-08-03
1670,USR198,69.18,2024-02-22
1671,USR320,11.98,2024-11-22
1672,USR145,40.01,2024-07-24
1673,USR361,303.4,2024-08-10
1674,USR420,169.52,2024-09-21
1675,USR027,96.12,2024-02-25
1676,USR467,143.41,2024-06-20
1677,USR417,359.61,2024-01-30
1678,USR435,313.54,2024-05-02
1679,USR269,276.8,2024-12-02
1680,USR215,280.68,2024-11-29
1681,USR221,232.49,2024-09-05
1682,USR461,83.88,2024-11-25
1683,USR413,334.88,2024-02-22
1684,USR073,7.9,2024-10-26
1685,USR377,175.59,2024-08-31
1686,USR278,355.31,2024-09-01
1687,USR211,271.5,2024-11-17
1688,USR382,311.17,2024-07-12
1689,USR215,78.48,2024-11-20
1690,USR493,440.59,2024-11-24
1691,USR407,465.98,2024-05-24
1692,USR225,117.17,2024-04-15
1693,USR019,374.76,2024-06-11
1694,USR182,377.53,2024-08-28
1695,USR324,444.46,2024-12-14
1696,USR272,98.3,2024-05-22
1697,USR394,479.34,2024-05-21
1698,USR467,462.9,2024-12-25
1699,USR500,350.81,2024-02-10
1700,USR355,66.49,2024-02-06
1701,USR186,438.72,2024-02-01
1702,USR325,448.26,2024-01-22
1703,USR494,118.31,2024-07-19
1704,USR129,341.44,2024-03-31
1705,USR120,80.44,2024-03-08
1706,USR115,183.51,2024-10-13
1707,USR233,267.58,2024-07-17
1708,USR292,275.49,2024-06-04
1709,USR500,24.98,2024-12-26
1710,USR132,24.23,2024-05-02
1711,USR249,44.75,2024-11-13
1712,USR463,475.08,2024-11-04
1713,USR223,200.08,2024-02-09
1714,USR004,152.86,2024-10-30
1715,USR448,210.32,2024-07-17
1716,USR482,375.54,2024-01-28
1717,USR438,56.36,2024-08-21
1718,USR465,466.47,2024-09-19
1719,USR292,193.77,2024-09-30
1720,USR342,431.86,2024-09-09
1721,USR067,105.05,2024-02-09
1722,USR157,446.33,2024-03-09
1723,USR010,151.33,2024-10-31
1724,USR295,361.28,2024-08-03
1725,USR248,212.11,2024-10-13
1726,USR193,116.88,2024-02-05
1727,USR213,439.64,2024-02-10
1728,USR494,356.37,2024-08-21
1729,USR105,483.52,2024-07-18
1730,USR099,50.82,2024-05-20
1731,USR170,231.33,2024-10-17
1732,USR288,126.48,2024-04-04
1733,USR041,461.48,2024-09-07
1734,USR417,226.34,2024-04-03
1735,USR486,454.36,2024-05-28
1736,USR310,192.24,2024-09-03
1737,USR476,181.65,2024-07-07
1738,USR234,128.25,2024-06-25
1739,USR129,212.91,2024-09-22
1740,USR383,458.51,2024-09-18
1741,USR068,32.51,2024-03-31
1742,USR272,99.92,2024-09-05
1743,USR410,303.37,2024-10-04
1744,USR190,250.28,2024-07-11
1745,USR220,222.78,2024-12-13
1746,USR425,130.44,2024-01-18
1747,USR374,160.19,2024-02-04
1748,USR378,124.12,2024-05-10
1749,USR405,10.51,2024-11-15
1750,USR301,322.84,2024-10-05
1751,USR494,172.8,2024-11-15
1752,USR140,286.32,2024-06-07
1753,USR316,220.28,2024-09-09
1754,USR265,212.65,2024-10-25
1755,USR295,495.79,2024-12-09
1756,USR079,45.82,2024-03-24
1757,USR215,68.17,2024-09-07
1758,USR500,166.54,2024-06-07
1759,USR249,11.49,2024-05-06
1760,USR071,63.72,2024-09-15
1761,USR156,436.63,2024-11-30
1762,USR208,259.16,2024-03-18
1763,USR172,154.49,2024-05-19
1764,USR451,426.71,2024-01-04
1765,USR046,218.27,2024-12-09
1766,USR062,51.59,2024-12-24
1767,USR175,365.88,2024-01-15
1768,USR431,92.41,2024-04-13
1769,USR283,67.39,2024-09-26
1770,USR204,447.83,2024-12-14
1771,USR138,201.25,2024-01-17
1772,USR227,382.94,2024-09-05
1773,USR009,220.54,2024-05-22
1774,USR240,470.96,2024-06-11
1775,USR447,216.08,2024-07-03
1776,USR404,131.2,2024-12-12
1777,USR353,296.01,2024-05-12
1778,USR093,463.66,2024-09-15
1779,USR265,443.22,2024-01-17
1780,USR276,243.39,2024-09-07
1781,USR356,318.7,2024-02-09
1782,USR442,176.78,2024-11-28
1783,USR159,138.07,2024-01-14
1784,USR497,287.29,2024-11-16
1785,USR096,271.68,2024-07-08
1786,USR400,8.9,2024-06-29
1787,USR119,373.22,2024-06-09
1788,USR228,154.6,2024-09-05
1789,USR208,138.44,2024-12-15
1790,USR198,43.43,2024-10-01
1791,USR088,385.78,2024-03-02
1792,USR253,427.83,2024-12-30
1793,USR127,279.56,2024-11-13
1794,USR256,427.86,2024-09-17
1795,USR431,194.81,2024-10-05
1796,USR355,224.92,2024-05-22
1797,USR113,329.34,2024-11-12
1798,USR454,167.47,2024-01-23
1799,USR379,245.55,2024-05-30
1800,USR307,483.23,2024-09-10
1801,USR008,138.29,2024-05-08
1802,USR356,432.35,2024-02-12
1803,USR103,236.92,2024-06-13
1804,USR368,32.85,2024-03-30
1805,USR035,418.64,2024-10-14
1806,USR311,13.86,2024-09-02
1807,USR114,64.57,2024-04-07
1808,USR462,435.23,2024-09-20
1809,USR296,194.67,2024-02-14
1810,USR311,194.62,2024-02-29
1811,USR282,151.46,2024-06-10
1812,USR086,407.6,2024-10-03
1813,USR478,342.96,2024-06-28
1814,USR308,109.51,2024-11-17
1815,USR165,212.06,2024-10-13
1816,USR384,234.83,2024-08-06
1817,USR048,388.17,2024-05-13
1818,USR183,326.42,2024-06-17
1819,USR314,275.86,2024-01-31
1820,USR482,474.68,2024-06-10
1821,USR091,287.42,2024-11-26
1822,USR087,358.63,2024-12-29
1823,USR446,498.6,2024-12-21
1824,USR053,315.26,2024-02-20
1825,USR115,173.32,2024-06-10
1826,USR010,407.94,2024-06-08
1827,USR177,468.28,2024-06-13
1828,USR272,307.99,2024-11-22
1829,USR072,497.94,2024-03-19
1830,USR025,275.56,2024-01-10
1831,USR177,181.93,2024-10-17
1832,USR327,406.84,2024-05-21
1833,USR209,281.07,2024-04-10
1834,USR485,26.23,2024-06-05
1835,USR491,157.17,2024-12-24
1836,USR151,273.92,2024-03-09
1837,USR217,37.1,2024-08-30
1838,USR058,91.61,2024-03-06
1839,USR416,325.36,2024-11-22
1840,USR263,191.21,2024-06-24
1841,USR285,383.95,2024-03-11
1842,USR454,40.09,2024-04-14
1843,USR132,58.64,2024-10-06
1844,USR394,63.36,2024-09-26
1845,USR047,378.56,2024-04-27
1846,USR491,69.94,2024-06-28
1847,USR219,51.75,2024-01-23
1848,USR477,474.07,2024-11-19
1849,USR373,414.58,2024-05-28
1850,USR466,82.46,2024-12-20
1851,USR342,61.58,2024-10-19
1852,USR103,173.32,2024-08-03
1853,USR223,469.45,2024-03-27
1854,USR020,345.57,2024-08-29
1855,USR392,240.07,2024-10-15
1856,USR364,185.41,2024-11-01
1857,USR061,92.81,2024-10-06
1858,USR015,105.64,2024-02-22
1859,USR311,103.96,2024-12-09
1860,USR068,207.86,2024-01-07
1861,USR219,66.99,2024-05-04
1862,USR480,289.6,2024-11-27
1863,USR422,362.97,2024-05-14
1864,USR042,489.07,2024-10-19
1865,USR271,360.25,2024-10-18
1866,USR391,131.22,2024-10-12
1867,USR261,143.03,2024-02-12
1868,USR240,84.73,2024-06-01
1869,USR133,490.69,2024-08-22
1870,USR440,443.01,2024-12-14
1871,USR085,59.71,2024-01-14
1872,USR023,443.13,2024-07-11
1873,USR099,422.85,2024-04-15
1874,USR464,474.14,2024-10-21
1875,USR165,66.65,2024-04-18
1876,USR138,41.83,2024-11-29
1877,USR250,106.94,2024-11-14
1878,USR406,178.34,2024-03-13
1879,USR444,307.2,2024-10-22
1880,USR175,347.62,2024-02-23
1881,USR252,48.48,2024-07-14
1882,USR070,203.18,2024-05-23
1883,USR115,168.61,2024-08-27
1884,USR279,99.98,2024-10-07
1885,USR061,172.47,2024-03-08
1886,USR419,286.58,2024-12-15
1887,USR072,327.13,2024-01-02
1888,USR418,241.21,2024-10-15
1889,USR104,239.59,2024-09-16
1890,USR190,172.99,2024-08-17
1891,USR456,323.82,2024-09-15
1892,USR168,482.59,2024-04-03
1893,USR141,319.26,2024-04-01
1894,USR417,292.21,2024-05-23
1895,USR407,380.35,2024-08-31
1896,USR337,403.18,2024-11-12
1897,USR055,341.53,2024-11-22
1898,USR294,302.38,2024-05-15
1899,USR063,448.61,2024-05-11
1900,USR278,309.98,2024-12-19
1901,USR404,327.25,2024-05-19
1902,USR011,342.91,2024-05-02
1903,USR245,367.28,2024-06-29
1904,USR125,272.18,2024-05-15
1905,USR356,379.37,2024-01-26
1906,USR105,418.68,2024-06-14
1907,USR218,333.23,2024-06-24
1908,USR072,61.82,2024-03-03
1909,USR441,139.33,2024-11-14
1910,USR232,51.17,2024-01-06
1911,USR272,493.75,2024-08-04
1912,USR417,114.67,2024-03-06
1913,USR104,296.98,2024-03-30
1914,USR331,116.32,2024-10-07
1915,USR367,331.96,2024-09-09
1916,USR380,469.22,2024-06-25
1917,USR384,337.5,2024-09-15
1918,USR417,96.58,2024-03-11
1919,USR286,230.23,2024-09-20
1920,USR114,119.46,2024-02-04
1921,USR159,72.36,2024-03-06
1922,USR170,13.06,2024-06-24
1923,USR430,398.81,2024-02-16
1924,USR493,364.49,2024-03-30
1925,USR443,176.63,2024-10-26
1926,USR391,317.81,2024-03-12
1927,USR446,416.24,2024-11-19
1928,USR363,375.45,2024-04-10
1929,USR375,341.44,2024-10-18
1930,USR110,303.58,2024-04-06
1931,USR234,19.95,2024-03-06
1932,USR024,62.46,2024-12-04
1933,USR472,457.84,2024-01-14
1934,USR233,238.38,2024-05-07
1935,USR111,89.24,2024-06-19
1936,USR116,21.51,2024-05-17
1937,USR329,330.58,2024-01-13
1938,USR262,321.26,2024-07-21
1939,USR324,208.78,2024-11-11
1940,USR196,113.74,2024-06-13
1941,USR421,23.82,2024-05-08
1942,USR174,385.47,2024-09-26
1943,USR119,52.98,2024-08-11
1944,USR295,330.15,2024-09-05
1945,USR202,340.48,2024-08-03
1946,USR178,264.61,2024-04-23
1947,USR368,250.63,2024-05-13
1948,USR103,432.64,2024-10-26
1949,USR075,11.5,2024-11-22
1950,USR277,457.31,2024-01-15
1951,USR315,454.2,2024-02-03
1952,USR385,474.98,2024-11-30
1953,USR303,473.6,2024-12-23
1954,USR025,376.59,2024-03-05
1955,USR460,227.36,2024-12-07
1956,USR489,367.34,2024-01-20
1957,USR259,237.21,2024-08-12
1958,USR077,78.14,2024-02-02
1959,USR330,365.21,2024-05-05
1960,USR063,81.89,2024-11-25
1961,USR049,69.91,2024-12-06
1962,USR334,433.78,2024-07-14
1963,USR324,110.23,2024-08-01
1964,USR489,64.18,2024-03-14
1965,USR494,358.56,2024-06-14
1966,USR450,50.52,2024-04-01
1967,USR269,222.76,2024-06-17
1968,USR095,475.89,2024-05-01
1969,USR162,200.76,2024-01-17
1970,USR142,446.44,2024-08-18
1971,USR155,115.34,2024-10-04
1972,USR080,395.62,2024-10-26
1973,USR463,221.3,2024-02-24
1974,USR479,141.6,2024-05-04
1975,USR067,36.56,2024-08-07
1976,USR046,358.98,2024-05-11
1977,USR154,457.97,2024-01-09
1978,USR147,117.61,2024-08-25
1979,USR131,9.36,2024-06-29
1980,USR339,439.03,2024-11-05
1981,USR441,450.98,2024-07-17
1982,USR499,453.74,2024-08-23
1983,USR284,489.45,2024-11-09
1984,USR370,239.32,2024-09-13
1985,USR389,266.57,2024-09-11
1986,USR231,467.78,2024-08-07
1987,USR395,371.73,2024-01-10
1988,USR270,184.81,2024-09-16
1989,USR336,45.5,2024-12-11
1990,USR401,299.45,2024-12-03
1991,USR200,380.42,2024-07-13
1992,USR479,253.05,2024-03-19
1993,USR392,104.84,2024-11-03
1994,USR310,385.84,2024-11-18
1995,USR002,277.84,2024-08-14
1996,USR043,479.67,2024-10-03
1997,USR294,170.12,2024-09-21
1998,USR389,106.86,2024-12-22
1999,USR448,355.03,2024-11-29
2000,USR451,199.37,2024-04-30
2001,USR255,112.26,2024-05-02
2002,USR358,265.4,2024-11-25
2003,USR165,319.1,2024-02-10
2004,USR061,70.68,2024-08-29
2005,USR404,340.73,2024-01-27
2006,USR025,56.46,2024-04-08
2007,USR388,426.12,2024-03-12
2008,USR003,391.96,2024-11-26
2009,USR086,29.25,2024-12-28
2010,USR231,28.21,2024-09-16
2011,USR471,331.66,2024-05-31
2012,USR232,470.91,2024-11-15
2013,USR140,220.31,2024-04-06
2014,USR147,121.2,2024-01-08
2015,USR374,96.25,2024-03-21
2016,USR023,65.4,2024-10-07
2017,USR410,409.13,2024-04-21
2018,USR485,477.57,2024-08-21
2019,USR352,497.75,2024-12-01
2020,USR075,473.1,2024-09-24
2021,USR498,383.07,2024-11-14
2022,USR089,347.64,2024-10-30
2023,USR152,47.86,2024-10-30
2024,USR437,404.4,2024-10-06
2025,USR042,477.8,2024-05-14
2026,USR386,191.11,2024-03-27
2027,USR344,434.5,2024-03-30
2028,USR209,42.62,2024-05-13
2029,USR190,253.73,2024-11-19
2030,USR128,429.16,2024-01-21
2031,USR404,146.39,2024-07-07
2032,USR387,84.34,2024-10-06
2033,USR247,189.41,2024-02-20
2034,USR471,450.31,2024-07-18
2035,USR136,345.49,2024-06-25
2036,USR160,333.77,2024-02-15
2037,USR245,136.05,2024-05-26
2038,USR378,262.58,2024-02-23
2039,USR001,331.12,2024-05-02
2040,USR307,363.23,2024-02-04
2041,USR262,305.39,2024-10-08
2042,USR438,272.63,2024-11-06
2043,USR380,478.64,2024-10-11
2044,USR004,489.63,2024-05-06
2045,USR069,426.2,2024-12-29
2046,USR353,246.38,2024-04-28
2047,USR341,273.92,2024-07-08
2048,USR168,232.87,2024-07-25
2049,USR119,479.29,2024-04-10
2050,USR428,159.75,2024-09-04
2051,USR448,252.1,2024-07-21
2052,USR418,493.96,2024-02-06
2053,USR475,182.24,2024-04-18
2054,USR162,168.35,2024-04-11
2055,USR158,307.09,2024-04-28
2056,USR194,283.66,2024-10-31
2057,USR001,192.54,2024-12-09
2058,USR259,7.85,2024-01-24
2059,USR324,128.28,2024-05-19
2060,USR481,220.92,2024-01-30
2061,USR397,31.93,2024-09-12
2062,USR150,396.83,2024-02-15
2063,USR057,379.13,2024-08-08
2064,USR165,458.98,2024-11-08
2065,USR247,13.53,2024-12-29
2066,USR492,439.99,2024-11-22
2067,USR366,286.49,2024-10-08
2068,USR321,451.26,2024-11-24
2069,USR333,297.45,2024-03-30
2070,USR210,93.52,2024-08-31
2071,USR260,183.65,2024-12-12
2072,USR019,264.76,2024-12-11
2073,USR114,438.68,2024-09-27
2074,USR172,264.08,2024-06-08
2075,USR042,352.59,2024-03-13
2076,USR354,475.79,2024-07-27
2077,USR278,254.95,2024-02-23
2078,USR257,445.32,2024-05-02
2079,USR168,386.72,2024-10-14
2080,USR086,304.24,2024-11-25
2081,USR028,260.13,2024-05-06
2082,USR130,234.35,2024-12-15
2083,USR140,19.54,2024-07-08
2084,USR210,136.06,2024-02-01
2085,USR493,277.76,2024-01-14
2086,USR325,284.72,2024-08-18
2087,USR031,461.43,2024-10-31
2088,USR435,230.06,2024-02-12
2089,USR215,371.92,2024-06-07
2090,USR054,326.03,2024-05-03
2091,USR185,396.57,2024-10-06
2092,USR241,373.61,2024-05-30
2093,USR112,172.41,2024-11-07
2094,USR090,315.54,2024-06-15
2095,USR199,321.1,2024-08-04
2096,USR445,228.63,2024-01-05
2097,USR080,38.07,2024-09-28
2098,USR498,439.86,2024-05-07
2099,USR131,210.9,2024-11-20
2100,USR120,154.31,2024-07-30
2101,USR109,210.32,2024-10-14
2102,USR067,215.44,2024-07-09
2103,USR300,330.59,2024-05-21
2104,USR263,105.88,2024-05-05
2105,USR457,216.51,2024-09-28
2106,USR345,171.06,2024-02-12
2107,USR162,48.07,2024-03-21
2108,USR492,33.25,2024-04-06
2109,USR335,180.77,2024-01-28
2110,USR086,120.07,2024-10-07
2111,USR144,408.23,2024-07-06
2112,USR400,492.58,2024-09-11
2113,USR210,318.23,2024-03-11
2114,USR120,450.81,2024-02-05
2115,USR370,313.93,2024-02-10
2116,USR307,474.1,2024-10-13
2117,USR085,262.71,2024-09-27
2118,USR358,149.59,2024-08-03
2119,USR488,80.36,2024-08-26
2120,USR172,72.17,2024-02-03
2121,USR160,100.64,2024-07-19
2122,USR165,30.88,2024-03-25
2123,USR440,103.71,2024-07-07
2124,USR341,423.25,2024-03-30
2125,USR229,95.55,2024-03-04
2126,USR466,266.29,2024-12-21
2127,USR160,472.9,2024-03-28
2128,USR085,485.03,2024-10-28
2129,USR206,110.73,2024-10-13
2130,USR477,430.32,2024-07-20
2131,USR435,19.55,2024-07-04
2132,USR026,282.55,2024-09-13
2133,USR092,137.89,2024-08-24
2134,USR263,372.33,2024-07-02
2135,USR475,302.28,2024-12-07
2136,USR222,216.72,2024-01-05
2137,USR455,417.34,2024-07-05
2138,USR234,229.38,2024-02-23
2139,USR333,268.91,2024-03-30
2140,USR262,184.02,2024-06-02
2141,USR036,405.43,2024-06-04
2142,USR353,91.91,2024-05-07
2143,USR015,133.13,2024-02-24
2144,USR290,451.34,2024-11-03
2145,USR132,156.17,2024-10-26
2146,USR260,83.79,2024-12-18
2147,USR095,174.65,2024-08-15
2148,USR110,411.39,2024-11-03
2149,USR318,10.48,2024-07-31
2150,USR381,277.57,2024-10-09
2151,USR075,311.01,2024-06-04
2152,USR228,471.05,2024-02-11
2153,USR254,313.08,2024-07-24
2154,USR048,446.25,2024-12-11
2155,USR497,18.25,2024-08-09
2156,USR257,308.88,2024-08-04
2157,USR264,255.21,2024-01-20
2158,USR478,186.65,2024-05-29
2159,USR332,118.51,2024-03-13
2160,USR369,445.37,2024-04-06
2161,USR287,49.74,2024-04-01
2162,USR196,204.18,2024-06-06
2163,USR094,445.62,2024-06-09
2164,USR283,414.04,2024-02-16
2165,USR486,70.65,2024-02-04
2166,USR478,213.42,2024-12-12
2167,USR273,320.89,2024-02-11
2168,USR221,397.52,2024-11-09
2169,USR450,198.07,2024-03-10
2170,USR175,255.92,2024-04-18
2171,USR172,60.18,2024-12-06
2172,USR142,367.47,2024-08-13
2173,USR379,208.98,2024-08-17
2174,USR060,320.87,2024-12-02
2175,USR230,380.92,2024-03-14
2176,USR161,486.42,2024-12-19
2177,USR260,487.2,2024-03-04
2178,USR031,305.93,2024-12-21
2179,USR055,267.77,2024-09-23
2180,USR129,210.82,2024-02-07
2181,USR074,377.76,2024-08-31
2182,USR475,138.32,2024-04-17
2183,USR068,136.0,2024-02-16
2184,USR001,419.99,2024-08-17
2185,USR102,42.41,2024-06-15
2186,USR240,145.36,2024-06-06
2187,USR222,198.13,2024-04-19
2188,USR156,146.19,2024-11-27
2189,USR274,325.07,2024-08-10
2190,USR029,455.25,2024-09-14
2191,USR148,380.89,2024-11-26
2192,USR322,355.31,2024-03-29
2193,USR476,495.78,2024-07-22
2194,USR242,430.49,2024-07-24
2195,USR169,250.67,2024-04-01
2196,USR007,237.26,2024-02-20
2197,USR472,456.13,2024-12-15
2198,USR481,64.73,2024-01-20
2199,USR014,354.2,2024-12-16
2200,USR308,462.46,2024-10-20
2201,USR433,93.6,2024-04-23
2202,USR424,172.77,2024-09-10
2203,USR163,118.77,2024-07-02
2204,USR314,272.46,2024-06-13
2205,USR225,47.83,2024-09-15
2206,USR244,450.68,2024-12-16
2207,USR462,312.08,2024-03-12
2208,USR107,376.77,2024-03-23
2209,USR254,415.91,2024-07-07
2210,USR067,474.91,2024-10-10
2211,USR345,498.15,2024-09-05
2212,USR021,278.34,2024-04-05
2213,USR325,157.71,2024-05-28
2214,USR484,488.74,2024-05-20
2215,USR081,336.46,2024-02-29
2216,USR076,366.36,2024-05-10
2217,USR153,61.2,2024-06-25
2218,USR198,63.38,2024-12-17
2219,USR325,403.21,2024-10-03
2220,USR151,324.43,2024-10-15
2221,USR173,283.86,2024-06-04
2222,USR351,369.99,2024-03-14
2223,USR308,33.58,2024-08-18
2224,USR451,78.9,2024-11-10
2225,USR399,133.24,2024-01-26
2226,USR133,88.09,2024-03-12
2227,USR371,345.77,2024-09-21
2228,USR443,81.15,2024-11-19
2229,USR329,384.54,2024-07-10
2230,USR257,218.13,2024-12-07
2231,USR117,41.83,2024-09-16
2232,USR096,304.88,2024-02-23
2233,USR180,478.09,2024-01-18
2234,USR187,29.65,2024-05-01
2235,USR331,112.86,2024-02-08
2236,USR090,112.41,2024-09-10
2237,USR483,372.43,2024-01-05
2238,USR121,445.12,2024-05-27
2239,USR282,64.33,2024-06-10
2240,USR494,69.24,2024-06-07
2241,USR420,229.66,2024-09-23
2242,USR032,243.17,2024-10-08
2243,USR469,426.1,2024-03-23
2244,USR395,120.45,2024-04-13
2245,USR404,178.43,2024-11-09
2246,USR324,395.72,2024-09-10
2247,USR247,240.49,2024-09-01
2248,USR061,324.82,2024-03-19
2249,USR201,85.33,2024-06-07
2250,USR194,448.34,2024-09-26
2251,USR024,65.53,2024-07-18
2252,USR500,8.73,2024-12-14
2253,USR255,205.22,2024-05-06
2254,USR337,493.12,2024-01-08
2255,USR246,330.54,2024-11-17
2256,USR257,146.7,2024-10-13
2257,USR405,48.21,2024-01-09
2258,USR011,365.79,2024-03-14
2259,USR196,220.13,2024-11-07
2260,USR355,81.21,2024-09-26
2261,USR148,176.77,2024-12-13
2262,USR276,49.8,2024-07-29
2263,USR440,246.94,2024-10-31
2264,USR256,451.37,2024-12-07
2265,USR401,123.08,2024-06-17
2266,USR071,381.75,2024-07-10
2267,USR154,312.69,2024-02-17
2268,USR281,326.27,2024-03-06
2269,USR449,169.37,2024-12-16
2270,USR447,340.35,2024-03-29
2271,USR496,194.41,2024-03-25
2272,USR262,421.09,2024-02-14
2273,USR348,380.24,2024-06-23
2274,USR398,131.73,2024-03-22
2275,USR352,130.85,2024-12-02
2276,USR072,166.96,2024-11-10
2277,USR308,30.22,2024-05-14
2278,USR494,85.22,2024-02-10
2279,USR260,80.57,2024-02-09
2280,USR229,326.74,2024-11-17
2281,USR028,364.46,2024-08-15
2282,USR122,60.31,2024-03-19
2283,USR372,362.5,2024-07-17
2284,USR090,82.75,2024-08-03
2285,USR500,395.93,2024-07-15
2286,USR017,51.08,2024-11-03
2287,USR434,466.14,2024-11-14
2288,USR237,218.67,2024-07-15
2289,USR150,159.98,2024-03-06
2290,USR460,66.63,2024-03-17
2291,USR399,469.95,2024-10-13
2292,USR143,27.58,2024-02-25
2293,USR162,98.24,2024-10-27
2294,USR196,489.32,2024-10-20
2295,USR107,63.67,2024-08-10
2296,USR490,118.92,2024-05-31
2297,USR029,147.39,2024-06-25
2298,USR135,373.07,2024-12-22
2299,USR290,359.17,2024-02-28
2300,USR186,299.21,2024-10-27
2301,USR467,434.73,2024-06-13
2302,USR054,277.68,2024-02-08
2303,USR085,72.24,2024-09-19
2304,USR015,491.72,2024-05-28
2305,USR499,421.6,2024-11-01
2306,USR206,213.69,2024-10-28
2307,USR114,170.5,2024-07-12
2308,USR014,310.59,2024-03-10
2309,USR325,240.74,2024-11-13
2310,USR293,271.91,2024-01-14
2311,USR418,461.42,2024-02-20
2312,USR413,110.08,2024-04-15
2313,USR476,361.56,2024-04-15
2314,USR435,455.37,2024-07-03
2315,USR082,217.96,2024-04-08
2316,USR391,99.68,2024-11-03
2317,USR298,310.45,2024-11-12
2318,USR429,223.65,2024-08-09
2319,USR456,474.98,2024-10-13
2320,USR165,108.11,2024-08-02
2321,USR463,155.1,2024-07-11
2322,USR220,12.69,2024-02-22
2323,USR118,121.86,2024-11-29
2324,USR279,187.03,2024-07-05
2325,USR450,232.64,2024-10-07
2326,USR469,152.38,2024-04-02
2327,USR011,360.39,2024-09-08
2328,USR486,354.67,2024-11-02
2329,USR314,447.03,2024-12-11
2330,USR474,60.02,2024-05-27
2331,USR056,492.14,2024-03-28
2332,USR279,116.82,2024-06-09
2333,USR154,395.8,2024-09-26
2334,USR253,117.49,2024-03-26
2335,USR452,193.67,2024-07-29
2336,USR035,279.23,2024-06-05
2337,USR397,269.29,2024-11-16
2338,USR290,224.99,2024-02-03
2339,USR165,113.54,2024-04-22
2340,USR351,392.04,2024-05-24
2341,USR163,232.2,2024-06-27
2342,USR437,140.31,2024-12-27
2343,USR352,419.73,2024-04-30
2344,USR347,434.3,2024-04-27
2345,USR241,374.28,2024-07-23
2346,USR317,336.75,2024-04-02
2347,USR194,77.26,2024-08-14
2348,USR348,427.31,2024-11-06
2349,USR031,494.66,2024-01-21
2350,USR080,232.44,2024-01-28
2351,USR201,247.32,2024-07-12
2352,USR018,381.24,2024-10-14
2353,USR388,190.29,2024-08-20
2354,USR323,292.19,2024-07-10
2355,USR097,210.86,2024-01-05
2356,USR336,334.26,2024-11-03
2357,USR152,112.65,2024-09-12
2358,USR238,269.23,2024-04-25
2359,USR149,69.22,2024-03-24
2360,USR177,393.92,2024-05-25
2361,USR466,394.77,2024-10-15
2362,USR308,201.24,2024-01-08
2363,USR003,499.5,2024-02-19
2364,USR276,444.64,2024-08-22
2365,USR266,266.37,2024-03-03
2366,USR043,310.08,2024-10-13
2367,USR417,205.26,2024-07-16
2368,USR075,75.95,2024-11-14
2369,USR435,216.6,2024-03-16
2370,USR249,201.5,2024-03-07
2371,USR116,442.15,2024-10-20
2372,USR428,299.49,2024-06-10
2373,USR263,18.72,2024-02-24
2374,USR001,447.52,2024-07-19
2375,USR467,80.41,2024-08-09
2376,USR166,231.27,2024-12-12
2377,USR027,137.12,2024-09-16
2378,USR379,409.23,2024-07-06
2379,USR279,207.26,2024-07-03
2380,USR381,379.63,2024-12-09
2381,USR089,418.02,2024-03-06
2382,USR404,222.99,2024-01-10
2383,USR330,301.72,2024-08-04
2384,USR039,339.34,2024-05-03
2385,USR180,229.27,2024-04-29
2386,USR039,285.08,2024-07-19
2387,USR024,32.32,2024-11-28
2388,USR273,376.77,2024-06-24
2389,USR245,250.94,2024-10-15
2390,USR484,154.96,2024-09-20
2391,USR003,445.35,2024-10-16
2392,USR152,12.17,2024-11-08
2393,USR088,182.78,2024-02-20
2394,USR306,48.66,2024-06-16
2395,USR365,386.42,2024-12-18
2396,USR072,456.48,2024-10-31
2397,USR321,376.06,2024-05-13
2398,USR414,466.71,2024-10-09
2399,USR143,46.77,2024-06-30
2400,USR456,119.76,2024-09-07
2401,USR338,274.19,2024-07-06
2402,USR215,433.57,2024-02-10
2403,USR465,28.07,2024-10-31
2404,USR417,328.98,2024-08-14
2405,USR332,442.83,2024-05-30
2406,USR354,194.77,2024-07-13
2407,USR461,240.17,2024-08-06
2408,USR223,325.97,2024-10-07
2409,USR138,225.53,2024-04-10
2410,USR042,353.33,2024-12-17
2411,USR045,248.19,2024-08-17
2412,USR017,48.87,2024-07-06
2413,USR394,421.7,2024-11-05
2414,USR342,141.81,2024-03-10
2415,USR332,437.49,2024-06-20
2416,USR146,296.61,2024-05-03
2417,USR124,372.66,2024-06-23
2418,USR260,46.04,2024-01-07
2419,USR182,354.51,2024-06-01
2420,USR340,156.01,2024-09-02
2421,USR411,197.29,2024-02-12
2422,USR114,129.9,2024-03-05
2423,USR200,100.1,2024-10-29
2424,USR132,175.07,2024-08-21
2425,USR307,10.71,2024-06-02
2426,USR273,489.69,2024-04-04
2427,USR326,38.42,2024-02-21
2428,USR068,145.52,2024-01-30
2429,USR043,168.58,2024-02-17
2430,USR081,130.59,2024-02-10
2431,USR359,46.01,2024-03-26
2432,USR085,457.7,2024-02-26
2433,USR086,383.63,2024-07-21
2434,USR277,438.02,2024-05-31
2435,USR153,126.12,2024-06-29
2436,USR153,135.27,2024-12-02
2437,USR117,495.81,2024-06-17
2438,USR260,149.05,2024-04-04
2439,USR025,154.76,2024-08-07
2440,USR268,428.47,2024-07-17
2441,USR105,296.7,2024-10-28
2442,USR460,462.61,2024-02-26
2443,USR331,325.02,2024-05-21
2444,USR122,57.09,2024-09-18
2445,USR275,387.76,2024-04-22
2446,USR461,496.73,2024-09-27
2447,USR383,232.53,2024-03-04
2448,USR414,400.9,2024-10-05
2449,USR362,85.7,2024-05-27
2450,USR292,463.87,2024-01-20
2451,USR467,481.86,2024-05-24
2452,USR278,210.76,2024-10-06
2453,USR098,281.54,2024-11-15
2454,USR373,331.27,2024-09-22
2455,USR146,111.08,2024-07-05
2456,USR245,434.98,2024-03-04
2457,USR341,258.48,2024-06-21
2458,USR493,166.09,2024-08-28
2459,USR044,85.96,2024-05-28
2460,USR172,490.82,2024-08-25
2461,USR164,87.55,2024-12-27
2462,USR235,83.23,2024-06-17
2463,USR310,72.34,2024-01-09
2464,USR488,181.83,2024-11-02
2465,USR468,407.24,2024-06-20
2466,USR422,191.34,2024-07-31
2467,USR324,48.93,2024-06-05
2468,USR129,454.99,2024-03-15
2469,USR216,5.12,2024-05-01
2470,USR110,300.9,2024-08-29
2471,USR455,8.44,2024-09-10
2472,USR026,70.58,2024-11-27
2473,USR467,146.47,2024-10-19
2474,USR227,187.2,2024-04-23
2475,USR312,75.03,2024-12-16
2476,USR351,23.06,2024-07-16
2477,USR413,375.42,2024-08-05
2478,USR418,352.63,2024-11-30
2479,USR500,378.87,2024-11-22
2480,USR125,318.85,2024-10-01
2481,USR462,69.74,2024-11-26
2482,USR253,240.0,2024-05-29
2483,USR233,329.74,2024-05-09
2484,USR330,110.7,2024-04-05
2485,USR323,256.41,2024-05-23
2486,USR146,407.68,2024-04-19
2487,USR179,471.0,2024-07-21
2488,USR042,309.45,2024-07-27
2489,USR008,67.32,2024-09-05
2490,USR341,91.17,2024-09-15
2491,USR211,24.08,2024-07-23
2492,USR124,437.84,2024-05-18
2493,USR299,432.89,2024-01-18
2494,USR062,394.7,2024-07-10
2495,USR173,132.72,2024-04-17
2496,USR285,366.57,2024-12-30
2497,USR129,324.35,2024-07-23
2498,USR480,55.33,2024-01-29
2499,USR294,314.12,2024-06-27
2500,USR396,324.72,2024-08-13
2501,USR059,295.03,2024-02-02
2502,USR411,383.38,2024-03-15
2503,USR373,170.41,2024-08-16
2504,USR029,390.13,2024-04-29
2505,USR064,218.94,2024-04-28
2506,USR339,34.66,2024-11-08
2507,USR279,487.97,2024-04-10
2508,USR167,493.75,2024-08-27
2509,USR393,231.97,2024-08-03
2510,USR247,474.72,2024-05-01
2511,USR433,355.74,2024-03-23
2512,USR160,438.58,2024-08-21
2513,USR134,31.37,2024-03-15
2514,USR358,98.04,2024-02-12
2515,USR068,83.69,2024-09-03
2516,USR223,63.63,2024-09-14
2517,USR106,410.48,2024-04-16
2518,USR290,434.37,2024-06-01
2519,USR266,347.68,2024-03-09
2520,USR463,275.13,2024-04-07
2521,USR355,364.62,2024-06-28
2522,USR211,198.77,2024-03-28
2523,USR157,450.72,2024-04-15
2524,USR314,326.37,2024-06-09
2525,USR326,133.51,2024-05-12
2526,USR366,134.31,2024-03-22
2527,USR156,445.28,2024-12-27
2528,USR167,24.0,2024-02-19
2529,USR480,66.6,2024-03-30
2530,USR423,462.79,2024-05-15
2531,USR461,152.12,2024-08-21
2532,USR246,319.34,2024-03-29
2533,USR241,81.42,2024-07-18
2534,USR095,154.24,2024-03-10
2535,USR120,33.86,2024-06-25
2536,USR329,316.18,2024-12-28
2537,USR467,402.36,2024-02-27
2538,USR082,468.16,2024-04-09
2539,USR028,249.78,2024-10-18
2540,USR389,23.51,2024-07-27
2541,USR422,37.23,2024-03-04
2542,USR227,318.23,2024-10-16
2543,USR299,469.9,2024-04-19
2544,USR081,44.25,2024-04-21
2545,USR498,359.12,2024-04-05
2546,USR030,439.54,2024-08-19
2547,USR164,81.84,2024-02-06
2548,USR038,351.09,2024-09-17
2549,USR085,49.21,2024-06-03
2550,USR333,30.25,2024-08-06
2551,USR144,411.75,2024-03-22
2552,USR282,16.24,2024-07-09
2553,USR148,265.38,2024-08-18
2554,USR457,251.45,2024-06-30
2555,USR077,297.89,2024-11-18
2556,USR101,201.65,2024-02-02
2557,USR178,168.62,2024-01-06
2558,USR465,131.33,2024-11-20
2559,USR166,111.16,2024-09-29
2560,USR349,83.44,2024-07-12
2561,USR044,326.05,2024-10-12
2562,USR378,271.1,2024-02-12
2563,USR484,482.39,2024-05-04
2564,USR500,386.79,2024-05-14
2565,USR317,87.34,2024-07-26
2566,USR382,197.14,2024-05-22
2567,USR045,16.4,2024-07-02
2568,USR056,356.46,2024-10-01
2569,USR141,205.62,2024-12-20
2570,USR051,190.35,2024-01-17
2571,USR129,280.68,2024-01-29
2572,USR003,283.15,2024-10-01
2573,USR168,469.01,2024-04-11
2574,USR288,126.69,2024-11-17
2575,USR207,266.97,2024-07-27
2576,USR342,418.62,2024-05-12
2577,USR159,74.69,2024-01-27
2578,USR188,202.11,2024-01-26
2579,USR224,61.65,2024-12-21
2580,USR469,54.21,2024-11-01
2581,USR375,429.59,2024-04-06
2582,USR435,422.28,2024-12-23
2583,USR245,97.67,2024-11-06
2584,USR473,263.14,2024-01-25
2585,USR370,5.01,2024-02-08
2586,USR081,361.26,2024-07-19
2587,USR019,230.48,2024-11-19
2588,USR154,376.45,2024-11-08
2589,USR149,91.9,2024-01-09
2590,USR436,100.18,2024-02-28
2591,USR160,24.23,2024-11-07
2592,USR218,143.06,2024-07-21
2593,USR171,41.09,2024-10-06
2594,USR333,395.68,2024-03-19
2595,USR228,288.06,2024-07-05
2596,USR156,298.19,2024-12-30
2597,USR396,230.39,2024-09-24
2598,USR219,440.43,2024-02-10
2599,USR143,167.25,2024-12-18
2600,USR183,365.44,2024-08-01
2601,USR452,29.5,2024-02-11
2602,USR149,466.46,2024-03-10
2603,USR447,208.91,2024-03-17
2604,USR087,332.92,2024-04-09
2605,USR013,73.54,2024-06-21
2606,USR295,25.57,2024-06-03
2607,USR130,248.04,2024-04-24
2608,USR344,91.99,2024-07-13
2609,USR346,312.44,2024-02-04
2610,USR257,81.46,2024-01-21
2611,USR356,161.52,2024-10-18
2612,USR203,157.1,2024-11-06
2613,USR144,35.66,2024-06-10
2614,USR036,405.88,2024-11-06
2615,USR159,55.67,2024-04-29
2616,USR282,369.99,2024-08-28
2617,USR368,346.35,2024-07-12
2618,USR055,233.78,2024-11-27
2619,USR073,79.27,2024-10-19
2620,USR207,424.07,2024-07-24
2621,USR471,393.54,2024-12-04
2622,USR084,59.72,2024-09-19
2623,USR394,50.14,2024-01-06
2624,USR310,217.77,2024-06-05
2625,USR069,113.16,2024-03-29
2626,USR190,326.64,2024-07-06
2627,USR235,469.55,2024-04-23
2628,USR040,178.34,2024-02-03
2629,USR232,336.99,2024-10-24
2630,USR336,444.76,2024-04-08
2631,USR036,105.53,2024-02-26
2632,USR261,493.79,2024-07-03
2633,USR070,397.82,2024-08-14
2634,USR434,453.42,2024-08-23
2635,USR394,41.07,2024-01-21
2636,USR468,289.88,2024-05-01
2637,USR237,182.44,2024-04-19
2638,USR042,192.38,2024-08-30
2639,USR191,152.2,2024-06-21
2640,USR135,402.93,2024-04-09
2641,USR366,317.74,2024-07-05
2642,USR477,496.25,2024-12-15
2643,USR191,491.06,2024-10-27
2644,USR327,344.44,2024-09-30
2645,USR347,338.17,2024-11-30
2646,USR330,470.72,2024-05-26
2647,USR493,371.72,2024-11-01
2648,USR271,473.39,2024-05-14
2649,USR488,149.23,2024-04-28
2650,USR188,336.08,2024-07-01
2651,USR172,499.93,2024-06-06
2652,USR444,457.08,2024-04-03
2653,USR027,31.9,2024-06-12
2654,USR027,246.36,2024-06-10
2655,USR307,249.97,2024-01-11
2656,USR327,52.36,2024-03-22
2657,USR229,259.01,2024-01-26
2658,USR402,407.49,2024-03-15
2659,USR064,146.92,2024-09-12
2660,USR183,470.05,2024-12-14
2661,USR122,391.0,2024-12-25
2662,USR274,364.84,2024-08-05
2663,USR328,100.38,2024-10-02
2664,USR270,334.49,2024-01-20
2665,USR393,27.93,2024-04-11
2666,USR129,151.05,2024-10-31
2667,USR011,261.22,2024-01-23
2668,USR251,73.51,2024-01-18
2669,USR421,206.83,2024-05-22
2670,USR455,362.96,2024-11-21
2671,USR082,168.49,2024-02-24
2672,USR343,436.03,2024-01-02
2673,USR026,310.41,2024-05-18
2674,USR188,222.48,2024-02-26
2675,USR238,382.32,2024-04-15
2676,USR042,411.09,2024-09-15
2677,USR210,167.07,2024-02-02
2678,USR468,406.9,2024-06-26
2679,USR381,75.54,2024-01-12
2680,USR291,219.06,2024-05-13
2681,USR220,215.03,2024-05-16
2682,USR160,259.38,2024-09-29
2683,USR182,426.38,2024-06-28
2684,USR028,342.66,2024-07-13
2685,USR398,151.37,2024-01-29
2686,USR364,316.93,2024-12-10
2687,USR415,158.77,2024-08-15
2688,USR395,209.95,2024-04-22
2689,USR283,316.32,2024-07-20
2690,USR481,16.42,2024-01-27
2691,USR087,391.31,2024-08-21
2692,USR472,208.33,2024-07-31
2693,USR271,200.13,2024-12-07
2694,USR341,237.73,2024-09-14
2695,USR190,15.83,2024-12-05
2696,USR356,445.12,2024-10-24
2697,USR439,461.47,2024-02-08
2698,USR011,368.24,2024-06-02
2699,USR337,343.64,2024-11-07
2700,USR395,53.05,2024-06-19
2701,USR452,113.19,2024-04-29
2702,USR048,260.93,2024-10-11
2703,USR103,85.75,2024-02-29
2704,USR397,183.94,2024-08-31
2705,USR487,377.83,2024-03-17
2706,USR456,475.63,2024-02-11
2707,USR100,302.19,2024-12-20
2708,USR016,310.99,2024-09-07
2709,USR032,466.07,2024-02-12
2710,USR292,480.42,2024-02-28
2711,USR118,242.44,2024-08-08
2712,USR265,364.02,2024-10-16
2713,USR039,41.08,2024-12-04
2714,USR387,49.72,2024-07-09
2715,USR306,463.24,2024-04-02
2716,USR073,419.98,2024-09-09
2717,USR260,373.91,2024-03-10
2718,USR307,337.33,2024-01-24
2719,USR028,132.71,2024-11-03
2720,USR229,183.65,2024-11-23
2721,USR082,344.49,2024-07-30
2722,USR256,265.47,2024-05-26
2723,USR225,85.6,2024-07-13
2724,USR025,406.19,2024-01-26
2725,USR148,459.6,2024-11-15
2726,USR080,380.52,2024-03-08
2727,USR020,401.66,2024-06-23
2728,USR129,287.44,2024-08-23
2729,USR106,231.94,2024-10-26
2730,USR300,220.81,2024-07-25
2731,USR220,189.12,2024-01-26
2732,USR296,429.33,2024-10-09
2733,USR360,408.0,2024-09-25
2734,USR479,193.71,2024-07-14
2735,USR264,31.09,2024-12-09
2736,USR117,235.97,2024-06-21
2737,USR060,52.82,2024-08-22
2738,USR090,92.93,2024-05-09
2739,USR011,373.36,2024-02-06
2740,USR322,186.74,2024-04-09
2741,USR233,248.89,2024-01-25
2742,USR036,412.38,2024-05-25
2743,USR404,56.87,2024-05-11
2744,USR230,253.35,2024-04-17
2745,USR207,179.99,2024-09-19
2746,USR248,41.39,2024-10-29
2747,USR477,292.36,2024-10-11
2748,USR382,37.02,2024-02-23
2749,USR067,263.47,2024-09-07
2750,USR497,487.69,2024-12-24
2751,USR024,233.53,2024-08-26
2752,USR489,323.64,2024-11-30
2753,USR125,104.98,2024-02-17
2754,USR040,49.68,2024-04-14
2755,USR418,133.02,2024-07-09
2756,USR210,136.42,2024-09-18
2757,USR170,463.02,2024-07-12
2758,USR399,467.59,2024-07-28
2759,USR004,51.18,2024-02-11
2760,USR462,465.19,2024-07-12
2761,USR335,462.33,2024-06-25
2762,USR245,496.36,2024-05-09
2763,USR206,111.89,2024-11-14
2764,USR033,344.2,2024-10-17
2765,USR436,153.05,2024-02-27
2766,USR005,452.41,2024-04-11
2767,USR094,482.11,2024-05-19
2768,USR086,329.47,2024-02-07
2769,USR342,70.89,2024-02-28
2770,USR068,58.44,2024-04-11
2771,USR440,417.66,2024-01-23
2772,USR054,93.66,2024-07-19
2773,USR457,373.27,2024-03-20
2774,USR451,464.22,2024-10-09
2775,USR092,137.81,2024-12-06
2776,USR143,293.63,2024-04-02
2777,USR365,476.55,2024-12-26
2778,USR221,353.84,2024-12-07
2779,USR051,318.23,2024-11-11
2780,USR275,228.0,2024-01-18
2781,USR384,412.26,2024-08-11
2782,USR293,185.76,2024-05-09
2783,USR237,148.85,2024-02-16
2784,USR422,114.69,2024-10-21
2785,USR243,286.4,2024-04-19
2786,USR437,56.94,2024-10-18
2787,USR202,487.77,2024-10-19
2788,USR198,89.27,2024-03-27
2789,USR423,53.73,2024-11-04
2790,USR056,495.83,2024-01-17
2791,USR368,259.57,2024-09-22
2792,USR181,34.45,2024-11-03
2793,USR069,306.02,2024-03-07
2794,USR023,423.92,2024-04-02
2795,USR417,191.1,2024-07-14
2796,USR134,104.77,2024-07-19
2797,USR252,42.8,2024-01-23
2798,USR102,411.1,2024-01-01
2799,USR133,360.33,2024-11-01
2800,USR091,111.33,2024-09-16
2801,USR061,455.01,2024-06-29
2802,USR065,466.96,2024-09-26
2803,USR367,267.63,2024-04-10
2804,USR190,167.28,2024-08-11
2805,USR304,471.26,2024-04-03
2806,USR031,74.12,2024-07-13
2807,USR178,27.92,2024-09-22
2808,USR499,147.65,2024-07-08
2809,USR407,499.97,2024-07-12
2810,USR390,344.89,2024-12-21
2811,USR170,156.33,2024-03-24
2812,USR425,228.89,2024-12-08
2813,USR019,182.1,2024-02-11
2814,USR031,52.91,2024-05-22
2815,USR385,201.57,2024-07-18
2816,USR423,183.4,2024-06-28
2817,USR482,364.23,2024-09-29
2818,USR434,402.96,2024-07-22
2819,USR107,187.76,2024-03-31
2820,USR239,347.64,2024-02-17
2821,USR380,386.94,2024-05-15
2822,USR315,35.75,2024-02-15
2823,USR494,311.85,2024-05-11
2824,USR325,201.54,2024-03-16
2825,USR272,190.32,2024-03-29
2826,USR496,485.58,2024-06-08
2827,USR173,64.94,2024-11-24
2828,USR332,345.85,2024-05-09
2829,USR419,244.66,2024-09-22
2830,USR337,386.42,2024-02-05
2831,USR415,411.41,2024-10-15
2832,USR141,379.24,2024-04-19
2833,USR116,300.39,2024-05-24
2834,USR041,239.03,2024-04-16
2835,USR043,187.42,2024-04-20
2836,USR230,276.29,2024-05-08
2837,USR494,435.66,2024-08-11
2838,USR331,498.67,2024-11-13
2839,USR179,361.9,2024-09-01
2840,USR491,367.0,2024-05-02
2841,USR018,358.03,2024-11-24
2842,USR109,111.2,2024-12-23
2843,USR430,426.61,2024-12-15
2844,USR382,193.48,2024-10-20
2845,USR285,499.17,2024-07-12
2846,USR244,350.47,2024-06-23
2847,USR255,345.13,2024-09-25
2848,USR168,319.55,2024-04-12
2849,USR066,144.06,2024-10-06
2850,USR365,87.33,2024-04-23
2851,USR083,326.67,2024-04-08
2852,USR092,168.23,2024-08-17
2853,USR410,163.86,2024-02-24
2854,USR053,316.57,2024-10-29
2855,USR381,348.63,2024-07-10
2856,USR192,182.07,2024-06-30
2857,USR306,169.92,2024-11-25
2858,USR477,308.33,2024-07-30
2859,USR110,370.57,2024-09-18
2860,USR319,199.4,2024-01-29
2861,USR231,341.72,2024-03-04
2862,USR348,421.73,2024-02-24
2863,USR004,11.46,2024-04-21
2864,USR129,72.04,2024-05-20
2865,USR237,6.19,2024-04-06
2866,USR285,89.97,2024-06-23
2867,USR259,293.99,2024-04-25
2868,USR134,232.44,2024-09-17
2869,USR378,45.78,2024-07-20
2870,USR362,91.57,2024-02-18
2871,USR067,306.51,2024-12-12
2872,USR295,464.54,2024-05-31
2873,USR154,50.47,2024-02-12
2874,USR177,69.52,2024-05-19
2875,USR208,479.94,2024-03-09
2876,USR463,411.96,2024-05-18
2877,USR273,173.37,2024-11-06
2878,USR371,179.61,2024-04-19
2879,USR468,188.65,2024-02-11
2880,USR121,169.5,2024-10-01
2881,USR018,34.26,2024-07-28
2882,USR288,49.15,2024-04-11
2883,USR274,258.44,2024-12-22
2884,USR419,99.65,2024-12-08
2885,USR407,364.61,2024-11-19
2886,USR383,241.25,2024-04-25
2887,USR063,325.29,2024-07-04
2888,USR376,487.28,2024-03-27
2889,USR466,241.58,2024-09-09
2890,USR481,372.48,2024-11-02
2891,USR079,375.0,2024-09-04
2892,USR237,218.14,2024-02-08
2893,USR131,418.84,2024-08-05
2894,USR142,410.61,2024-06-16
2895,USR421,79.76,2024-10-05
2896,USR378,328.0,2024-10-17
2897,USR440,361.69,2024-10-16
2898,USR071,181.94,2024-12-28
2899,USR306,150.62,2024-02-13
2900,USR460,317.67,2024-01-29
2901,USR301,498.58,2024-10-30
2902,USR278,318.62,2024-01-31
2903,USR122,265.03,2024-12-12
2904,USR479,43.57,2024-01-07
2905,USR172,481.22,2024-07-09
2906,USR482,308.99,2024-07-31
2907,USR334,195.61,2024-05-16
2908,USR431,305.86,2024-07-20
2909,USR472,21.8,2024-12-23
2910,USR114,287.5,2024-03-26
2911,USR411,295.74,2024-02-29
2912,USR141,481.68,2024-11-02
2913,USR001,408.46,2024-04-04
2914,USR014,317.37,2024-06-22
2915,USR323,401.82,2024-07-03
2916,USR434,49.91,2024-02-28
2917,USR244,229.24,2024-03-23
2918,USR411,439.69,2024-03-17
2919,USR279,138.72,2024-09-12
2920,USR312,273.65,2024-03-25
2921,USR368,431.09,2024-06-26
2922,USR428,162.09,2024-09-22
2923,USR181,184.16,2024-10-06
2924,USR238,402.53,2024-07-08
2925,USR488,293.78,2024-03-23
2926,USR256,454.72,2024-03-08
2927,USR244,113.42,2024-06-19
2928,USR163,233.58,2024-07-26
2929,USR338,253.56,2024-09-13
2930,USR349,153.13,2024-01-01
2931,USR397,95.0,2024-06-04
2932,USR313,58.17,2024-10-08
2933,USR240,35.14,2024-01-27
2934,USR201,278.79,2024-02-24
2935,USR371,492.19,2024-05-29
2936,USR488,333.03,2024-04-30
2937,USR329,271.44,2024-03-18
2938,USR361,154.33,2024-05-21
2939,USR249,7.39,2024-11-27
2940,USR255,433.15,2024-10-20
2941,USR296,47.01,2024-03-29
2942,USR095,184.65,2024-08-03
2943,USR348,399.84,2024-03-03
2944,USR154,496.5,2024-07-03
2945,USR305,43.09,2024-09-10
2946,USR316,38.69,2024-08-27
2947,USR331,350.6,2024-03-18
2948,USR121,457.3,2024-06-28
2949,USR267,206.12,2024-04-09
2950,USR468,466.2,2024-02-09
2951,USR273,223.43,2024-02-18
2952,USR368,193.25,2024-03-27
2953,USR254,202.5,2024-06-23
2954,USR381,292.23,2024-01-29
2955,USR028,229.53,2024-09-12
2956,USR292,101.25,2024-11-17
2957,USR004,197.69,2024-10-29
2958,USR203,66.06,2024-07-02
2959,USR341,405.12,2024-08-29
2960,USR026,360.29,2024-01-25
2961,USR261,493.52,2024-10-11
2962,USR276,494.47,2024-04-23
2963,USR329,150.7,2024-04-02
2964,USR056,314.72,2024-02-29
2965,USR379,264.17,2024-12-15
2966,USR324,19.92,2024-03-11
2967,USR036,274.51,2024-10-08
2968,USR402,88.71,2024-05-01
2969,USR220,172.49,2024-08-25
2970,USR147,444.06,2024-08-15
2971,USR151,471.39,2024-11-13
2972,USR481,468.03,2024-10-12
2973,USR418,153.03,2024-01-19
2974,USR178,424.94,2024-05-22
2975,USR178,380.44,2024-07-09
2976,USR374,40.59,2024-07-06
2977,USR403,111.36,2024-11-03
2978,USR179,339.28,2024-08-08
2979,USR316,69.52,2024-05-03
2980,USR458,53.16,2024-12-15
2981,USR173,140.8,2024-06-22
2982,USR434,461.75,2024-07-22
2983,USR352,95.32,2024-04-09
2984,USR063,487.2,2024-01-06
2985,USR314,81.15,2024-07-19
2986,USR179,241.17,2024-06-12
2987,USR070,203.73,2024-11-14
2988,USR492,458.55,2024-12-18
2989,USR420,240.81,2024-09-12
2990,USR359,44.72,2024-04-25
2991,USR331,187.8,2024-12-07
2992,USR065,51.92,2024-10-22
2993,USR458,106.72,2024-11-27
2994,USR150,83.07,2024-09-28
2995,USR044,114.31,2024-12-14
2996,USR345,176.33,2024-05-23
2997,USR369,71.37,2024-10-09
2998,USR254,396.95,2024-10-05
2999,USR311,117.87,2024-02-23
3000,USR373,109.93,2024-02-04
