contact_id,last_name,first_name,city,department,phone,email
1,Fuchs,Dieter,Hannover,Vertrieb,+49 174 9990608,dieter.fuchs@firma.de
2,Bauer,Monika,Bonn,Vertrieb,+49 619 4602037,monika.bauer@firma.de
3,Weber,Stefan,Nürnberg,Logistik,+49 171 5037655,stefan.weber@firma.de
4,Koch,Christine,Nürnberg,Vertrieb,+49 946 3077052,christine.koch@firma.de
5,Krause,Käthe,München,Logistik,+49 150 4709137,kaethe.krause@firma.de
6,Meyer,Christine,Frankfurt,Marketing,+49 529 3420198,christine.meyer@firma.de
7,Martin,Klaus,Bonn,Marketing,+49 673 4032085,klaus.martin@firma.de
8,Richter,Käthe,Bonn,Personal,+49 481 2634613,kaethe.richter@firma.de
9,Schumacher,Andreas,Bonn,Vertrieb,+49 733 4455413,andreas.schumacher@firma.de
10,Schuster,Gisela,Nürnberg,Forschung,+49 576 8603172,gisela.schuster@firma.de
11,Weiß,Rainer,Dortmund,Buchhaltung,+49 815 5095259,rainer.weiss@firma.de
12,Schäfer,Bärbel,Leipzig,Kundendienst,+49 996 6762565,baerbel.schaefer@firma.de
13,Bergmann,Heike,Leipzig,Technik,+49 220 9588807,heike.bergmann@firma.de
14,Günther,Helmut,Bremen,Buchhaltung,+49 600 8074924,helmut.guenther@firma.de
15,Meyer,Andreas,Bielefeld,Forschung,+49 448 6875018,andreas.meyer@firma.de
16,Sommer,Ingrid,Bonn,Kundendienst,+49 170 2570280,ingrid.sommer@firma.de
17,Köhler,Renate,Hamburg,Vertrieb,+49 848 6194349,renate.koehler@firma.de
18,Schreiber,Bärbel,Duisburg,Marketing,+49 833 7472506,baerbel.schreiber@firma.de
19,Dietrich,Ursula,Berlin,Kundendienst,+49 463 3819383,ursula.dietrich@firma.de
20,Seidel,Klaus,Bochum,Vertrieb,+49 323 5822307,klaus.seidel@firma.de
21,Schröder,Karl,Hannover,Logistik,+49 992 9330000,karl.schroeder@firma.de
22,Schäfer,Helmut,Duisburg,Logistik,+49 662 5661367,helmut.schaefer@firma.de
23,Neumann,Karin,Bielefeld,Marketing,+49 823 7967519,karin.neumann@firma.de
24,Möller,Petra,Dortmund,Buchhaltung,+49 184 3956442,petra.moeller@firma.de
25,Zimmermann,Manfred,Dortmund,Vertrieb,+49 596 4059205,manfred.zimmermann@firma.de
26,Maier,Bernd,Berlin,Buchhaltung,+49 529 9968948,bernd.maier@firma.de
27,Jung,Björn,Bonn,Forschung,+49 228 9648511,bjoern.jung@firma.de
28,Heinrich,Thomas,Duisburg,Logistik,+49 507 7693754,thomas.heinrich@firma.de
29,Vogel,Wolfgang,Bochum,Logistik,+49 163 4197897,wolfgang.vogel@firma.de
30,Schulz,Gerhard,Duisburg,Buchhaltung,+49 212 6705153,gerhard.schulz@firma.de
31,Sommer,Thomas,Köln,Vertrieb,+49 680 3537804,thomas.sommer@firma.de
32,Kraus,Wolfgang,Dresden,Vertrieb,+49 172 4488867,wolfgang.kraus@firma.de
33,Seidel,Petra,Frankfurt,Marketing,+49 455 7109648,petra.seidel@firma.de
34,Baumann,Klaus,Köln,Kundendienst,+49 577 9059692,klaus.baumann@firma.de
35,Franke,Rainer,Hamburg,Buchhaltung,+49 204 6748475,rainer.franke@firma.de
36,Thomas,Heinrich,Bochum,Buchhaltung,+49 628 1387481,heinrich.thomas@firma.de
37,Werner,Helga,Dresden,Buchhaltung,+49 806 1453697,helga.werner@firma.de
38,Arnold,Helga,Leipzig,Technik,+49 812 5380786,helga.arnold@firma.de
39,Böhm,Monika,Stuttgart,Forschung,+49 890 4737842,monika.boehm@firma.de
40,Kraus,Gisela,Wuppertal,Forschung,+49 751 4742018,gisela.kraus@firma.de
41,Seidel,Werner,Dortmund,Logistik,+49 857 4804057,werner.seidel@firma.de
42,Schmitt,Helga,Bochum,Forschung,+49 848 1486206,helga.schmitt@firma.de
43,Fischer,Uwe,Bochum,Marketing,+49 298 6776075,uwe.fischer@firma.de
44,Roth,Ursula,Dresden,Technik,+49 325 2713912,ursula.roth@firma.de
45,Meier,Renate,Düsseldorf,Forschung,+49 309 9097578,renate.meier@firma.de
46,Heinrich,Björn,Berlin,Kundendienst,+49 768 6771478,bjoern.heinrich@firma.de
47,Förster,Stefan,Köln,Logistik,+49 901 4344024,stefan.foerster@firma.de
48,Franke,Günter,Nürnberg,Forschung,+49 188 7641067,guenter.franke@firma.de
49,Lorenz,Brigitte,Hamburg,Buchhaltung,+49 274 3131350,brigitte.lorenz@firma.de
50,Fischer,Dieter,Bonn,Kundendienst,+49 925 3452397,dieter.fischer@firma.de
51,Seidel,Rüdiger,Bochum,Forschung,+49 259 3197544,ruediger.seidel@firma.de
52,Schneider,Hans,Köln,Buchhaltung,+49 544 4268292,hans.schneider@firma.de
53,Ährenfeld,Gerhard,Berlin,Marketing,+49 317 5915164,gerhard.aehrenfeld@firma.de
54,Simon,Karl,Bonn,Forschung,+49 365 8029864,karl.simon@firma.de
55,Ärzte,Jürgen,München,Forschung,+49 569 9669808,juergen.aerzte@firma.de
56,Günther,Erika,Frankfurt,Buchhaltung,+49 636 9565557,erika.guenther@firma.de
57,Schneider,Heike,Stuttgart,Vertrieb,+49 894 3513268,heike.schneider@firma.de
58,Hofmann,Dieter,Bochum,Technik,+49 669 2036081,dieter.hofmann@firma.de
59,Fuchs,Helga,Wuppertal,Kundendienst,+49 903 2780220,helga.fuchs@firma.de
60,Krämer,Thomas,Dortmund,Personal,+49 383 1707979,thomas.kraemer@firma.de
61,Wolff,Wolfgang,Wuppertal,Kundendienst,+49 675 1467509,wolfgang.wolff@firma.de
62,Arnold,Andreas,Duisburg,Forschung,+49 727 9481774,andreas.arnold@firma.de
63,Groß,Erika,Düsseldorf,Marketing,+49 563 9525445,erika.gross@firma.de
64,Kraus,Renate,Wuppertal,Personal,+49 815 9778001,renate.kraus@firma.de
65,Maier,Christine,Düsseldorf,Kundendienst,+49 240 7990009,christine.maier@firma.de
66,Wolf,Brigitte,Duisburg,Forschung,+49 174 5037248,brigitte.wolf@firma.de
67,Frank,Andreas,Düsseldorf,Marketing,+49 902 3052690,andreas.frank@firma.de
68,Pfeiffer,Dieter,Dresden,Buchhaltung,+49 359 3302750,dieter.pfeiffer@firma.de
69,Lorenz,Manfred,Köln,Logistik,+49 598 3731249,manfred.lorenz@firma.de
70,Dietrich,Manfred,Stuttgart,Logistik,+49 627 7774803,manfred.dietrich@firma.de
71,Lang,Sabine,Düsseldorf,Forschung,+49 426 2546759,sabine.lang@firma.de
72,Busch,Monika,Berlin,Forschung,+49 667 8695218,monika.busch@firma.de
73,Winkler,Peter,Hannover,Forschung,+49 629 5956897,peter.winkler@firma.de
74,Ludwig,Andreas,Köln,Personal,+49 997 2757909,andreas.ludwig@firma.de
75,Schäfer,Heinrich,Essen,Vertrieb,+49 897 4045926,heinrich.schaefer@firma.de
76,Köhler,Jürgen,Nürnberg,Marketing,+49 515 3505978,juergen.koehler@firma.de
77,Kraus,Erika,Bonn,Kundendienst,+49 817 6486963,erika.kraus@firma.de
78,Koch,Uwe,München,Buchhaltung,+49 535 2214906,uwe.koch@firma.de
79,Köhler,Peter,Hamburg,Marketing,+49 185 4731386,peter.koehler@firma.de
80,Schulz,Heinrich,Köln,Kundendienst,+49 111 6690022,heinrich.schulz@firma.de
81,Schumacher,Sabine,Essen,Buchhaltung,+49 144 9840167,sabine.schumacher@firma.de
82,Engel,Karl,Köln,Buchhaltung,+49 368 1845231,karl.engel@firma.de
83,Hartmann,Werner,Leipzig,Marketing,+49 643 4453951,werner.hartmann@firma.de
84,Walter,Heike,Wuppertal,Buchhaltung,+49 377 6821711,heike.walter@firma.de
85,Förster,Peter,Essen,Vertrieb,+49 115 1309269,peter.foerster@firma.de
86,Bergmann,Erika,Bielefeld,Personal,+49 626 8965161,erika.bergmann@firma.de
87,Schmid,Heike,Köln,Logistik,+49 772 9304748,heike.schmid@firma.de
88,Martin,Brigitte,Wuppertal,Marketing,+49 804 4610140,brigitte.martin@firma.de
89,Meier,Maria,Düsseldorf,Buchhaltung,+49 514 6830957,maria.meier@firma.de
90,Wagner,Jürgen,Berlin,Technik,+49 740 5288153,juergen.wagner@firma.de
91,Berger,Helmut,München,Technik,+49 781 7390135,helmut.berger@firma.de
92,Simon,Bernd,Münster,Personal,+49 809 5916705,bernd.simon@firma.de
93,Meyer,Claudia,Stuttgart,Buchhaltung,+49 375 8479695,claudia.meyer@firma.de
94,Müller,Heinrich,Dresden,Forschung,+49 660 6427998,heinrich.mueller@firma.de
95,Schmid,Michael,Leipzig,Personal,+49 465 4069524,michael.schmid@firma.de
96,Müller,Maria,Hannover,Technik,+49 586 5679649,maria.mueller@firma.de
97,Simon,Werner,Dortmund,Vertrieb,+49 193 5432015,werner.simon@firma.de
98,Überall,Stefan,Frankfurt,Logistik,+49 700 1699055,stefan.ueberall@firma.de
99,Vogel,Peter,Leipzig,Marketing,+49 744 4905896,peter.vogel@firma.de
100,Schäfer,Käthe,Wuppertal,Buchhaltung,+49 773 7535001,kaethe.schaefer@firma.de
101,Arnold,Anna,Bochum,Buchhaltung,+49 390 3428539,anna.arnold@firma.de
102,Meyer,Erika,Nürnberg,Buchhaltung,+49 636 9461942,erika.meyer@firma.de
103,Vogt,Peter,Bonn,Personal,+49 187 1522786,peter.vogt@firma.de
104,Meyer,Jürgen,Dresden,Technik,+49 485 8573003,juergen.meyer@firma.de
105,Krämer,Thomas,Berlin,Personal,+49 601 5425710,thomas.kraemer@firma.de
106,Müller,Claudia,Hamburg,Technik,+49 775 9824650,claudia.mueller@firma.de
107,Schulz,Renate,Essen,Technik,+49 966 5455327,renate.schulz@firma.de
108,Lehmann,Gerhard,Dortmund,Kundendienst,+49 605 7418299,gerhard.lehmann@firma.de
109,Hoffmann,Renate,Leipzig,Vertrieb,+49 731 4326756,renate.hoffmann@firma.de
110,Hoffmann,Rüdiger,Frankfurt,Forschung,+49 360 6107272,ruediger.hoffmann@firma.de
111,Heinrich,Bärbel,Frankfurt,Vertrieb,+49 593 2017722,baerbel.heinrich@firma.de
112,Albrecht,Uwe,Köln,Personal,+49 791 9214365,uwe.albrecht@firma.de
113,Walter,Helga,Leipzig,Kundendienst,+49 577 8823872,helga.walter@firma.de
114,Wolff,Klaus,Bielefeld,Personal,+49 419 2440395,klaus.wolff@firma.de
115,Baumann,Peter,Leipzig,Kundendienst,+49 178 9499648,peter.baumann@firma.de
116,Roth,Uwe,Hannover,Personal,+49 315 2251796,uwe.roth@firma.de
117,Jäger,Stefan,Frankfurt,Marketing,+49 468 3224743,stefan.jaeger@firma.de
118,Groß,Erika,Essen,Technik,+49 820 7126846,erika.gross@firma.de
119,Meier,Ingrid,Bochum,Logistik,+49 125 3668672,ingrid.meier@firma.de
120,Müller,Ingrid,Duisburg,Logistik,+49 409 3360675,ingrid.mueller@firma.de
121,Günther,Ursula,Hannover,Forschung,+49 223 6558700,ursula.guenther@firma.de
122,Müller,Anna,Bremen,Logistik,+49 222 4283991,anna.mueller@firma.de
123,Horn,Hans,Leipzig,Marketing,+49 481 2090139,hans.horn@firma.de
124,Vogel,Petra,Bonn,Technik,+49 469 8181533,petra.vogel@firma.de
125,Sauer,Uwe,München,Marketing,+49 204 1865998,uwe.sauer@firma.de
126,Ärzte,Bernd,Frankfurt,Personal,+49 372 8318905,bernd.aerzte@firma.de
127,Ludwig,Anna,Düsseldorf,Forschung,+49 903 8176414,anna.ludwig@firma.de
128,Fischer,Brigitte,Bielefeld,Personal,+49 836 2351856,brigitte.fischer@firma.de
129,Wagner,Sabine,Duisburg,Buchhaltung,+49 759 5801778,sabine.wagner@firma.de
130,Albrecht,Thomas,Bielefeld,Buchhaltung,+49 274 8921934,thomas.albrecht@firma.de
131,Günther,Maria,Leipzig,Marketing,+49 361 5364912,maria.guenther@firma.de
132,Friedrich,Karl,Leipzig,Kundendienst,+49 670 7616393,karl.friedrich@firma.de
133,Wolf,Helmut,Stuttgart,Technik,+49 312 9398754,helmut.wolf@firma.de
134,Übel,Ingrid,Bielefeld,Personal,+49 563 6584032,ingrid.uebel@firma.de
135,Arnold,Heike,Nürnberg,Buchhaltung,+49 660 4228055,heike.arnold@firma.de
136,Schmid,Stefan,Stuttgart,Forschung,+49 669 2528309,stefan.schmid@firma.de
137,Kaiser,Karl,Dresden,Marketing,+49 928 4391377,karl.kaiser@firma.de
138,Schneider,Sabine,Hannover,Logistik,+49 863 9794082,sabine.schneider@firma.de
139,Werner,Petra,Essen,Forschung,+49 870 2041185,petra.werner@firma.de
140,Schuster,Uwe,Bonn,Forschung,+49 228 9445579,uwe.schuster@firma.de
141,Winter,Gerhard,Hamburg,Marketing,+49 354 7451858,gerhard.winter@firma.de
142,Friedrich,Heike,Nürnberg,Marketing,+49 969 1365919,heike.friedrich@firma.de
143,Schröder,Michael,Nürnberg,Kundendienst,+49 701 9217889,michael.schroeder@firma.de
144,Müller,Andreas,Hannover,Kundendienst,+49 559 5168555,andreas.mueller@firma.de
145,Böttcher,Wolfgang,Dortmund,Buchhaltung,+49 255 9763840,wolfgang.boettcher@firma.de
146,Kuhn,Wolfgang,Duisburg,Technik,+49 664 1663476,wolfgang.kuhn@firma.de
147,Müller,Jürgen,Dortmund,Vertrieb,+49 760 6096620,juergen.mueller@firma.de
148,Schröder,Heinrich,Wuppertal,Logistik,+49 815 2881274,heinrich.schroeder@firma.de
149,Bauer,Andreas,Leipzig,Personal,+49 497 5376871,andreas.bauer@firma.de
150,Krause,Rüdiger,Berlin,Vertrieb,+49 650 6058687,ruediger.krause@firma.de
151,Beck,Uwe,Bremen,Personal,+49 586 9829474,uwe.beck@firma.de
152,Lehmann,Christine,Dortmund,Vertrieb,+49 521 6157279,christine.lehmann@firma.de
153,Becker,Peter,Düsseldorf,Kundendienst,+49 790 8046697,peter.becker@firma.de
154,Schäfer,Heinrich,Dortmund,Logistik,+49 479 4804838,heinrich.schaefer@firma.de
155,Schuster,Michael,Bremen,Logistik,+49 471 7649787,michael.schuster@firma.de
156,Schmitt,Hans,Leipzig,Technik,+49 310 9316392,hans.schmitt@firma.de
157,Schmitt,Rainer,Düsseldorf,Personal,+49 576 4715193,rainer.schmitt@firma.de
158,Maier,Bernd,Köln,Kundendienst,+49 724 4142594,bernd.maier@firma.de
159,Krause,Ingrid,Nürnberg,Vertrieb,+49 709 3455900,ingrid.krause@firma.de
160,Vogel,Thomas,Düsseldorf,Vertrieb,+49 710 3380872,thomas.vogel@firma.de
161,Günther,Thomas,München,Buchhaltung,+49 502 8543740,thomas.guenther@firma.de
162,Horn,Anna,Köln,Technik,+49 269 6523776,anna.horn@firma.de
163,Lange,Günter,Wuppertal,Kundendienst,+49 132 6231591,guenter.lange@firma.de
164,Dietrich,Petra,Dresden,Forschung,+49 553 3839727,petra.dietrich@firma.de
165,Richter,Hans,Hamburg,Marketing,+49 182 6896635,hans.richter@firma.de
166,Günther,Klaus,Bielefeld,Personal,+49 489 6983245,klaus.guenther@firma.de
167,Wolff,Rainer,Nürnberg,Technik,+49 150 8943408,rainer.wolff@firma.de
168,Schmitt,Monika,Bielefeld,Kundendienst,+49 297 6424228,monika.schmitt@firma.de
169,Weiß,Renate,Berlin,Logistik,+49 353 7790957,renate.weiss@firma.de
170,Meyer,Petra,München,Kundendienst,+49 164 2040252,petra.meyer@firma.de
171,Schulze,Werner,Hamburg,Forschung,+49 471 5568681,werner.schulze@firma.de
172,Peters,Björn,München,Marketing,+49 864 6309714,bjoern.peters@firma.de
173,Herrmann,Rainer,Berlin,Technik,+49 124 4923624,rainer.herrmann@firma.de
174,Richter,Renate,Duisburg,Logistik,+49 908 5211866,renate.richter@firma.de
175,Berger,Ingrid,Frankfurt,Kundendienst,+49 287 1146048,ingrid.berger@firma.de
176,Förster,Rainer,Frankfurt,Personal,+49 435 6361138,rainer.foerster@firma.de
177,Beck,Monika,Münster,Technik,+49 624 4310342,monika.beck@firma.de
178,Vogel,Helmut,Dortmund,Logistik,+49 166 1568138,helmut.vogel@firma.de
179,Franke,Christine,Bielefeld,Forschung,+49 264 8156393,christine.franke@firma.de
180,Richter,Andreas,Essen,Technik,+49 313 2617702,andreas.richter@firma.de
181,Günther,Ingrid,Duisburg,Buchhaltung,+49 339 3230214,ingrid.guenther@firma.de
182,Günther,Claudia,Münster,Personal,+49 865 3032806,claudia.guenther@firma.de
183,Pfeiffer,Bernd,Leipzig,Marketing,+49 680 5490688,bernd.pfeiffer@firma.de
184,Jung,Heinrich,Essen,Personal,+49 549 5151171,heinrich.jung@firma.de
185,Hartmann,Karl,Dortmund,Buchhaltung,+49 388 4158313,karl.hartmann@firma.de
186,Fuchs,Andreas,Hannover,Marketing,+49 351 9511492,andreas.fuchs@firma.de
187,Winter,Manfred,Köln,Kundendienst,+49 137 2716853,manfred.winter@firma.de
188,Müller,Renate,Dortmund,Kundendienst,+49 482 1677159,renate.mueller@firma.de
189,Walter,Manfred,Köln,Vertrieb,+49 294 4257491,manfred.walter@firma.de
190,Hoffmann,Monika,Wuppertal,Buchhaltung,+49 559 5361207,monika.hoffmann@firma.de
191,Pfeiffer,Hans,Köln,Forschung,+49 322 1628382,hans.pfeiffer@firma.de
192,Jung,Maria,Frankfurt,Vertrieb,+49 308 5276741,maria.jung@firma.de
193,Weber,Rüdiger,Düsseldorf,Vertrieb,+49 938 6490331,ruediger.weber@firma.de
194,Keller,Monika,Stuttgart,Marketing,+49 179 4412616,monika.keller@firma.de
195,Weber,Ingrid,Bielefeld,Kundendienst,+49 164 7847957,ingrid.weber@firma.de
196,Bauer,Brigitte,Bielefeld,Buchhaltung,+49 754 9958985,brigitte.bauer@firma.de
197,Koch,Helmut,Hannover,Marketing,+49 519 5753005,helmut.koch@firma.de
198,Dietrich,Rainer,Nürnberg,Vertrieb,+49 419 6992514,rainer.dietrich@firma.de
199,Günther,Sabine,Berlin,Forschung,+49 759 4308493,sabine.guenther@firma.de
200,Vogel,Brigitte,Düsseldorf,Vertrieb,+49 544 3626756,brigitte.vogel@firma.de
