attendee_id,name,email_address,phone,event,company
C0518,Rachel Robinson,rachel517@acme.com,555-2099,Conference 2023,Company5
C0555,Eve Miller,eve554@yahoo.com,555-5738,Summit 2024,Company119
C0104,Dave Davis,dave103@acme.com,555-9096,Conference 2023,Company110
C0696,Ula Evans,ula695@gmail.com,555-1935,Summit 2024,Company64
C0038,Lily Carter,lily37@yahoo.com,555-9374,Webinar Q1,Company53
C0294,Sasha Campbell,sasha293@acme.com,555-2591,Summit 2024,Company158
C0101,Alice Smith,alice100@acme.com,555-6026,Summit 2024,Company55
C0001,Alice Smith,alice0@corp.io,555-7238,Summit 2024,Company154
C0233,Glen Green,glen232@yahoo.com,555-4858,Webinar Q1,Company135
C0447,Vera Edwards,vera446@gmail.com,555-9102,Summit 2024,Company38
C0817,Quinn Martinez,quinn816@acme.com,555-1281,Conference 2023,Company33
C0375,Yuri Allen,yuri374@yahoo.com,555-8073,Conference 2023,Company129
C0357,Grace Moore,grace356@acme.com,555-1444,Webinar Q1,Company78
C0328,Beth King,beth327@biz.net,555-6035,Summit 2024,Company176
C0229,Craig Wright,craig228@biz.net,555-8434,Webinar Q1,Company191
C0553,Carol Brown,carol552@biz.net,555-9133,Webinar Q1,Company141
C0201,Alice Smith,alice200@corp.io,555-6256,Conference 2023,Company63
C0295,Todd Parker,todd294@biz.net,555-2730,Summit 2024,Company130
C0838,Lily Carter,lily837@gmail.com,555-1478,Webinar Q1,Company118
C0031,Evan Hill,evan30@acme.com,555-8816,Webinar Q1,Company66
C0351,Alice Smith,alice350@yahoo.com,555-6831,Summit 2024,Company151
C0127,Andy Hernandez,andy126@acme.com,555-1411,Webinar Q1,Company77
C0746,Ula Evans,ula745@acme.com,555-4124,Webinar Q1,Company121
C0212,Leo White,leo211@acme.com,555-7821,Summit 2024,Company115
C0488,Lily Carter,lily487@yahoo.com,555-1619,Conference 2023,Company48
C0358,Henry Taylor,henry357@biz.net,555-7370,Summit 2024,Company15
C0684,Hana Adams,hana683@acme.com,555-5001,Conference 2023,Company104
C0813,Maria Harris,maria812@acme.com,555-7315,Webinar Q1,Company137
C0371,Uma Lewis,uma370@gmail.com,555-3989,Summit 2024,Company130
C0184,Hana Adams,hana183@biz.net,555-8039,Conference 2023,Company29
C0120,Tina Rodriguez,tina119@biz.net,555-9454,Conference 2023,Company59
C0731,Evan Hill,evan730@gmail.com,555-7916,Conference 2023,Company170
C0820,Tina Rodriguez,tina819@gmail.com,555-8294,Summit 2024,Company139
C0359,Iris Anderson,iris358@biz.net,555-6149,Conference 2023,Company11
C0598,Walt Collins,walt597@corp.io,555-4514,Summit 2024,Company146
C0330,Dana Lopez,dana329@corp.io,555-3824,Webinar Q1,Company142
C0364,Nathan Martin,nathan363@corp.io,555-5962,Conference 2023,Company7
C0323,Wendy Walker,wendy322@biz.net,555-4171,Summit 2024,Company32
C0776,Zara Young,zara775@acme.com,555-4837,Conference 2023,Company80
C0437,Kurt Nelson,kurt436@gmail.com,555-3866,Summit 2024,Company18
C0142,Petra Turner,petra141@biz.net,555-3035,Conference 2023,Company71
C0724,Xena Hall,xena723@corp.io,555-8469,Summit 2024,Company11
C0218,Rachel Robinson,rachel217@gmail.com,555-1311,Summit 2024,Company96
C0250,Yale Sanchez,yale249@gmail.com,555-1405,Webinar Q1,Company42
C0277,Andy Hernandez,andy276@acme.com,555-1597,Summit 2024,Company172
C0393,Rex Phillips,rex392@yahoo.com,555-8274,Summit 2024,Company187
C0293,Rex Phillips,rex292@acme.com,555-3428,Webinar Q1,Company63
C0471,Uma Lewis,uma470@corp.io,555-2467,Summit 2024,Company161
C0543,Rex Phillips,rex542@yahoo.com,555-1008,Summit 2024,Company33
C0477,Andy Hernandez,andy476@corp.io,555-1687,Conference 2023,Company77
C0705,Eve Miller,eve704@gmail.com,555-3075,Conference 2023,Company117
C0504,Dave Davis,dave503@yahoo.com,555-5959,Conference 2023,Company150
C0422,Victor Lee,victor421@yahoo.com,555-9574,Webinar Q1,Company170
C0641,Owen Roberts,owen640@biz.net,555-1169,Conference 2023,Company176
C0121,Uma Lewis,uma120@yahoo.com,555-1005,Webinar Q1,Company186
C0251,Alice Smith,alice250@acme.com,555-4419,Webinar Q1,Company145
C0818,Rachel Robinson,rachel817@biz.net,555-5177,Summit 2024,Company51
C0841,Owen Roberts,owen840@gmail.com,555-2416,Summit 2024,Company136
C0569,Sam Clark,sam568@gmail.com,555-1557,Conference 2023,Company183
C0336,Jane Gonzalez,jane335@acme.com,555-9718,Summit 2024,Company147
C0495,Todd Parker,todd494@corp.io,555-1921,Summit 2024,Company194
C0255,Eve Miller,eve254@biz.net,555-3401,Summit 2024,Company146
C0170,Tina Rodriguez,tina169@acme.com,555-7939,Summit 2024,Company85
C0773,Wendy Walker,wendy772@yahoo.com,555-9598,Summit 2024,Company41
C0745,Todd Parker,todd744@corp.io,555-7048,Conference 2023,Company45
C0078,Beth King,beth77@biz.net,555-4822,Conference 2023,Company112
C0583,Glen Green,glen582@gmail.com,555-8185,Summit 2024,Company37
C0058,Henry Taylor,henry57@gmail.com,555-9400,Summit 2024,Company43
C0194,Sasha Campbell,sasha193@gmail.com,555-8692,Summit 2024,Company66
C0046,Ula Evans,ula45@biz.net,555-7269,Summit 2024,Company123
C0322,Victor Lee,victor321@gmail.com,555-5874,Webinar Q1,Company76
C0408,Henry Taylor,henry407@biz.net,555-4003,Webinar Q1,Company165
C0805,Eve Miller,eve804@corp.io,555-9354,Webinar Q1,Company7
C0394,Sasha Campbell,sasha393@gmail.com,555-7314,Conference 2023,Company7
C0485,Igor Baker,igor484@yahoo.com,555-7800,Summit 2024,Company11
C0117,Quinn Martinez,quinn116@corp.io,555-5133,Conference 2023,Company163
C0691,Owen Roberts,owen690@acme.com,555-7577,Conference 2023,Company193
C0689,Marc Mitchell,marc688@corp.io,555-5983,Conference 2023,Company11
C0428,Beth King,beth427@yahoo.com,555-5159,Conference 2023,Company13
C0441,Owen Roberts,owen440@gmail.com,555-7732,Conference 2023,Company82
C0670,Tina Rodriguez,tina669@acme.com,555-5506,Webinar Q1,Company174
C0832,Faye Scott,faye831@corp.io,555-2253,Conference 2023,Company87
C0467,Quinn Martinez,quinn466@gmail.com,555-2040,Conference 2023,Company153
C0672,Victor Lee,victor671@acme.com,555-9526,Summit 2024,Company142
C0850,Yale Sanchez,yale849@biz.net,555-5681,Webinar Q1,Company52
C0778,Beth King,beth777@yahoo.com,555-5359,Conference 2023,Company94
C0633,Glen Green,glen632@acme.com,555-5766,Webinar Q1,Company22
C0509,Iris Anderson,iris508@yahoo.com,555-1690,Conference 2023,Company195
C0804,Dave Davis,dave803@yahoo.com,555-2302,Conference 2023,Company99
C0469,Sam Clark,sam468@biz.net,555-5174,Conference 2023,Company114
C0070,Tina Rodriguez,tina69@biz.net,555-4713,Summit 2024,Company178
C0257,Grace Moore,grace256@corp.io,555-3363,Summit 2024,Company130
C0700,Yale Sanchez,yale699@acme.com,555-5711,Webinar Q1,Company41
C0421,Uma Lewis,uma420@gmail.com,555-1061,Summit 2024,Company24
C0248,Walt Collins,walt247@biz.net,555-9514,Webinar Q1,Company1
C0022,Victor Lee,victor21@gmail.com,555-6926,Webinar Q1,Company174
C0429,Craig Wright,craig428@acme.com,555-7586,Summit 2024,Company3
C0103,Carol Brown,carol102@gmail.com,555-7282,Conference 2023,Company189
C0349,Xin Stewart,xin348@gmail.com,555-2223,Conference 2023,Company101
C0145,Todd Parker,todd144@corp.io,555-9579,Webinar Q1,Company68
C0671,Uma Lewis,uma670@gmail.com,555-3463,Webinar Q1,Company66
C0782,Faye Scott,faye781@yahoo.com,555-5306,Conference 2023,Company4
C0210,James Thomas,james209@acme.com,555-9022,Summit 2024,Company93
C0018,Rachel Robinson,rachel17@gmail.com,555-3145,Summit 2024,Company156
C0089,Marc Mitchell,marc88@gmail.com,555-3609,Summit 2024,Company100
C0800,Yale Sanchez,yale799@corp.io,555-8625,Webinar Q1,Company54
C0574,Xena Hall,xena573@biz.net,555-3785,Summit 2024,Company99
C0060,James Thomas,james59@acme.com,555-8145,Webinar Q1,Company79
C0751,Alice Smith,alice750@corp.io,555-3753,Summit 2024,Company70
C0221,Uma Lewis,uma220@acme.com,555-2248,Summit 2024,Company45
C0316,Pete Garcia,pete315@yahoo.com,555-5192,Webinar Q1,Company52
C0418,Rachel Robinson,rachel417@yahoo.com,555-8914,Summit 2024,Company130
C0310,James Thomas,james309@corp.io,555-8331,Summit 2024,Company182
C0105,Eve Miller,eve104@biz.net,555-4853,Webinar Q1,Company74
C0433,Glen Green,glen432@yahoo.com,555-9783,Webinar Q1,Company141
C0560,James Thomas,james559@gmail.com,555-4854,Summit 2024,Company88
C0545,Todd Parker,todd544@biz.net,555-9728,Webinar Q1,Company171
C0382,Faye Scott,faye381@acme.com,555-8451,Summit 2024,Company23
C0430,Dana Lopez,dana429@corp.io,555-4779,Conference 2023,Company142
C0313,Maria Harris,maria312@gmail.com,555-1028,Webinar Q1,Company20
C0481,Evan Hill,evan480@gmail.com,555-9686,Summit 2024,Company155
C0664,Nathan Martin,nathan663@biz.net,555-6330,Conference 2023,Company43
C0235,Igor Baker,igor234@acme.com,555-1856,Webinar Q1,Company154
C0653,Carol Brown,carol652@corp.io,555-5969,Summit 2024,Company14
C0188,Lily Carter,lily187@yahoo.com,555-9471,Summit 2024,Company48
C0640,Nina Perez,nina639@yahoo.com,555-8824,Summit 2024,Company187
C0347,Vera Edwards,vera346@corp.io,555-3044,Webinar Q1,Company116
C0320,Tina Rodriguez,tina319@acme.com,555-8201,Summit 2024,Company77
C0176,Zara Young,zara175@yahoo.com,555-8023,Summit 2024,Company82
C0204,Dave Davis,dave203@corp.io,555-3929,Conference 2023,Company182
C0759,Iris Anderson,iris758@corp.io,555-7725,Webinar Q1,Company26
C0811,Karen Jackson,karen810@acme.com,555-9882,Webinar Q1,Company65
C0772,Victor Lee,victor771@biz.net,555-9147,Conference 2023,Company95
C0536,Jane Gonzalez,jane535@acme.com,555-6746,Webinar Q1,Company191
C0486,Jane Gonzalez,jane485@acme.com,555-4661,Conference 2023,Company13
C0203,Carol Brown,carol202@acme.com,555-6150,Webinar Q1,Company97
C0097,Vera Edwards,vera96@gmail.com,555-7058,Summit 2024,Company109
C0432,Faye Scott,faye431@corp.io,555-5205,Webinar Q1,Company36
C0749,Xin Stewart,xin748@yahoo.com,555-6797,Summit 2024,Company70
C0490,Nina Perez,nina489@biz.net,555-1176,Webinar Q1,Company169
C0564,Nathan Martin,nathan563@biz.net,555-5465,Webinar Q1,Company25
C0133,Glen Green,glen132@gmail.com,555-1268,Summit 2024,Company40
C0166,Pete Garcia,pete165@biz.net,555-8596,Summit 2024,Company72
C0796,Ula Evans,ula795@acme.com,555-4107,Summit 2024,Company53
C0091,Owen Roberts,owen90@gmail.com,555-1445,Summit 2024,Company60
C0298,Walt Collins,walt297@corp.io,555-2170,Summit 2024,Company151
C0760,James Thomas,james759@gmail.com,555-7261,Summit 2024,Company55
C0622,Victor Lee,victor621@yahoo.com,555-3751,Conference 2023,Company186
C0648,Walt Collins,walt647@acme.com,555-6976,Webinar Q1,Company46
C0454,Dave Davis,dave453@gmail.com,555-3631,Webinar Q1,Company27
C0407,Grace Moore,grace406@gmail.com,555-5089,Webinar Q1,Company124
C0663,Maria Harris,maria662@corp.io,555-3456,Summit 2024,Company170
C0189,Marc Mitchell,marc188@acme.com,555-8803,Conference 2023,Company94
C0612,Leo White,leo611@gmail.com,555-8294,Conference 2023,Company180
C0280,Dana Lopez,dana279@yahoo.com,555-3680,Summit 2024,Company85
C0296,Ula Evans,ula295@corp.io,555-4652,Summit 2024,Company191
C0557,Grace Moore,grace556@corp.io,555-3859,Conference 2023,Company150
C0118,Rachel Robinson,rachel117@corp.io,555-5640,Summit 2024,Company49
C0141,Owen Roberts,owen140@gmail.com,555-7024,Conference 2023,Company81
C0584,Hana Adams,hana583@biz.net,555-7100,Conference 2023,Company19
C0565,Olivia Thompson,olivia564@acme.com,555-1150,Summit 2024,Company115
C0620,Tina Rodriguez,tina619@biz.net,555-2218,Summit 2024,Company102
C0245,Todd Parker,todd244@yahoo.com,555-7375,Summit 2024,Company138
C0299,Xin Stewart,xin298@yahoo.com,555-6632,Conference 2023,Company198
C0064,Nathan Martin,nathan63@acme.com,555-5145,Webinar Q1,Company151
C0837,Kurt Nelson,kurt836@yahoo.com,555-4142,Webinar Q1,Company156
C0239,Marc Mitchell,marc238@acme.com,555-4637,Webinar Q1,Company188
C0541,Owen Roberts,owen540@corp.io,555-7173,Webinar Q1,Company72
C0457,Grace Moore,grace456@yahoo.com,555-2905,Summit 2024,Company33
C0227,Andy Hernandez,andy226@corp.io,555-2268,Webinar Q1,Company21
C0196,Ula Evans,ula195@gmail.com,555-3865,Webinar Q1,Company92
C0092,Petra Turner,petra91@biz.net,555-2283,Summit 2024,Company5
C0032,Faye Scott,faye31@acme.com,555-7706,Webinar Q1,Company73
C0537,Kurt Nelson,kurt536@biz.net,555-7766,Conference 2023,Company82
C0231,Evan Hill,evan230@biz.net,555-6640,Webinar Q1,Company193
C0464,Nathan Martin,nathan463@yahoo.com,555-1475,Summit 2024,Company13
C0191,Owen Roberts,owen190@gmail.com,555-3743,Summit 2024,Company55
C0744,Sasha Campbell,sasha743@biz.net,555-6732,Summit 2024,Company49
C0618,Rachel Robinson,rachel617@biz.net,555-3290,Summit 2024,Company127
C0283,Glen Green,glen282@yahoo.com,555-5161,Webinar Q1,Company164
C0209,Iris Anderson,iris208@biz.net,555-2374,Webinar Q1,Company1
C0187,Kurt Nelson,kurt186@gmail.com,555-4154,Conference 2023,Company155
C0002,Bob Jones,bob1@yahoo.com,555-5070,Webinar Q1,Company195
C0144,Sasha Campbell,sasha143@biz.net,555-9320,Conference 2023,Company37
C0361,Karen Jackson,karen360@gmail.com,555-2655,Summit 2024,Company178
C0706,Frank Wilson,frank705@corp.io,555-2368,Webinar Q1,Company55
C0586,Jane Gonzalez,jane585@corp.io,555-6893,Webinar Q1,Company189
C0337,Kurt Nelson,kurt336@gmail.com,555-6499,Summit 2024,Company128
C0784,Hana Adams,hana783@yahoo.com,555-9565,Webinar Q1,Company17
C0356,Frank Wilson,frank355@gmail.com,555-8530,Webinar Q1,Company49
C0480,Dana Lopez,dana479@corp.io,555-2693,Conference 2023,Company168
C0362,Leo White,leo361@acme.com,555-4265,Summit 2024,Company72
C0154,Dave Davis,dave153@yahoo.com,555-3057,Webinar Q1,Company74
C0765,Olivia Thompson,olivia764@gmail.com,555-5496,Webinar Q1,Company154
C0455,Eve Miller,eve454@corp.io,555-7664,Summit 2024,Company163
C0179,Craig Wright,craig178@corp.io,555-9498,Conference 2023,Company153
C0677,Andy Hernandez,andy676@acme.com,555-6853,Summit 2024,Company128
C0451,Alice Smith,alice450@acme.com,555-5882,Summit 2024,Company168
C0297,Vera Edwards,vera296@acme.com,555-2676,Conference 2023,Company131
C0116,Pete Garcia,pete115@yahoo.com,555-5763,Summit 2024,Company56
