subscriber_id,full_name,email,city,subscribed_date
C0740,Nina Perez,nina739@acme.com,Austin,2023-10-01
C0033,Glen Green,glen32@biz.net,Austin,2022-07-01
C0070,Tina Rodriguez,tina69@biz.net,Chicago,2022-12-01
C0279,Craig Wright,craig278@biz.net,Miami,2021-11-01
C0410,James Thomas,james409@yahoo.com,Chicago,2022-12-01
C0095,Todd Parker,todd94@yahoo.com,Seattle,2024-06-01
C0728,Beth King,beth727@gmail.com,Miami,2023-11-01
C0806,Frank Wilson,frank805@corp.io,Boston,2023-07-01
C0535,Igor Baker,igor534@corp.io,Chicago,2021-11-01
C0048,Walt Collins,walt47@gmail.com,Miami,2023-09-01
C0246,Ula Evans,ula245@yahoo.com,New York,2023-08-01
C0299,Xin Stewart,xin298@yahoo.com,Seattle,2023-05-01
C0207,Grace Moore,grace206@acme.com,Austin,2022-03-01
C0788,Lily Carter,lily787@corp.io,New York,2021-11-01
C0367,Quinn Martinez,quinn366@biz.net,San Francisco,2021-07-01
C0365,Olivia Thompson,olivia364@biz.net,Denver,2024-03-01
C0759,Iris Anderson,iris758@corp.io,Denver,2024-07-01
C0460,James Thomas,james459@yahoo.com,Seattle,2024-10-01
C0091,Owen Roberts,owen90@gmail.com,Boston,2024-02-01
C0125,Yuri Allen,yuri124@gmail.com,Seattle,2024-06-01
C0050,Yale Sanchez,yale49@biz.net,Denver,2022-06-01
C0816,Pete Garcia,pete815@corp.io,Denver,2022-06-01
C0587,Kurt Nelson,kurt586@acme.com,Seattle,2023-07-01
C0770,Tina Rodriguez,tina769@gmail.com,Miami,2021-07-01
C0156,Frank Wilson,frank155@yahoo.com,Boston,2024-10-01
C0071,Uma Lewis,uma70@acme.com,Denver,2022-12-01
C0275,Yuri Allen,yuri274@biz.net,Miami,2021-06-01
C0300,Yale Sanchez,yale299@gmail.com,Chicago,2021-03-01
C0727,Andy Hernandez,andy726@yahoo.com,New York,2023-02-01
C0262,Leo White,leo261@acme.com,Denver,2023-02-01
C0645,Todd Parker,todd644@gmail.com,Seattle,2023-02-01
C0815,Olivia Thompson,olivia814@gmail.com,Seattle,2023-09-01
C0366,Pete Garcia,pete365@yahoo.com,Chicago,2023-12-01
C0383,Glen Green,glen382@acme.com,New York,2022-05-01
C0012,Leo White,leo11@biz.net,New York,2023-11-01
C0505,Eve Miller,eve504@yahoo.com,Seattle,2022-08-01
C0118,Rachel Robinson,rachel117@corp.io,Chicago,2024-10-01
C0777,Andy Hernandez,andy776@yahoo.com,San Francisco,2022-01-01
C0784,Hana Adams,hana783@yahoo.com,Boston,2024-06-01
C0127,Andy Hernandez,andy126@acme.com,Austin,2023-03-01
C0609,Iris Anderson,iris608@corp.io,Seattle,2021-04-01
C0357,Grace Moore,grace356@acme.com,Chicago,2023-03-01
C0578,Beth King,beth577@biz.net,Boston,2024-01-01
C0189,Marc Mitchell,marc188@acme.com,Boston,2024-04-01
C0762,Leo White,leo761@acme.com,San Francisco,2022-10-01
C0389,Marc Mitchell,marc388@yahoo.com,Austin,2024-07-01
C0370,Tina Rodriguez,tina369@gmail.com,Seattle,2021-09-01
C0540,Nina Perez,nina539@yahoo.com,Denver,2022-12-01
C0086,Jane Gonzalez,jane85@gmail.com,Denver,2024-01-01
C0084,Hana Adams,hana83@corp.io,San Francisco,2024-09-01
C0037,Kurt Nelson,kurt36@gmail.com,Austin,2024-06-01
C0702,Bob Jones,bob701@biz.net,Denver,2022-08-01
C0425,Yuri Allen,yuri424@yahoo.com,Miami,2024-04-01
C0544,Sasha Campbell,sasha543@biz.net,San Francisco,2022-03-01
C0253,Carol Brown,carol252@acme.com,Chicago,2022-05-01
C0623,Wendy Walker,wendy622@yahoo.com,Seattle,2022-04-01
C0628,Beth King,beth627@acme.com,Miami,2023-12-01
C0718,Rachel Robinson,rachel717@corp.io,Miami,2024-11-01
C0453,Carol Brown,carol452@gmail.com,Austin,2022-04-01
C0692,Petra Turner,petra691@biz.net,Boston,2023-04-01
C0488,Lily Carter,lily487@yahoo.com,San Francisco,2021-04-01
C0480,Dana Lopez,dana479@corp.io,Austin,2021-01-01
C0121,Uma Lewis,uma120@yahoo.com,Boston,2024-10-01
C0271,Uma Lewis,uma270@biz.net,Austin,2023-02-01
C0567,Quinn Martinez,quinn566@gmail.com,Seattle,2022-09-01
C0477,Andy Hernandez,andy476@corp.io,Denver,2021-04-01
C0673,Wendy Walker,wendy672@gmail.com,San Francisco,2022-08-01
C0326,Zara Young,zara325@biz.net,Austin,2022-05-01
C0257,Grace Moore,grace256@corp.io,Austin,2021-04-01
C0644,Sasha Campbell,sasha643@corp.io,San Francisco,2023-09-01
C0444,Sasha Campbell,sasha443@acme.com,Miami,2022-06-01
C0281,Evan Hill,evan280@corp.io,San Francisco,2021-08-01
C0161,Karen Jackson,karen160@acme.com,Miami,2021-11-01
C0385,Igor Baker,igor384@yahoo.com,Denver,2023-03-01
C0378,Beth King,beth377@acme.com,Austin,2021-11-01
C0521,Uma Lewis,uma520@yahoo.com,Boston,2023-01-01
C0557,Grace Moore,grace556@corp.io,Miami,2024-08-01
C0726,Zara Young,zara725@gmail.com,Boston,2021-06-01
C0605,Eve Miller,eve604@biz.net,San Francisco,2023-03-01
C0010,James Thomas,james9@biz.net,New York,2021-06-01
C0036,Jane Gonzalez,jane35@corp.io,Denver,2023-05-01
C0399,Xin Stewart,xin398@corp.io,Chicago,2023-05-01
C0599,Xin Stewart,xin598@yahoo.com,Seattle,2022-05-01
C0174,Xena Hall,xena173@gmail.com,Miami,2021-04-01
C0004,Dave Davis,dave3@yahoo.com,Austin,2023-06-01
C0629,Craig Wright,craig628@gmail.com,San Francisco,2024-08-01
C0793,Rex Phillips,rex792@acme.com,Chicago,2023-07-01
C0153,Carol Brown,carol152@biz.net,Chicago,2021-10-01
C0837,Kurt Nelson,kurt836@yahoo.com,Denver,2024-10-01
C0649,Xin Stewart,xin648@yahoo.com,New York,2023-08-01
C0360,James Thomas,james359@acme.com,Seattle,2022-07-01
C0571,Uma Lewis,uma570@gmail.com,Chicago,2024-10-01
C0448,Walt Collins,walt447@biz.net,Seattle,2023-03-01
C0834,Hana Adams,hana833@yahoo.com,New York,2023-08-01
C0409,Iris Anderson,iris408@gmail.com,Boston,2023-09-01
C0284,Hana Adams,hana283@gmail.com,Seattle,2023-01-01
C0289,Marc Mitchell,marc288@acme.com,Denver,2022-08-01
C0836,Jane Gonzalez,jane835@yahoo.com,Seattle,2024-12-01
C0411,Karen Jackson,karen410@acme.com,New York,2023-06-01
C0779,Craig Wright,craig778@acme.com,Boston,2021-01-01
C0658,Henry Taylor,henry657@corp.io,Boston,2023-08-01
C0334,Hana Adams,hana333@yahoo.com,Boston,2023-06-01
C0274,Xena Hall,xena273@biz.net,New York,2024-06-01
C0484,Hana Adams,hana483@biz.net,Denver,2024-01-01
C0199,Xin Stewart,xin198@biz.net,San Francisco,2024-11-01
C0761,Karen Jackson,karen760@yahoo.com,Denver,2022-10-01
C0041,Owen Roberts,owen40@gmail.com,Seattle,2023-08-01
C0472,Victor Lee,victor471@yahoo.com,San Francisco,2022-01-01
C0293,Rex Phillips,rex292@acme.com,San Francisco,2021-07-01
C0650,Yale Sanchez,yale649@gmail.com,Austin,2024-04-01
C0465,Olivia Thompson,olivia464@gmail.com,Miami,2023-02-01
C0672,Victor Lee,victor671@acme.com,Chicago,2023-09-01
C0394,Sasha Campbell,sasha393@gmail.com,Denver,2022-09-01
C0200,Yale Sanchez,yale199@gmail.com,Austin,2021-01-01
C0049,Xin Stewart,xin48@gmail.com,Seattle,2021-01-01
C0821,Uma Lewis,uma820@biz.net,Chicago,2021-11-01
C0384,Hana Adams,hana383@corp.io,Austin,2024-07-01
C0513,Maria Harris,maria512@gmail.com,Denver,2022-01-01
C0575,Yuri Allen,yuri574@acme.com,Austin,2024-03-01
C0138,Lily Carter,lily137@gmail.com,Denver,2023-08-01
C0030,Dana Lopez,dana29@corp.io,Seattle,2021-02-01
C0016,Pete Garcia,pete15@yahoo.com,Austin,2021-10-01
C0225,Yuri Allen,yuri224@yahoo.com,New York,2022-06-01
C0087,Kurt Nelson,kurt86@yahoo.com,Seattle,2023-06-01
C0760,James Thomas,james759@gmail.com,Denver,2022-11-01
C0507,Grace Moore,grace506@corp.io,Miami,2021-07-01
C0292,Petra Turner,petra291@corp.io,Boston,2021-04-01
C0636,Jane Gonzalez,jane635@acme.com,Miami,2023-10-01
C0256,Frank Wilson,frank255@acme.com,San Francisco,2023-03-01
C0205,Eve Miller,eve204@gmail.com,New York,2021-11-01
C0797,Vera Edwards,vera796@biz.net,Miami,2023-08-01
C0276,Zara Young,zara275@corp.io,Chicago,2024-07-01
C0532,Faye Scott,faye531@yahoo.com,Denver,2024-07-01
C0376,Zara Young,zara375@yahoo.com,Chicago,2023-10-01
C0768,Rachel Robinson,rachel767@biz.net,Seattle,2024-10-01
C0177,Andy Hernandez,andy176@yahoo.com,Miami,2024-11-01
C0735,Igor Baker,igor734@acme.com,Boston,2022-03-01
C0064,Nathan Martin,nathan63@acme.com,Boston,2024-09-01
C0162,Leo White,leo161@gmail.com,Austin,2021-04-01
C0671,Uma Lewis,uma670@gmail.com,Miami,2023-06-01
C0186,Jane Gonzalez,jane185@gmail.com,New York,2022-07-01
C0523,Wendy Walker,wendy522@yahoo.com,San Francisco,2024-05-01
C0432,Faye Scott,faye431@corp.io,Boston,2022-06-01
C0582,Faye Scott,faye581@corp.io,San Francisco,2022-10-01
C0633,Glen Green,glen632@acme.com,Seattle,2022-11-01
C0264,Nathan Martin,nathan263@biz.net,New York,2022-11-01
C0355,Eve Miller,eve354@gmail.com,Denver,2023-09-01
C0539,Marc Mitchell,marc538@acme.com,New York,2022-02-01
C0574,Xena Hall,xena573@biz.net,Denver,2024-02-01
C0522,Victor Lee,victor521@corp.io,New York,2024-12-01
C0265,Olivia Thompson,olivia264@biz.net,Austin,2024-04-01
C0114,Nathan Martin,nathan113@acme.com,Seattle,2022-11-01
C0029,Craig Wright,craig28@corp.io,Miami,2023-09-01
C0331,Evan Hill,evan330@gmail.com,Austin,2022-02-01
C0230,Dana Lopez,dana229@biz.net,Chicago,2023-06-01
C0427,Andy Hernandez,andy426@biz.net,Seattle,2024-10-01
C0446,Ula Evans,ula445@gmail.com,Denver,2024-07-01
C0626,Zara Young,zara625@gmail.com,Austin,2022-06-01
C0790,Nina Perez,nina789@gmail.com,Boston,2024-02-01
C0503,Carol Brown,carol502@biz.net,Miami,2021-08-01
C0243,Rex Phillips,rex242@acme.com,Denver,2021-06-01
C0639,Marc Mitchell,marc638@acme.com,Seattle,2021-04-01
C0346,Ula Evans,ula345@acme.com,Denver,2023-04-01
C0845,Todd Parker,todd844@biz.net,San Francisco,2024-09-01
C0592,Petra Turner,petra591@yahoo.com,New York,2022-08-01
C0190,Nina Perez,nina189@acme.com,Seattle,2021-05-01
C0701,Alice Smith,alice700@gmail.com,Seattle,2021-07-01
C0311,Karen Jackson,karen310@yahoo.com,Austin,2023-04-01
C0285,Igor Baker,igor284@yahoo.com,Miami,2023-01-01
C0822,Victor Lee,victor821@acme.com,Miami,2024-08-01
C0214,Nathan Martin,nathan213@acme.com,Austin,2021-02-01
C0053,Carol Brown,carol52@yahoo.com,New York,2022-10-01
C0203,Carol Brown,carol202@acme.com,Austin,2024-07-01
C0573,Wendy Walker,wendy572@gmail.com,Austin,2022-05-01
C0436,Jane Gonzalez,jane435@corp.io,Miami,2022-06-01
C0058,Henry Taylor,henry57@gmail.com,Denver,2021-03-01
C0282,Faye Scott,faye281@gmail.com,Chicago,2024-06-01
C0514,Nathan Martin,nathan513@gmail.com,San Francisco,2022-09-01
C0624,Xena Hall,xena623@biz.net,Seattle,2023-05-01
C0341,Owen Roberts,owen340@yahoo.com,Seattle,2023-12-01
C0237,Kurt Nelson,kurt236@corp.io,Miami,2022-07-01
C0440,Nina Perez,nina439@acme.com,Chicago,2024-10-01
C0348,Walt Collins,walt347@yahoo.com,Miami,2021-09-01
C0593,Rex Phillips,rex592@yahoo.com,Denver,2022-09-01
C0588,Lily Carter,lily587@yahoo.com,Denver,2022-08-01
C0439,Marc Mitchell,marc438@yahoo.com,Denver,2024-03-01
C0512,Leo White,leo511@gmail.com,Austin,2023-11-01
C0758,Henry Taylor,henry757@acme.com,Austin,2021-02-01
C0220,Tina Rodriguez,tina219@corp.io,Miami,2021-06-01
C0018,Rachel Robinson,rachel17@gmail.com,Chicago,2021-10-01
C0445,Todd Parker,todd444@yahoo.com,Miami,2022-02-01
C0266,Pete Garcia,pete265@biz.net,Miami,2022-09-01
C0752,Bob Jones,bob751@acme.com,Austin,2021-01-01
C0204,Dave Davis,dave203@corp.io,Chicago,2021-11-01
C0786,Jane Gonzalez,jane785@corp.io,Boston,2024-02-01
C0825,Yuri Allen,yuri824@gmail.com,San Francisco,2022-01-01
C0158,Henry Taylor,henry157@gmail.com,Boston,2023-04-01
C0774,Xena Hall,xena773@yahoo.com,Austin,2021-11-01
C0106,Frank Wilson,frank105@yahoo.com,Seattle,2024-09-01
C0368,Rachel Robinson,rachel367@corp.io,San Francisco,2022-07-01
C0690,Nina Perez,nina689@corp.io,Miami,2023-11-01
C0478,Beth King,beth477@gmail.com,Chicago,2023-03-01
C0142,Petra Turner,petra141@biz.net,Seattle,2024-12-01
C0169,Sam Clark,sam168@corp.io,San Francisco,2023-06-01
C0407,Grace Moore,grace406@gmail.com,New York,2024-04-01
C0454,Dave Davis,dave453@gmail.com,Denver,2022-12-01
C0564,Nathan Martin,nathan563@biz.net,Miami,2024-12-01
C0847,Vera Edwards,vera846@yahoo.com,San Francisco,2023-03-01
C0583,Glen Green,glen582@gmail.com,Miami,2024-07-01
C0042,Petra Turner,petra41@yahoo.com,Denver,2023-08-01
C0833,Glen Green,glen832@biz.net,New York,2023-11-01
C0732,Faye Scott,faye731@biz.net,Denver,2021-09-01
C0476,Zara Young,zara475@acme.com,Seattle,2023-10-01
C0520,Tina Rodriguez,tina519@biz.net,New York,2021-05-01
C0486,Jane Gonzalez,jane485@acme.com,Seattle,2023-11-01
C0147,Vera Edwards,vera146@corp.io,Miami,2024-09-01
C0209,Iris Anderson,iris208@biz.net,Chicago,2022-03-01
C0088,Lily Carter,lily87@acme.com,Seattle,2021-10-01
C0733,Glen Green,glen732@corp.io,New York,2024-12-01
C0096,Ula Evans,ula95@gmail.com,San Francisco,2023-12-01
C0032,Faye Scott,faye31@acme.com,Chicago,2023-09-01
C0185,Igor Baker,igor184@biz.net,Chicago,2024-06-01
C0835,Igor Baker,igor834@corp.io,New York,2024-02-01
C0172,Victor Lee,victor171@corp.io,Austin,2024-05-01
C0422,Victor Lee,victor421@yahoo.com,Boston,2021-05-01
C0499,Xin Stewart,xin498@yahoo.com,Miami,2022-10-01
C0470,Tina Rodriguez,tina469@gmail.com,New York,2024-10-01
C0069,Sam Clark,sam68@acme.com,New York,2021-10-01
C0061,Karen Jackson,karen60@gmail.com,Miami,2023-08-01
C0731,Evan Hill,evan730@gmail.com,San Francisco,2021-09-01
C0619,Sam Clark,sam618@biz.net,Austin,2023-09-01
C0051,Alice Smith,alice50@yahoo.com,Denver,2021-05-01
C0531,Evan Hill,evan530@acme.com,Chicago,2022-11-01
C0688,Lily Carter,lily687@corp.io,Austin,2024-02-01
C0035,Igor Baker,igor34@acme.com,Chicago,2021-09-01
C0722,Victor Lee,victor721@acme.com,Denver,2022-06-01
C0589,Marc Mitchell,marc588@gmail.com,Miami,2023-01-01
C0001,Alice Smith,alice0@corp.io,Austin,2021-07-01
C0278,Beth King,beth277@biz.net,Denver,2023-02-01
C0828,Beth King,beth827@yahoo.com,San Francisco,2024-02-01
C0180,Dana Lopez,dana179@biz.net,Miami,2023-07-01
C0585,Igor Baker,igor584@yahoo.com,New York,2023-09-01
C0526,Zara Young,zara525@yahoo.com,Chicago,2024-06-01
C0435,Igor Baker,igor434@yahoo.com,Seattle,2023-06-01
C0780,Dana Lopez,dana779@gmail.com,Chicago,2024-07-01
C0648,Walt Collins,walt647@acme.com,Austin,2023-11-01
C0332,Faye Scott,faye331@yahoo.com,Chicago,2024-01-01
C0568,Rachel Robinson,rachel567@acme.com,New York,2023-09-01
C0082,Faye Scott,faye81@yahoo.com,Seattle,2023-10-01
C0579,Craig Wright,craig578@acme.com,Denver,2024-07-01
C0297,Vera Edwards,vera296@acme.com,Boston,2022-07-01
C0387,Kurt Nelson,kurt386@gmail.com,Boston,2021-08-01
C0457,Grace Moore,grace456@yahoo.com,Austin,2024-04-01
C0600,Yale Sanchez,yale599@gmail.com,Chicago,2021-12-01
C0810,James Thomas,james809@biz.net,Seattle,2022-07-01
C0771,Uma Lewis,uma770@yahoo.com,Austin,2024-07-01
C0027,Andy Hernandez,andy26@corp.io,Seattle,2023-06-01
C0248,Walt Collins,walt247@biz.net,Miami,2024-09-01
C0044,Sasha Campbell,sasha43@corp.io,Denver,2024-01-01
C0057,Grace Moore,grace56@gmail.com,Chicago,2021-05-01
C0494,Sasha Campbell,sasha493@acme.com,Miami,2024-09-01
C0711,Karen Jackson,karen710@yahoo.com,Austin,2024-02-01
C0066,Pete Garcia,pete65@yahoo.com,Seattle,2021-07-01
C0651,Alice Smith,alice650@acme.com,Seattle,2024-12-01
C0754,Dave Davis,dave753@yahoo.com,Denver,2021-12-01
C0046,Ula Evans,ula45@biz.net,Chicago,2022-09-01
C0115,Olivia Thompson,olivia114@gmail.com,Seattle,2024-11-01
C0221,Uma Lewis,uma220@acme.com,Boston,2021-09-01
C0745,Todd Parker,todd744@corp.io,New York,2021-07-01
C0756,Frank Wilson,frank755@corp.io,Boston,2024-04-01
C0483,Glen Green,glen482@acme.com,Chicago,2021-07-01
C0073,Wendy Walker,wendy72@yahoo.com,Chicago,2022-02-01
C0782,Faye Scott,faye781@yahoo.com,Miami,2021-07-01
C0607,Grace Moore,grace606@biz.net,Boston,2023-05-01
C0686,Jane Gonzalez,jane685@yahoo.com,Boston,2021-08-01
C0809,Iris Anderson,iris808@acme.com,Seattle,2024-06-01
C0090,Nina Perez,nina89@acme.com,Seattle,2023-07-01
C0182,Faye Scott,faye181@acme.com,New York,2024-11-01
C0149,Xin Stewart,xin148@yahoo.com,San Francisco,2023-06-01
C0667,Quinn Martinez,quinn666@corp.io,Miami,2023-10-01
C0288,Lily Carter,lily287@gmail.com,Denver,2022-02-01
C0250,Yale Sanchez,yale249@gmail.com,San Francisco,2024-01-01
C0510,James Thomas,james509@yahoo.com,Boston,2022-12-01
C0552,Bob Jones,bob551@yahoo.com,Chicago,2024-09-01
C0317,Quinn Martinez,quinn316@acme.com,Miami,2021-06-01
C0525,Yuri Allen,yuri524@yahoo.com,Seattle,2024-08-01
C0642,Petra Turner,petra641@gmail.com,Boston,2021-10-01
C0202,Bob Jones,bob201@yahoo.com,Denver,2023-02-01
C0826,Zara Young,zara825@acme.com,Austin,2023-05-01
C0509,Iris Anderson,iris508@yahoo.com,Miami,2023-03-01
C0489,Marc Mitchell,marc488@corp.io,San Francisco,2022-02-01
C0400,Yale Sanchez,yale399@acme.com,Chicago,2021-01-01
C0781,Evan Hill,evan780@acme.com,San Francisco,2023-06-01
C0333,Glen Green,glen332@acme.com,Seattle,2022-12-01
C0475,Yuri Allen,yuri474@yahoo.com,Boston,2022-06-01
C0461,Karen Jackson,karen460@gmail.com,San Francisco,2022-08-01
C0824,Xena Hall,xena823@gmail.com,Boston,2023-01-01
C0497,Vera Edwards,vera496@biz.net,Chicago,2021-07-01
C0420,Tina Rodriguez,tina419@acme.com,Denver,2021-10-01
C0339,Marc Mitchell,marc338@acme.com,Denver,2024-08-01
