Id,Name,Amount,Date
1,Gina Rossi,2214.5,2024-03-06
2,Soren Andersen,5677.27,2024-02-24
3,Elena Volkov,2062.0,2024-04-08
4,Soren Andersen,5727.86,2024-05-24
5,Uri Goldberg,3632.43,2024-03-05
6,Tala Nguyen,302.08,2024-09-05
7,Priya Sharma,360.55,2024-12-12
8,Derek Patel,706.54,2024-11-01
9,Uri Goldberg,6414.82,2024-07-31
10,Uri Goldberg,2076.67,2024-06-14
11,Elena Volkov,6442.8,2024-11-20
12,Derek Patel,6053.55,2024-12-19
13,Blake Rivera,4462.42,2024-04-24
14,Isla Murphy,2321.48,2024-06-12
15,Felix Tanaka,5802.13,2024-03-14
16,Javier Cruz,6690.58,2024-02-05
17,Hugo Larsson,633.17,2024-10-23
18,Gina Rossi,2348.06,2024-12-16
19,Javier Cruz,2173.34,2024-04-23
20,Derek Patel,2221.13,2024-09-02
21,Soren Andersen,1682.17,2024-02-06
22,Kira Yamamoto,5454.76,2024-09-22
23,Isla Murphy,7544.01,2024-07-28
24,Aria Chen,4859.85,2024-09-12
25,Quinn Bailey,426.18,2024-12-01
26,Soren Andersen,7104.79,2024-04-08
27,Isla Murphy,2244.0,2024-12-24
28,Liam O'Brien,5400.91,2024-07-15
29,Noah Fischer,6864.98,2024-04-21
30,Javier Cruz,1636.04,2024-12-05
31,Maya Singh,4862.63,2024-06-19
32,Carmen Diaz,4534.36,2024-09-12
33,Elena Volkov,2113.29,2024-03-24
34,Quinn Bailey,5823.89,2024-01-01
35,Aria Chen,958.01,2024-12-09
36,Elena Volkov,7207.28,2024-07-07
37,Gina Rossi,7994.75,2024-03-24
38,Priya Sharma,6492.14,2024-01-04
39,Elena Volkov,729.02,2024-12-07
40,Isla Murphy,5445.87,2024-03-31
41,Quinn Bailey,1069.06,2024-03-06
42,Noah Fischer,6869.49,2024-09-11
43,Gina Rossi,5672.79,2024-02-07
44,Liam O'Brien,606.24,2024-09-25
45,Carmen Diaz,721.15,2024-12-03
46,Isla Murphy,4775.64,2024-11-22
47,Elena Volkov,280.14,2024-10-14
48,Gina Rossi,5814.31,2024-08-29
49,Uri Goldberg,6479.59,2024-07-24
50,Blake Rivera,3861.88,2024-05-18
51,Priya Sharma,7933.6,2024-03-20
52,Uri Goldberg,2231.57,2024-06-10
53,Tala Nguyen,264.47,2024-02-16
54,Soren Andersen,4232.67,2024-05-30
55,Priya Sharma,5581.31,2024-08-10
56,Rosa Mendez,1664.61,2024-03-28
57,Noah Fischer,4310.91,2024-12-27
58,Felix Tanaka,6936.07,2024-07-12
59,Elena Volkov,2042.12,2024-10-30
60,Felix Tanaka,3315.99,2024-12-19
61,Aria Chen,142.82,2024-07-02
62,Kira Yamamoto,4629.84,2024-09-28
63,Tala Nguyen,3415.89,2024-05-24
64,Carmen Diaz,1777.56,2024-03-19
65,Elena Volkov,5208.48,2024-08-19
66,Rosa Mendez,6622.36,2024-12-06
67,Noah Fischer,7656.92,2024-06-02
68,Blake Rivera,6974.97,2024-10-04
69,Javier Cruz,4360.78,2024-11-06
70,Liam O'Brien,6174.18,2024-10-30
71,Carmen Diaz,5485.17,2024-07-27
72,Gina Rossi,3823.32,2024-12-14
73,Uri Goldberg,7000.57,2024-11-24
74,Liam O'Brien,3899.5,2024-01-12
75,Felix Tanaka,1795.18,2024-02-11
76,Rosa Mendez,5245.39,2024-06-03
77,Uri Goldberg,3070.71,2024-06-04
78,Isla Murphy,4626.31,2024-12-03
79,Felix Tanaka,2900.65,2024-12-02
80,Tala Nguyen,6562.74,2024-04-24
81,Maya Singh,4863.69,2024-05-27
82,Javier Cruz,5709.92,2024-10-03
83,Felix Tanaka,3161.58,2024-08-08
84,Uri Goldberg,2848.3,2024-12-20
85,Soren Andersen,1247.72,2024-12-17
86,Maya Singh,7516.1,2024-10-27
87,Kira Yamamoto,4121.32,2024-01-02
88,Kira Yamamoto,5311.29,2024-11-09
89,Tala Nguyen,2076.01,2024-03-11
90,Quinn Bailey,6770.42,2024-09-10
91,Isla Murphy,88.05,2024-06-19
92,Uri Goldberg,1445.15,2024-11-08
93,Gina Rossi,5938.54,2024-03-17
94,Javier Cruz,6017.56,2024-09-23
95,Kira Yamamoto,3809.28,2024-10-23
96,Uri Goldberg,3203.48,2024-01-02
97,Quinn Bailey,4657.84,2024-01-31
98,Noah Fischer,5707.99,2024-10-13
99,Hugo Larsson,3544.74,2024-04-15
100,Maya Singh,4967.61,2024-02-10
101,Elena Volkov,3676.24,2024-01-10
102,Uri Goldberg,1305.91,2024-02-15
103,Aria Chen,260.12,2024-01-29
104,Derek Patel,7062.9,2024-09-20
105,Aria Chen,4000.8,2024-06-19
106,Priya Sharma,5134.7,2024-11-01
107,Quinn Bailey,2726.61,2024-08-27
108,Rosa Mendez,7434.55,2024-01-13
109,Priya Sharma,7007.83,2024-09-11
110,Elena Volkov,7275.12,2024-10-13
111,Javier Cruz,6744.35,2024-12-06
112,Kira Yamamoto,1646.0,2024-09-03
113,Carmen Diaz,5832.02,2024-04-21
114,Maya Singh,6388.86,2024-04-18
115,Blake Rivera,7131.0,2024-11-07
116,Kira Yamamoto,658.13,2024-12-06
117,Gina Rossi,7929.18,2024-09-13
118,Felix Tanaka,2009.82,2024-10-11
119,Elena Volkov,1621.73,2024-09-03
120,Felix Tanaka,4402.2,2024-03-29
121,Derek Patel,2044.45,2024-11-12
122,Tala Nguyen,2070.58,2024-02-28
123,Blake Rivera,5386.54,2024-02-03
124,Aria Chen,896.54,2024-08-05
125,Uri Goldberg,5363.59,2024-11-20
126,Derek Patel,7682.96,2024-04-18
127,Kira Yamamoto,5629.11,2024-04-21
128,Aria Chen,2257.31,2024-12-29
129,Uri Goldberg,5805.83,2024-06-05
130,Elena Volkov,6432.48,2024-06-17
131,Kira Yamamoto,4527.2,2024-10-24
132,Kira Yamamoto,1155.27,2024-12-11
133,Priya Sharma,4024.31,2024-01-25
134,Soren Andersen,5599.17,2024-03-16
135,Rosa Mendez,7199.91,2024-06-01
136,Isla Murphy,4364.0,2024-07-21
137,Felix Tanaka,3725.91,2024-09-06
138,Felix Tanaka,5294.13,2024-10-18
139,Priya Sharma,1318.74,2024-01-02
140,Soren Andersen,30.52,2024-06-13
141,Liam O'Brien,5316.8,2024-11-21
142,Javier Cruz,7116.03,2024-04-29
143,Quinn Bailey,3723.59,2024-02-07
144,Carmen Diaz,5553.78,2024-02-12
145,Maya Singh,3837.22,2024-02-25
146,Aria Chen,4330.8,2024-01-23
147,Uri Goldberg,5757.0,2024-07-11
148,Elena Volkov,1780.72,2024-02-10
149,Kira Yamamoto,4779.12,2024-08-31
150,Kira Yamamoto,7449.71,2024-06-01
151,Rosa Mendez,4887.23,2024-12-28
152,Felix Tanaka,2847.44,2024-12-19
153,Aria Chen,2326.3,2024-04-27
154,Soren Andersen,4634.17,2024-05-26
155,Maya Singh,3555.74,2024-12-02
156,Carmen Diaz,3296.97,2024-11-19
157,Elena Volkov,799.89,2024-07-10
158,Derek Patel,3537.35,2024-12-23
159,Javier Cruz,4141.04,2024-08-03
160,Uri Goldberg,5232.04,2024-02-17
161,Carmen Diaz,1478.48,2024-12-15
162,Blake Rivera,7739.04,2024-01-02
163,Gina Rossi,3968.73,2024-09-15
164,Elena Volkov,4382.37,2024-10-31
165,Liam O'Brien,6541.88,2024-06-28
166,Soren Andersen,1797.01,2024-08-31
167,Gina Rossi,6479.05,2024-07-26
168,Soren Andersen,779.19,2024-09-23
169,Tala Nguyen,2142.4,2024-10-25
170,Maya Singh,7134.66,2024-07-03
171,Javier Cruz,2664.9,2024-05-27
172,Uri Goldberg,6212.64,2024-05-18
173,Aria Chen,2842.67,2024-01-05
174,Javier Cruz,6100.4,2024-08-31
175,Liam O'Brien,6567.78,2024-06-13
176,Quinn Bailey,748.83,2024-10-06
177,Maya Singh,1038.01,2024-03-31
178,Elena Volkov,3332.45,2024-11-21
179,Gina Rossi,1597.62,2024-02-12
180,Kira Yamamoto,794.82,2024-01-10
181,Kira Yamamoto,2308.82,2024-02-23
182,Maya Singh,4647.02,2024-02-10
183,Noah Fischer,4371.51,2024-08-01
184,Javier Cruz,789.26,2024-01-25
185,Maya Singh,472.22,2024-11-05
186,Tala Nguyen,7010.52,2024-10-17
187,Uri Goldberg,7434.34,2024-08-11
188,Quinn Bailey,5426.22,2024-05-16
189,Hugo Larsson,2121.87,2024-06-27
190,Carmen Diaz,6818.27,2024-05-19
191,Derek Patel,5027.73,2024-02-05
192,Maya Singh,7812.37,2024-07-21
193,Noah Fischer,546.12,2024-03-20
194,Hugo Larsson,4821.43,2024-07-10
195,Carmen Diaz,2771.8,2024-01-19
196,Soren Andersen,1706.08,2024-10-23
197,Gina Rossi,2927.79,2024-01-18
198,Soren Andersen,5531.72,2024-09-03
199,Kira Yamamoto,2251.03,2024-04-24
200,Aria Chen,5240.86,2024-09-10
201,Soren Andersen,6804.13,2024-06-12
202,Gina Rossi,416.63,2024-05-15
203,Rosa Mendez,7147.19,2024-06-24
204,Hugo Larsson,4110.21,2024-01-21
205,Rosa Mendez,1100.75,2024-07-17
206,Tala Nguyen,4126.33,2024-08-04
207,Felix Tanaka,1492.1,2024-03-29
208,Quinn Bailey,1657.97,2024-10-24
209,Noah Fischer,6360.16,2024-07-01
210,Elena Volkov,6061.15,2024-05-21
211,Javier Cruz,6967.05,2024-01-21
212,Priya Sharma,3141.57,2024-12-06
213,Uri Goldberg,4899.99,2024-04-15
214,Rosa Mendez,3799.59,2024-11-10
215,Quinn Bailey,6468.16,2024-02-16
216,Isla Murphy,4409.57,2024-02-19
217,Kira Yamamoto,3338.17,2024-09-10
218,Priya Sharma,6524.24,2024-04-18
219,Blake Rivera,140.23,2024-10-18
220,Felix Tanaka,4679.98,2024-12-16
221,Noah Fischer,3031.13,2024-12-28
222,Tala Nguyen,6123.91,2024-10-22
223,Soren Andersen,1799.87,2024-03-12
224,Priya Sharma,2524.23,2024-08-21
225,Liam O'Brien,3173.25,2024-02-29
226,Kira Yamamoto,4344.44,2024-01-19
227,Derek Patel,2763.17,2024-09-26
228,Quinn Bailey,6738.47,2024-08-02
229,Blake Rivera,7582.87,2024-04-04
230,Gina Rossi,7981.54,2024-10-10
231,Kira Yamamoto,5767.22,2024-01-29
232,Javier Cruz,807.0,2024-01-12
233,Kira Yamamoto,7260.75,2024-12-26
234,Derek Patel,4568.49,2024-09-16
235,Elena Volkov,2794.54,2024-10-15
236,Tala Nguyen,5928.55,2024-01-21
237,Soren Andersen,3848.94,2024-12-19
238,Tala Nguyen,7767.62,2024-03-26
239,Rosa Mendez,7280.22,2024-01-04
240,Derek Patel,4330.44,2024-06-16
241,Noah Fischer,6154.9,2024-03-08
242,Hugo Larsson,3033.94,2024-12-27
243,Carmen Diaz,2158.52,2024-03-08
244,Soren Andersen,4519.61,2024-10-15
245,Rosa Mendez,3535.6,2024-06-04
246,Priya Sharma,5529.06,2024-11-03
247,Aria Chen,4471.22,2024-04-20
248,Uri Goldberg,236.4,2024-02-05
249,Tala Nguyen,2130.73,2024-06-29
250,Noah Fischer,2023.18,2024-07-02
251,Aria Chen,658.76,2024-03-21
252,Gina Rossi,2056.68,2024-01-25
253,Javier Cruz,1061.74,2024-01-31
254,Priya Sharma,2247.76,2024-08-28
255,Elena Volkov,5400.33,2024-06-09
256,Tala Nguyen,247.01,2024-08-26
257,Soren Andersen,682.84,2024-08-10
258,Tala Nguyen,5764.53,2024-11-22
259,Hugo Larsson,5837.62,2024-06-18
260,Carmen Diaz,3271.01,2024-01-03
261,Derek Patel,7398.29,2024-12-24
262,Derek Patel,165.89,2024-09-08
263,Carmen Diaz,3999.82,2024-04-07
264,Noah Fischer,5116.16,2024-05-02
265,Isla Murphy,3993.55,2024-02-23
266,Derek Patel,620.79,2024-06-04
267,Quinn Bailey,2366.73,2024-10-23
268,Maya Singh,4723.44,2024-03-23
269,Noah Fischer,5530.98,2024-09-29
270,Felix Tanaka,630.12,2024-03-14
271,Gina Rossi,2465.02,2024-06-14
272,Hugo Larsson,7241.86,2024-08-25
273,Tala Nguyen,6473.68,2024-01-20
274,Isla Murphy,1699.86,2024-03-05
275,Noah Fischer,3689.52,2024-04-03
276,Maya Singh,606.61,2024-02-12
277,Soren Andersen,1241.89,2024-12-16
278,Priya Sharma,1505.13,2024-09-16
279,Blake Rivera,6881.15,2024-02-20
280,Carmen Diaz,1107.69,2024-01-22
281,Tala Nguyen,2164.12,2024-03-26
282,Javier Cruz,5848.04,2024-10-31
283,Priya Sharma,1205.35,2024-07-22
284,Kira Yamamoto,1020.47,2024-09-27
285,Aria Chen,3766.18,2024-08-30
286,Soren Andersen,2166.75,2024-05-05
287,Liam O'Brien,2554.26,2024-03-14
288,Derek Patel,6237.93,2024-11-12
289,Isla Murphy,1318.0,2024-06-07
290,Liam O'Brien,1831.83,2024-11-11
291,Felix Tanaka,6724.76,2024-11-30
292,Derek Patel,4251.74,2024-07-22
293,Rosa Mendez,3507.08,2024-03-27
294,Carmen Diaz,4188.46,2024-08-09
295,Uri Goldberg,4520.11,2024-08-10
296,Liam O'Brien,2273.02,2024-07-05
297,Liam O'Brien,4230.5,2024-06-19
298,Elena Volkov,2750.56,2024-12-24
299,Kira Yamamoto,6627.04,2024-04-14
300,Quinn Bailey,2792.87,2024-01-08
301,Elena Volkov,4001.86,2024-06-08
302,Derek Patel,2507.53,2024-02-03
303,Javier Cruz,3766.1,2024-02-07
304,Blake Rivera,7604.63,2024-07-31
305,Gina Rossi,7531.44,2024-03-26
306,Felix Tanaka,5840.5,2024-01-24
307,Kira Yamamoto,2240.85,2024-05-02
308,Kira Yamamoto,2601.39,2024-05-19
309,Noah Fischer,1061.38,2024-02-27
310,Uri Goldberg,4802.75,2024-07-27
311,Elena Volkov,7182.58,2024-10-25
312,Derek Patel,1492.33,2024-05-28
313,Quinn Bailey,2450.83,2024-12-02
314,Liam O'Brien,6171.64,2024-09-08
315,Priya Sharma,1662.6,2024-09-16
316,Liam O'Brien,6666.86,2024-02-06
317,Maya Singh,3170.57,2024-03-17
318,Hugo Larsson,3610.93,2024-07-21
319,Quinn Bailey,536.44,2024-10-24
320,Noah Fischer,5143.34,2024-08-29
321,Quinn Bailey,5682.16,2024-04-30
322,Gina Rossi,5278.17,2024-02-23
323,Uri Goldberg,4797.58,2024-05-05
324,Maya Singh,2418.39,2024-09-17
325,Soren Andersen,4414.89,2024-04-09
326,Liam O'Brien,5314.51,2024-03-20
327,Quinn Bailey,3198.66,2024-03-29
328,Uri Goldberg,4649.09,2024-03-15
329,Blake Rivera,3442.64,2024-04-05
330,Tala Nguyen,2598.03,2024-04-15
331,Blake Rivera,251.19,2024-08-11
332,Uri Goldberg,5610.59,2024-06-25
333,Soren Andersen,5453.55,2024-05-04
334,Gina Rossi,4383.15,2024-04-27
335,Maya Singh,2982.03,2024-03-29
336,Blake Rivera,1264.03,2024-11-09
337,Derek Patel,3681.64,2024-07-02
338,Quinn Bailey,5108.99,2024-07-21
339,Liam O'Brien,2427.12,2024-04-11
340,Felix Tanaka,7032.23,2024-12-14
341,Aria Chen,3951.74,2024-07-15
342,Elena Volkov,7046.93,2024-02-07
343,Liam O'Brien,128.99,2024-08-14
344,Felix Tanaka,6059.34,2024-12-29
345,Javier Cruz,6417.31,2024-06-07
346,Tala Nguyen,2680.35,2024-02-20
347,Liam O'Brien,2495.06,2024-09-06
348,Rosa Mendez,4682.73,2024-05-13
349,Tala Nguyen,6094.27,2024-07-28
350,Carmen Diaz,1638.87,2024-10-23
351,Aria Chen,3738.46,2024-05-07
352,Quinn Bailey,2545.28,2024-04-07
353,Liam O'Brien,6163.12,2024-06-22
354,Carmen Diaz,4602.71,2024-12-23
355,Elena Volkov,3812.97,2024-11-04
356,Carmen Diaz,5548.26,2024-09-01
357,Priya Sharma,1409.53,2024-12-24
358,Blake Rivera,4407.72,2024-12-09
359,Javier Cruz,75.3,2024-10-09
360,Blake Rivera,2626.87,2024-10-10
361,Aria Chen,6469.11,2024-09-07
362,Liam O'Brien,781.95,2024-06-22
363,Derek Patel,3079.83,2024-10-26
364,Javier Cruz,4171.8,2024-02-23
365,Priya Sharma,2761.78,2024-02-10
366,Tala Nguyen,437.33,2024-09-27
367,Elena Volkov,2437.12,2024-04-10
368,Liam O'Brien,2946.44,2024-08-19
369,Elena Volkov,6912.84,2024-07-05
370,Tala Nguyen,4165.45,2024-12-19
371,Hugo Larsson,4108.44,2024-07-15
372,Rosa Mendez,3348.98,2024-05-22
373,Hugo Larsson,3079.19,2024-09-10
374,Blake Rivera,941.26,2024-01-04
375,Hugo Larsson,6316.51,2024-11-22
376,Elena Volkov,4502.52,2024-11-30
377,Derek Patel,1624.27,2024-07-06
378,Hugo Larsson,5083.71,2024-01-06
379,Elena Volkov,3235.01,2024-02-20
380,Quinn Bailey,5835.04,2024-12-21
381,Kira Yamamoto,6769.2,2024-12-29
382,Rosa Mendez,3720.94,2024-10-17
383,Felix Tanaka,2501.24,2024-08-09
384,Blake Rivera,733.94,2024-11-13
385,Javier Cruz,1562.26,2024-05-15
386,Gina Rossi,6040.79,2024-12-30
387,Derek Patel,2309.19,2024-11-08
388,Javier Cruz,5178.27,2024-04-20
389,Felix Tanaka,276.22,2024-04-14
390,Priya Sharma,5043.63,2024-06-05
391,Carmen Diaz,5637.97,2024-07-24
392,Uri Goldberg,1238.95,2024-08-13
393,Gina Rossi,5957.74,2024-04-22
394,Soren Andersen,1399.73,2024-11-19
395,Elena Volkov,1458.42,2024-03-17
396,Derek Patel,2696.15,2024-07-02
397,Felix Tanaka,4077.01,2024-08-09
398,Liam O'Brien,855.97,2024-12-11
399,Derek Patel,4255.33,2024-10-02
400,Quinn Bailey,7690.64,2024-01-12
401,Javier Cruz,3570.92,2024-12-01
402,Priya Sharma,784.59,2024-05-13
403,Isla Murphy,3411.51,2024-08-06
404,Elena Volkov,6523.92,2024-07-23
405,Quinn Bailey,5922.21,2024-05-02
406,Noah Fischer,1698.97,2024-06-23
407,Isla Murphy,1710.36,2024-11-02
408,Soren Andersen,2761.88,2024-04-15
409,Derek Patel,3168.99,2024-11-10
410,Isla Murphy,5671.63,2024-11-06
411,Isla Murphy,5167.49,2024-04-19
412,Kira Yamamoto,6200.08,2024-03-15
413,Gina Rossi,4615.73,2024-02-25
414,Javier Cruz,5648.27,2024-09-19
415,Maya Singh,6601.44,2024-08-03
416,Uri Goldberg,790.18,2024-08-02
417,Elena Volkov,6338.87,2024-10-26
418,Quinn Bailey,5052.48,2024-05-08
419,Uri Goldberg,1254.79,2024-03-12
420,Derek Patel,1870.12,2024-08-21
421,Hugo Larsson,4635.89,2024-12-29
422,Isla Murphy,4402.36,2024-12-05
423,Rosa Mendez,5477.18,2024-09-21
424,Javier Cruz,7963.56,2024-03-19
425,Elena Volkov,2952.85,2024-09-22
426,Kira Yamamoto,5779.55,2024-01-27
427,Isla Murphy,1035.31,2024-01-12
428,Noah Fischer,1515.03,2024-02-28
429,Blake Rivera,7099.26,2024-08-31
430,Blake Rivera,403.67,2024-05-15
431,Aria Chen,6762.69,2024-11-03
432,Derek Patel,5733.58,2024-09-29
433,Carmen Diaz,900.58,2024-10-05
434,Tala Nguyen,4813.62,2024-03-18
435,Javier Cruz,403.44,2024-12-21
436,Priya Sharma,622.55,2024-05-08
437,Soren Andersen,4592.15,2024-08-12
438,Aria Chen,6277.96,2024-09-15
439,Soren Andersen,6460.33,2024-06-26
440,Gina Rossi,3196.63,2024-04-14
441,Liam O'Brien,4697.37,2024-11-01
442,Gina Rossi,4620.24,2024-05-15
443,Rosa Mendez,7919.34,2024-06-11
444,Javier Cruz,6316.99,2024-10-04
445,Javier Cruz,1776.3,2024-11-10
446,Kira Yamamoto,7538.54,2024-12-08
447,Liam O'Brien,4542.1,2024-10-14
448,Isla Murphy,5387.21,2024-10-09
449,Soren Andersen,4487.81,2024-10-07
450,Javier Cruz,7945.44,2024-12-27
451,Rosa Mendez,3771.28,2024-11-22
452,Kira Yamamoto,1886.18,2024-01-23
453,Soren Andersen,7221.8,2024-05-03
454,Elena Volkov,1020.02,2024-02-15
455,Quinn Bailey,7309.73,2024-01-06
456,Uri Goldberg,7712.91,2024-05-21
457,Noah Fischer,7315.05,2024-02-09
458,Uri Goldberg,4622.22,2024-04-22
459,Noah Fischer,4559.9,2024-12-04
460,Liam O'Brien,6528.84,2024-05-24
461,Soren Andersen,599.32,2024-01-20
462,Hugo Larsson,3392.93,2024-04-26
463,Derek Patel,2326.53,2024-05-20
464,Noah Fischer,4964.74,2024-05-02
465,Noah Fischer,7926.02,2024-11-21
466,Quinn Bailey,2695.88,2024-01-20
467,Hugo Larsson,7868.6,2024-12-20
468,Maya Singh,6710.96,2024-10-29
469,Tala Nguyen,2985.56,2024-10-13
470,Aria Chen,2144.35,2024-07-24
471,Derek Patel,1621.14,2024-12-24
472,Hugo Larsson,6860.4,2024-06-19
473,Carmen Diaz,6900.24,2024-09-06
474,Blake Rivera,7215.51,2024-07-07
475,Uri Goldberg,5949.03,2024-12-20
476,Uri Goldberg,3292.82,2024-01-29
477,Maya Singh,7937.75,2024-07-08
478,Noah Fischer,4484.53,2024-12-09
479,Uri Goldberg,7162.78,2024-12-22
480,Javier Cruz,7554.19,2024-11-27
481,Maya Singh,7683.3,2024-01-31
482,Uri Goldberg,2513.17,2024-02-17
483,Derek Patel,3923.01,2024-12-12
484,Elena Volkov,5269.53,2024-06-12
485,Kira Yamamoto,6128.25,2024-12-05
486,Uri Goldberg,3227.84,2024-09-24
487,Liam O'Brien,1766.26,2024-07-31
488,Gina Rossi,3361.46,2024-08-19
489,Isla Murphy,7927.02,2024-04-27
490,Uri Goldberg,1301.84,2024-03-06
491,Quinn Bailey,2966.45,2024-11-11
492,Felix Tanaka,4500.54,2024-04-08
493,Uri Goldberg,5139.27,2024-08-15
494,Felix Tanaka,6726.63,2024-07-24
495,Priya Sharma,95.81,2024-07-02
496,Carmen Diaz,2657.64,2024-04-05
497,Soren Andersen,6535.39,2024-03-19
498,Isla Murphy,4937.13,2024-08-09
499,Aria Chen,2701.11,2024-07-06
500,Priya Sharma,7687.11,2024-01-24
501,Derek Patel,5854.03,2024-09-02
502,Isla Murphy,7727.47,2024-06-14
503,Elena Volkov,4499.4,2024-08-03
504,Felix Tanaka,5800.02,2024-09-01
505,Elena Volkov,6857.92,2024-09-24
506,Quinn Bailey,2517.45,2024-01-18
507,Soren Andersen,3569.07,2024-01-13
508,Felix Tanaka,5952.42,2024-09-15
509,Blake Rivera,5407.85,2024-12-23
510,Blake Rivera,1022.4,2024-11-28
511,Derek Patel,5284.21,2024-01-22
512,Isla Murphy,5198.54,2024-08-10
513,Liam O'Brien,5725.86,2024-08-31
514,Felix Tanaka,5470.62,2024-07-20
515,Hugo Larsson,1303.11,2024-07-10
516,Rosa Mendez,6056.88,2024-08-06
517,Uri Goldberg,6556.88,2024-11-19
518,Soren Andersen,3943.29,2024-01-13
519,Carmen Diaz,3134.4,2024-01-12
520,Hugo Larsson,4152.99,2024-08-02
521,Gina Rossi,2275.69,2024-03-14
522,Felix Tanaka,1074.15,2024-01-23
523,Quinn Bailey,4518.03,2024-10-03
524,Tala Nguyen,2343.79,2024-12-11
525,Felix Tanaka,2013.17,2024-11-09
526,Maya Singh,3167.42,2024-11-24
527,Liam O'Brien,4859.69,2024-09-27
528,Derek Patel,1657.01,2024-10-09
529,Quinn Bailey,3635.19,2024-11-20
530,Maya Singh,7803.92,2024-12-05
531,Gina Rossi,4566.31,2024-04-10
532,Javier Cruz,6743.29,2024-06-16
533,Kira Yamamoto,5132.39,2024-02-13
534,Tala Nguyen,1525.12,2024-06-05
535,Isla Murphy,2461.45,2024-07-08
536,Kira Yamamoto,2940.49,2024-01-03
537,Gina Rossi,1068.6,2024-08-07
538,Derek Patel,3675.33,2024-01-13
539,Rosa Mendez,2456.41,2024-02-19
540,Blake Rivera,4945.92,2024-04-27
541,Uri Goldberg,1712.33,2024-02-23
542,Quinn Bailey,5043.63,2024-11-06
543,Isla Murphy,2588.73,2024-02-29
544,Rosa Mendez,5428.82,2024-02-23
545,Hugo Larsson,5017.89,2024-01-26
546,Blake Rivera,506.78,2024-12-17
547,Elena Volkov,4220.14,2024-07-31
548,Soren Andersen,4302.16,2024-09-17
549,Rosa Mendez,1098.53,2024-08-21
550,Aria Chen,1816.67,2024-10-12
551,Elena Volkov,5955.7,2024-02-04
552,Aria Chen,7941.99,2024-06-03
553,Maya Singh,7326.84,2024-10-15
554,Quinn Bailey,1648.67,2024-11-15
555,Liam O'Brien,3804.75,2024-07-13
556,Isla Murphy,5392.26,2024-10-28
557,Blake Rivera,2826.39,2024-04-27
558,Javier Cruz,1548.85,2024-02-20
559,Gina Rossi,7832.86,2024-04-18
560,Carmen Diaz,1723.96,2024-07-14
561,Priya Sharma,3912.33,2024-02-26
562,Quinn Bailey,1726.64,2024-05-06
563,Uri Goldberg,7003.39,2024-04-14
564,Isla Murphy,2995.35,2024-07-22
565,Kira Yamamoto,3712.78,2024-02-07
566,Uri Goldberg,3270.39,2024-06-02
567,Aria Chen,2982.76,2024-03-06
568,Derek Patel,6132.18,2024-09-08
569,Rosa Mendez,1474.91,2024-09-11
570,Liam O'Brien,1843.46,2024-07-24
571,Rosa Mendez,7778.28,2024-11-17
572,Javier Cruz,7854.42,2024-01-12
573,Priya Sharma,4093.77,2024-12-26
574,Gina Rossi,1973.43,2024-12-26
575,Elena Volkov,7092.61,2024-04-20
576,Javier Cruz,4279.67,2024-06-29
577,Liam O'Brien,7683.57,2024-09-05
578,Felix Tanaka,3484.34,2024-12-09
579,Tala Nguyen,3975.02,2024-07-19
580,Hugo Larsson,2659.49,2024-11-20
581,Quinn Bailey,3450.55,2024-04-07
582,Noah Fischer,6052.73,2024-05-03
583,Blake Rivera,5150.16,2024-06-10
584,Felix Tanaka,5283.06,2024-03-24
585,Noah Fischer,4126.46,2024-11-19
586,Hugo Larsson,1980.32,2024-11-26
587,Blake Rivera,3649.16,2024-08-26
588,Blake Rivera,6490.79,2024-11-22
589,Carmen Diaz,4965.53,2024-04-05
590,Noah Fischer,753.03,2024-12-07
591,Quinn Bailey,4646.54,2024-09-18
592,Maya Singh,2220.37,2024-09-19
593,Uri Goldberg,1222.34,2024-11-26
594,Aria Chen,6293.01,2024-08-14
595,Felix Tanaka,2967.83,2024-04-01
596,Elena Volkov,7046.04,2024-09-06
597,Soren Andersen,6682.35,2024-09-28
598,Carmen Diaz,756.44,2024-04-26
599,Noah Fischer,4731.9,2024-06-25
600,Gina Rossi,1416.35,2024-07-20
601,Maya Singh,4068.35,2024-05-31
602,Uri Goldberg,5574.4,2024-07-03
603,Maya Singh,7581.02,2024-05-05
604,Gina Rossi,7105.48,2024-11-01
605,Isla Murphy,7410.11,2024-05-27
606,Soren Andersen,2597.66,2024-05-22
607,Hugo Larsson,6832.54,2024-04-04
608,Elena Volkov,2348.91,2024-11-12
609,Soren Andersen,6796.82,2024-07-05
610,Carmen Diaz,2481.54,2024-11-13
611,Quinn Bailey,6969.6,2024-03-11
612,Quinn Bailey,4631.83,2024-01-04
613,Rosa Mendez,641.83,2024-08-31
614,Blake Rivera,1548.58,2024-01-14
615,Derek Patel,5023.74,2024-03-24
616,Isla Murphy,3061.78,2024-05-01
617,Tala Nguyen,3366.79,2024-06-06
618,Maya Singh,80.76,2024-09-05
619,Hugo Larsson,7956.37,2024-03-06
620,Quinn Bailey,3292.11,2024-01-22
621,Aria Chen,6949.28,2024-07-02
622,Hugo Larsson,4254.87,2024-05-05
623,Priya Sharma,6713.34,2024-01-11
624,Soren Andersen,3538.64,2024-02-05
625,Quinn Bailey,6024.45,2024-08-29
626,Soren Andersen,3097.53,2024-02-20
627,Liam O'Brien,6585.74,2024-03-09
628,Priya Sharma,2333.64,2024-12-28
629,Liam O'Brien,3268.03,2024-12-10
630,Noah Fischer,5603.33,2024-01-22
631,Gina Rossi,6791.68,2024-05-23
632,Noah Fischer,2670.92,2024-01-24
633,Noah Fischer,5706.73,2024-10-02
634,Felix Tanaka,876.07,2024-09-13
635,Maya Singh,1615.38,2024-11-09
636,Liam O'Brien,1405.8,2024-07-30
637,Soren Andersen,4636.45,2024-11-16
638,Felix Tanaka,3002.77,2024-10-29
639,Aria Chen,5720.14,2024-09-15
640,Noah Fischer,5607.24,2024-04-24
641,Quinn Bailey,4996.12,2024-09-21
642,Gina Rossi,7160.12,2024-04-28
643,Gina Rossi,1527.22,2024-01-28
644,Blake Rivera,6857.16,2024-08-30
645,Quinn Bailey,5318.58,2024-03-20
646,Noah Fischer,157.72,2024-03-11
647,Priya Sharma,2176.74,2024-05-11
648,Kira Yamamoto,2324.3,2024-06-17
649,Quinn Bailey,7785.16,2024-03-02
650,Rosa Mendez,2745.72,2024-11-17
651,Blake Rivera,644.36,2024-07-30
652,Gina Rossi,7783.54,2024-01-09
653,Maya Singh,3703.26,2024-01-13
654,Hugo Larsson,6098.32,2024-02-11
655,Elena Volkov,2798.45,2024-11-19
656,Quinn Bailey,5597.31,2024-01-10
657,Quinn Bailey,2451.65,2024-01-04
658,Quinn Bailey,851.39,2024-12-07
659,Javier Cruz,3479.35,2024-03-11
660,Isla Murphy,6161.5,2024-05-31
661,Kira Yamamoto,5606.33,2024-01-10
662,Hugo Larsson,5075.37,2024-05-21
663,Rosa Mendez,3424.68,2024-02-17
664,Isla Murphy,5617.87,2024-08-01
665,Uri Goldberg,5072.68,2024-04-12
666,Kira Yamamoto,1005.26,2024-06-25
667,Rosa Mendez,1000.23,2024-04-08
668,Derek Patel,2424.5,2024-04-30
669,Felix Tanaka,1317.0,2024-07-19
670,Carmen Diaz,5339.46,2024-06-02
671,Hugo Larsson,1769.98,2024-06-30
672,Elena Volkov,5031.97,2024-03-05
673,Tala Nguyen,1371.51,2024-11-04
674,Soren Andersen,1039.79,2024-12-12
675,Priya Sharma,7636.81,2024-05-18
676,Elena Volkov,4240.77,2024-06-30
677,Isla Murphy,221.58,2024-03-31
678,Blake Rivera,5843.15,2024-06-02
679,Hugo Larsson,7953.82,2024-12-19
680,Javier Cruz,5109.83,2024-03-27
681,Carmen Diaz,6638.59,2024-01-05
682,Aria Chen,5719.52,2024-12-15
683,Isla Murphy,6512.85,2024-09-25
684,Maya Singh,100.71,2024-10-27
685,Derek Patel,7048.28,2024-10-24
686,Kira Yamamoto,5207.32,2024-09-22
687,Tala Nguyen,6623.41,2024-02-17
688,Maya Singh,4706.34,2024-07-30
689,Isla Murphy,3370.15,2024-12-01
690,Derek Patel,4403.53,2024-02-19
691,Quinn Bailey,3043.47,2024-06-25
692,Derek Patel,2019.65,2024-12-18
693,Maya Singh,834.96,2024-09-24
694,Elena Volkov,1921.86,2024-01-30
695,Isla Murphy,3153.76,2024-07-08
696,Javier Cruz,5376.09,2024-01-03
697,Derek Patel,4202.2,2024-04-01
698,Isla Murphy,5175.44,2024-10-06
699,Javier Cruz,2476.99,2024-09-16
700,Tala Nguyen,3622.93,2024-11-17
701,Elena Volkov,4910.75,2024-08-27
702,Isla Murphy,2037.15,2024-09-02
703,Aria Chen,2819.66,2024-11-23
704,Gina Rossi,1578.92,2024-09-30
705,Gina Rossi,7750.9,2024-07-23
706,Rosa Mendez,1757.49,2024-08-16
707,Rosa Mendez,6804.04,2024-11-07
708,Carmen Diaz,3805.7,2024-06-16
709,Kira Yamamoto,7158.78,2024-07-01
710,Hugo Larsson,6673.89,2024-09-20
711,Kira Yamamoto,2018.77,2024-02-28
712,Hugo Larsson,7958.89,2024-07-14
713,Liam O'Brien,4936.97,2024-08-12
714,Maya Singh,5841.81,2024-01-20
715,Derek Patel,6073.75,2024-04-27
716,Quinn Bailey,6295.37,2024-07-06
717,Isla Murphy,1868.01,2024-08-21
718,Hugo Larsson,3789.9,2024-04-10
719,Noah Fischer,5881.65,2024-12-30
720,Gina Rossi,6786.67,2024-11-12
721,Priya Sharma,4597.06,2024-10-12
722,Elena Volkov,5268.86,2024-02-16
723,Liam O'Brien,4419.12,2024-06-16
724,Hugo Larsson,3896.26,2024-05-11
725,Uri Goldberg,1286.8,2024-01-03
726,Priya Sharma,1415.8,2024-09-10
727,Quinn Bailey,4262.23,2024-06-16
728,Hugo Larsson,7798.02,2024-08-04
729,Priya Sharma,2153.69,2024-08-03
730,Liam O'Brien,2562.81,2024-10-26
731,Tala Nguyen,637.96,2024-02-11
732,Elena Volkov,6156.24,2024-06-15
733,Javier Cruz,1048.93,2024-02-20
734,Hugo Larsson,3709.1,2024-06-18
735,Blake Rivera,1922.39,2024-08-24
736,Elena Volkov,1291.06,2024-02-29
737,Isla Murphy,5068.38,2024-03-18
738,Elena Volkov,3868.21,2024-04-26
739,Noah Fischer,2771.05,2024-01-16
740,Hugo Larsson,1818.99,2024-09-11
741,Priya Sharma,1830.7,2024-01-16
742,Javier Cruz,554.03,2024-10-19
743,Quinn Bailey,6429.81,2024-10-28
744,Uri Goldberg,2260.15,2024-03-02
745,Javier Cruz,7826.77,2024-06-27
746,Quinn Bailey,4672.5,2024-04-04
747,Gina Rossi,582.91,2024-08-30
748,Maya Singh,4190.41,2024-02-26
749,Gina Rossi,408.33,2024-07-05
750,Gina Rossi,3347.66,2024-05-09
751,Blake Rivera,2706.21,2024-03-25
752,Rosa Mendez,4582.36,2024-01-12
753,Uri Goldberg,6975.89,2024-10-23
754,Gina Rossi,5207.93,2024-04-06
755,Soren Andersen,7601.82,2024-05-21
756,Soren Andersen,5155.51,2024-03-21
757,Carmen Diaz,757.65,2024-09-06
758,Elena Volkov,5440.05,2024-07-22
759,Hugo Larsson,1071.44,2024-11-15
760,Priya Sharma,4652.17,2024-05-21
761,Kira Yamamoto,5341.97,2024-01-29
762,Aria Chen,6429.67,2024-03-27
763,Rosa Mendez,4273.54,2024-04-05
764,Aria Chen,1872.68,2024-12-20
765,Elena Volkov,2894.19,2024-03-25
766,Noah Fischer,3750.15,2024-01-16
767,Soren Andersen,4274.65,2024-03-28
768,Javier Cruz,3796.71,2024-11-07
769,Tala Nguyen,2460.04,2024-11-17
770,Quinn Bailey,2014.48,2024-05-20
771,Gina Rossi,7277.4,2024-06-19
772,Quinn Bailey,5651.67,2024-03-29
773,Felix Tanaka,6026.54,2024-09-21
774,Felix Tanaka,6625.27,2024-03-25
775,Liam O'Brien,1539.7,2024-04-21
776,Isla Murphy,3256.12,2024-10-31
777,Javier Cruz,7864.37,2024-09-02
778,Aria Chen,4126.67,2024-03-25
779,Isla Murphy,1200.42,2024-03-11
780,Isla Murphy,939.08,2024-06-23
781,Felix Tanaka,1453.37,2024-10-04
782,Javier Cruz,6173.0,2024-04-02
783,Kira Yamamoto,3856.06,2024-11-10
784,Maya Singh,1065.37,2024-07-31
785,Felix Tanaka,3925.71,2024-10-27
786,Uri Goldberg,2602.18,2024-04-18
787,Tala Nguyen,2147.34,2024-03-21
788,Priya Sharma,1197.15,2024-03-24
789,Aria Chen,3948.92,2024-05-03
790,Soren Andersen,1147.77,2024-12-19
791,Aria Chen,3963.35,2024-03-21
792,Carmen Diaz,853.67,2024-12-27
793,Liam O'Brien,5625.62,2024-12-04
794,Blake Rivera,5008.34,2024-03-07
795,Hugo Larsson,3309.64,2024-12-14
796,Javier Cruz,325.07,2024-01-06
797,Uri Goldberg,7385.42,2024-07-07
798,Rosa Mendez,7776.88,2024-09-24
799,Soren Andersen,4118.83,2024-06-03
800,Quinn Bailey,6642.51,2024-01-21
801,Soren Andersen,5407.25,2024-02-22
802,Liam O'Brien,6766.19,2024-04-23
803,Isla Murphy,5648.24,2024-10-03
804,Elena Volkov,1573.44,2024-05-29
805,Noah Fischer,2055.39,2024-03-06
806,Derek Patel,3359.4,2024-08-20
807,Priya Sharma,2952.39,2024-01-12
808,Carmen Diaz,5713.49,2024-10-30
809,Javier Cruz,1523.08,2024-06-01
810,Elena Volkov,5824.73,2024-10-01
811,Kira Yamamoto,7901.14,2024-09-08
812,Rosa Mendez,7837.78,2024-05-09
813,Quinn Bailey,1164.74,2024-07-21
814,Derek Patel,6917.03,2024-11-18
815,Kira Yamamoto,6699.32,2024-03-26
816,Gina Rossi,3000.37,2024-08-02
817,Carmen Diaz,4191.6,2024-11-16
818,Noah Fischer,2279.21,2024-12-21
819,Carmen Diaz,1083.29,2024-03-02
820,Rosa Mendez,5891.63,2024-10-23
821,Gina Rossi,1156.55,2024-10-20
822,Maya Singh,3284.74,2024-01-08
823,Carmen Diaz,7115.03,2024-06-13
824,Javier Cruz,1270.08,2024-11-09
825,Liam O'Brien,3127.75,2024-01-14
826,Soren Andersen,2077.71,2024-12-19
827,Felix Tanaka,714.95,2024-02-27
828,Derek Patel,2483.41,2024-02-05
829,Carmen Diaz,4207.26,2024-11-01
830,Elena Volkov,5053.3,2024-07-09
831,Isla Murphy,4620.16,2024-08-27
832,Carmen Diaz,297.55,2024-02-23
833,Derek Patel,6828.94,2024-05-27
834,Hugo Larsson,6397.33,2024-07-17
835,Noah Fischer,7750.02,2024-02-02
836,Rosa Mendez,284.66,2024-09-27
837,Noah Fischer,6545.8,2024-04-12
838,Kira Yamamoto,3185.92,2024-12-08
839,Soren Andersen,4945.23,2024-12-29
840,Blake Rivera,3810.02,2024-12-29
841,Kira Yamamoto,3477.94,2024-11-19
842,Kira Yamamoto,4071.89,2024-03-29
843,Isla Murphy,768.25,2024-12-21
844,Javier Cruz,1520.57,2024-07-31
845,Priya Sharma,2520.55,2024-06-11
846,Hugo Larsson,2904.68,2024-08-09
847,Tala Nguyen,7266.47,2024-02-10
848,Javier Cruz,6220.95,2024-02-11
849,Hugo Larsson,7813.98,2024-04-11
850,Blake Rivera,6704.09,2024-10-23
851,Javier Cruz,4646.96,2024-03-30
852,Rosa Mendez,2504.13,2024-12-17
853,Elena Volkov,4789.02,2024-01-10
854,Soren Andersen,1857.92,2024-05-17
855,Liam O'Brien,5302.91,2024-02-04
856,Uri Goldberg,937.83,2024-11-03
857,Elena Volkov,3697.87,2024-11-20
858,Derek Patel,6890.49,2024-11-10
859,Javier Cruz,3751.88,2024-06-05
860,Elena Volkov,612.71,2024-06-24
861,Soren Andersen,1865.22,2024-10-04
862,Felix Tanaka,4892.91,2024-09-10
863,Elena Volkov,3657.61,2024-01-22
864,Javier Cruz,3902.81,2024-02-24
865,Kira Yamamoto,1738.95,2024-09-04
866,Felix Tanaka,6353.68,2024-09-24
867,Quinn Bailey,5430.55,2024-11-30
868,Tala Nguyen,3109.14,2024-01-23
869,Liam O'Brien,551.09,2024-10-11
870,Gina Rossi,2569.7,2024-05-20
871,Hugo Larsson,980.42,2024-07-23
872,Elena Volkov,7778.29,2024-01-22
873,Rosa Mendez,6782.48,2024-10-26
874,Blake Rivera,5290.26,2024-06-08
875,Javier Cruz,286.18,2024-07-27
876,Javier Cruz,2341.91,2024-11-18
877,Felix Tanaka,4272.49,2024-08-22
878,Felix Tanaka,2087.21,2024-06-04
879,Blake Rivera,4797.23,2024-05-13
880,Maya Singh,3553.6,2024-05-18
881,Rosa Mendez,86.17,2024-07-18
882,Carmen Diaz,5101.94,2024-03-25
883,Aria Chen,1276.86,2024-01-28
884,Priya Sharma,90.58,2024-02-26
885,Tala Nguyen,7488.12,2024-10-18
886,Blake Rivera,2198.59,2024-12-27
887,Priya Sharma,6319.5,2024-08-08
888,Aria Chen,7749.38,2024-12-27
889,Tala Nguyen,5408.29,2024-04-25
890,Derek Patel,5011.64,2024-10-27
891,Soren Andersen,5945.18,2024-07-13
892,Maya Singh,457.91,2024-05-26
893,Kira Yamamoto,2567.4,2024-09-23
894,Felix Tanaka,1249.06,2024-11-01
895,Noah Fischer,5012.87,2024-01-26
896,Javier Cruz,864.62,2024-11-27
897,Derek Patel,6611.3,2024-06-21
898,Carmen Diaz,7445.55,2024-08-26
899,Hugo Larsson,6961.16,2024-10-25
900,Kira Yamamoto,789.52,2024-08-06
901,Isla Murphy,7835.68,2024-04-26
902,Rosa Mendez,4418.86,2024-10-19
903,Quinn Bailey,6023.31,2024-02-20
904,Soren Andersen,7722.99,2024-04-03
905,Quinn Bailey,665.28,2024-01-02
906,Hugo Larsson,2586.3,2024-07-01
907,Priya Sharma,5544.85,2024-06-17
908,Uri Goldberg,2353.83,2024-01-29
909,Rosa Mendez,6085.49,2024-05-21
910,Priya Sharma,4193.25,2024-09-19
911,Liam O'Brien,2337.39,2024-12-16
912,Uri Goldberg,390.89,2024-12-30
913,Noah Fischer,7423.28,2024-06-07
914,Rosa Mendez,5870.91,2024-07-09
915,Carmen Diaz,3293.66,2024-07-01
916,Liam O'Brien,7386.11,2024-03-29
917,Maya Singh,3173.26,2024-08-28
918,Soren Andersen,2844.56,2024-02-20
919,Derek Patel,1491.25,2024-08-07
920,Tala Nguyen,2890.73,2024-08-18
921,Maya Singh,2045.46,2024-01-29
922,Aria Chen,6615.64,2024-09-06
923,Quinn Bailey,2850.02,2024-08-20
924,Quinn Bailey,2975.37,2024-08-04
925,Carmen Diaz,951.89,2024-10-18
926,Aria Chen,3553.92,2024-07-27
927,Isla Murphy,3756.53,2024-09-12
928,Quinn Bailey,7034.2,2024-06-14
929,Derek Patel,6332.92,2024-03-20
930,Tala Nguyen,372.88,2024-03-23
931,Soren Andersen,808.79,2024-02-27
932,Maya Singh,2164.12,2024-02-09
933,Gina Rossi,7041.17,2024-04-19
934,Tala Nguyen,5118.38,2024-08-30
935,Kira Yamamoto,430.17,2024-01-25
936,Tala Nguyen,564.2,2024-08-13
937,Javier Cruz,5914.38,2024-02-10
938,Gina Rossi,3571.14,2024-11-17
939,Tala Nguyen,4427.95,2024-02-08
940,Liam O'Brien,4645.11,2024-05-28
941,Javier Cruz,6675.18,2024-03-09
942,Elena Volkov,329.07,2024-06-23
943,Maya Singh,438.33,2024-10-07
944,Tala Nguyen,7340.51,2024-05-10
945,Tala Nguyen,654.44,2024-06-26
946,Blake Rivera,2192.23,2024-10-31
947,Blake Rivera,5643.33,2024-09-01
948,Derek Patel,5422.58,2024-09-11
949,Javier Cruz,7504.82,2024-06-29
950,Derek Patel,5640.43,2024-08-26
951,Uri Goldberg,7855.43,2024-06-22
952,Liam O'Brien,6299.89,2024-10-18
953,Tala Nguyen,7979.45,2024-10-03
954,Priya Sharma,4650.71,2024-11-23
955,Aria Chen,6026.59,2024-10-02
956,Rosa Mendez,4505.77,2024-06-18
957,Liam O'Brien,7104.65,2024-03-30
958,Carmen Diaz,2884.26,2024-12-21
959,Blake Rivera,3898.08,2024-02-28
960,Kira Yamamoto,1474.19,2024-08-01
961,Soren Andersen,2094.91,2024-07-16
962,Rosa Mendez,3098.42,2024-08-24
963,Rosa Mendez,1788.8,2024-07-27
964,Felix Tanaka,5490.39,2024-08-04
965,Derek Patel,1505.15,2024-02-17
966,Aria Chen,7572.36,2024-01-03
967,Soren Andersen,3828.21,2024-08-02
968,Tala Nguyen,6900.13,2024-02-05
969,Blake Rivera,3277.97,2024-11-27
970,Quinn Bailey,1211.91,2024-07-28
971,Maya Singh,2301.97,2024-07-10
972,Isla Murphy,6705.79,2024-07-28
973,Javier Cruz,4616.84,2024-08-17
974,Felix Tanaka,7588.23,2024-05-05
975,Blake Rivera,6785.16,2024-09-23
976,Carmen Diaz,1431.35,2024-08-21
977,Quinn Bailey,6185.89,2024-04-08
978,Noah Fischer,4103.35,2024-05-21
979,Elena Volkov,6997.26,2024-07-26
980,Soren Andersen,7172.8,2024-02-02
981,Tala Nguyen,4799.79,2024-03-29
982,Elena Volkov,79.75,2024-10-20
983,Quinn Bailey,3239.0,2024-04-02
984,Javier Cruz,2422.13,2024-06-30
985,Soren Andersen,2891.54,2024-07-27
986,Noah Fischer,2922.13,2024-05-22
987,Uri Goldberg,4415.53,2024-11-30
988,Javier Cruz,3463.58,2024-11-07
989,Elena Volkov,2265.41,2024-06-04
990,Soren Andersen,3684.68,2024-10-16
991,Quinn Bailey,2579.09,2024-06-30
992,Felix Tanaka,5088.94,2024-07-12
993,Maya Singh,7506.33,2024-11-15
994,Blake Rivera,738.56,2024-09-22
995,Noah Fischer,4354.24,2024-05-14
996,Felix Tanaka,4326.85,2024-10-19
997,Blake Rivera,4930.27,2024-10-10
998,Hugo Larsson,5246.78,2024-01-10
999,Javier Cruz,7196.81,2024-10-05
1000,Uri Goldberg,5187.09,2024-05-10
1001,Quinn Bailey,3606.53,2024-08-23
1002,Derek Patel,1829.3,2024-03-31
1003,Rosa Mendez,2528.64,2024-04-05
1004,Derek Patel,4756.66,2024-08-09
1005,Noah Fischer,7392.37,2024-02-12
1006,Liam O'Brien,5075.64,2024-07-28
1007,Felix Tanaka,243.86,2024-05-25
1008,Gina Rossi,1551.4,2024-10-27
1009,Tala Nguyen,179.68,2024-06-01
1010,Priya Sharma,5075.67,2024-12-08
1011,Rosa Mendez,2548.45,2024-06-04
1012,Maya Singh,1171.2,2024-01-22
1013,Javier Cruz,2194.78,2024-03-10
1014,Rosa Mendez,1499.39,2024-04-27
1015,Aria Chen,6567.76,2024-04-22
1016,Kira Yamamoto,5267.27,2024-01-16
1017,Quinn Bailey,6671.67,2024-05-06
1018,Priya Sharma,7164.61,2024-09-06
1019,Tala Nguyen,1451.19,2024-05-01
1020,Kira Yamamoto,5825.61,2024-08-04
1021,Noah Fischer,856.24,2024-12-21
1022,Elena Volkov,5505.62,2024-07-21
1023,Tala Nguyen,3415.77,2024-08-19
1024,Noah Fischer,1149.87,2024-03-14
1025,Blake Rivera,5680.65,2024-10-30
1026,Maya Singh,6691.8,2024-12-22
1027,Javier Cruz,3290.87,2024-11-03
1028,Carmen Diaz,3731.31,2024-07-19
1029,Isla Murphy,162.64,2024-04-06
1030,Hugo Larsson,3451.01,2024-09-23
1031,Elena Volkov,3458.54,2024-09-06
1032,Maya Singh,7014.54,2024-06-26
1033,Javier Cruz,6030.47,2024-11-16
1034,Hugo Larsson,3933.62,2024-02-10
1035,Derek Patel,6762.91,2024-05-01
1036,Isla Murphy,4561.31,2024-10-05
1037,Maya Singh,3291.72,2024-01-17
1038,Blake Rivera,6218.4,2024-09-23
1039,Gina Rossi,5043.8,2024-05-11
1040,Quinn Bailey,3841.92,2024-02-17
1041,Quinn Bailey,2882.42,2024-04-11
1042,Javier Cruz,2445.14,2024-08-28
1043,Isla Murphy,7120.11,2024-10-21
1044,Felix Tanaka,2175.57,2024-08-14
1045,Blake Rivera,6200.85,2024-08-30
1046,Quinn Bailey,6676.43,2024-09-28
1047,Uri Goldberg,6241.75,2024-10-23
1048,Carmen Diaz,6036.05,2024-03-17
1049,Soren Andersen,6614.41,2024-01-12
1050,Blake Rivera,5848.4,2024-12-15
1051,Derek Patel,1722.42,2024-03-13
1052,Felix Tanaka,787.12,2024-06-05
1053,Noah Fischer,4818.12,2024-04-08
1054,Hugo Larsson,4503.25,2024-05-15
1055,Hugo Larsson,2160.41,2024-10-26
1056,Soren Andersen,4234.48,2024-11-08
1057,Soren Andersen,3240.58,2024-04-17
1058,Blake Rivera,1236.53,2024-04-02
1059,Noah Fischer,3171.93,2024-05-05
1060,Rosa Mendez,7269.46,2024-07-29
1061,Kira Yamamoto,3360.18,2024-10-19
1062,Felix Tanaka,1479.41,2024-09-28
1063,Javier Cruz,3494.8,2024-05-02
1064,Liam O'Brien,1455.97,2024-07-17
1065,Tala Nguyen,2587.07,2024-03-16
1066,Liam O'Brien,6289.13,2024-12-08
1067,Derek Patel,3551.9,2024-01-06
1068,Rosa Mendez,1775.35,2024-08-15
1069,Priya Sharma,6644.46,2024-10-27
1070,Hugo Larsson,1173.2,2024-10-02
1071,Elena Volkov,86.85,2024-07-15
1072,Rosa Mendez,5414.07,2024-01-16
1073,Aria Chen,6862.73,2024-03-26
1074,Priya Sharma,5477.49,2024-11-22
1075,Tala Nguyen,6375.63,2024-02-14
1076,Aria Chen,1671.08,2024-03-25
1077,Kira Yamamoto,7693.22,2024-12-27
1078,Kira Yamamoto,5616.82,2024-08-10
1079,Felix Tanaka,1301.68,2024-08-27
1080,Quinn Bailey,3660.01,2024-07-10
1081,Priya Sharma,2620.65,2024-07-19
1082,Carmen Diaz,649.15,2024-11-26
1083,Derek Patel,7699.19,2024-10-14
1084,Priya Sharma,4431.35,2024-03-14
1085,Quinn Bailey,2950.7,2024-03-17
1086,Uri Goldberg,5397.04,2024-09-13
1087,Derek Patel,4453.4,2024-06-17
1088,Hugo Larsson,3021.39,2024-06-05
1089,Uri Goldberg,3631.9,2024-05-05
1090,Elena Volkov,5549.3,2024-10-13
1091,Isla Murphy,1431.96,2024-04-08
1092,Liam O'Brien,2562.89,2024-04-30
1093,Maya Singh,2990.54,2024-04-27
1094,Blake Rivera,6142.45,2024-05-15
1095,Hugo Larsson,2778.81,2024-08-06
1096,Derek Patel,5551.0,2024-07-18
1097,Hugo Larsson,2609.27,2024-02-10
1098,Maya Singh,7927.16,2024-07-10
1099,Derek Patel,7653.99,2024-04-19
1100,Noah Fischer,3359.26,2024-02-27
1101,Javier Cruz,1697.32,2024-05-04
1102,Carmen Diaz,4062.08,2024-09-16
1103,Isla Murphy,900.72,2024-11-22
1104,Noah Fischer,2139.04,2024-10-12
1105,Tala Nguyen,904.58,2024-12-24
1106,Noah Fischer,5626.74,2024-07-07
1107,Hugo Larsson,1541.09,2024-07-12
1108,Elena Volkov,5580.24,2024-02-01
1109,Aria Chen,1862.76,2024-07-14
1110,Gina Rossi,5278.43,2024-01-28
1111,Liam O'Brien,1705.66,2024-03-29
1112,Soren Andersen,381.5,2024-03-12
1113,Aria Chen,5334.8,2024-03-22
1114,Tala Nguyen,6809.97,2024-04-26
1115,Soren Andersen,6292.52,2024-09-16
1116,Rosa Mendez,6671.06,2024-02-25
1117,Liam O'Brien,1415.95,2024-01-29
1118,Maya Singh,1694.46,2024-01-12
1119,Isla Murphy,3345.08,2024-09-01
1120,Blake Rivera,7431.89,2024-03-31
1121,Priya Sharma,4897.69,2024-09-25
1122,Aria Chen,6459.58,2024-09-13
1123,Maya Singh,6016.97,2024-11-16
1124,Noah Fischer,209.82,2024-04-09
1125,Rosa Mendez,6436.54,2024-11-27
1126,Hugo Larsson,4740.42,2024-12-21
1127,Kira Yamamoto,6863.13,2024-05-03
1128,Noah Fischer,940.08,2024-04-06
1129,Soren Andersen,1006.89,2024-12-28
1130,Noah Fischer,432.2,2024-05-28
1131,Felix Tanaka,5758.95,2024-05-11
1132,Carmen Diaz,1601.46,2024-06-16
1133,Liam O'Brien,1671.77,2024-03-21
1134,Soren Andersen,1223.49,2024-07-02
1135,Felix Tanaka,499.47,2024-12-30
1136,Maya Singh,7699.1,2024-09-01
1137,Noah Fischer,7869.35,2024-06-18
1138,Noah Fischer,3706.36,2024-11-06
1139,Hugo Larsson,5149.28,2024-04-29
1140,Hugo Larsson,3638.63,2024-10-17
1141,Javier Cruz,4248.74,2024-03-18
1142,Felix Tanaka,1617.62,2024-09-04
1143,Soren Andersen,6354.77,2024-07-12
1144,Elena Volkov,5817.67,2024-07-05
1145,Elena Volkov,2105.63,2024-01-09
1146,Gina Rossi,3485.81,2024-12-23
1147,Quinn Bailey,6776.25,2024-01-07
1148,Kira Yamamoto,1412.81,2024-09-09
1149,Derek Patel,5658.86,2024-04-23
1150,Uri Goldberg,372.41,2024-12-10
1151,Uri Goldberg,7855.0,2024-06-20
1152,Aria Chen,2796.21,2024-01-23
1153,Felix Tanaka,7335.27,2024-11-25
1154,Liam O'Brien,6417.69,2024-08-29
1155,Kira Yamamoto,6001.88,2024-08-16
1156,Hugo Larsson,5214.51,2024-10-04
1157,Rosa Mendez,2071.61,2024-10-28
1158,Elena Volkov,3799.67,2024-06-24
1159,Aria Chen,1577.93,2024-01-16
1160,Felix Tanaka,3797.63,2024-06-18
1161,Kira Yamamoto,1996.18,2024-06-22
1162,Noah Fischer,374.1,2024-12-20
1163,Kira Yamamoto,7108.63,2024-12-16
1164,Priya Sharma,1890.0,2024-05-15
1165,Rosa Mendez,3696.8,2024-09-19
1166,Uri Goldberg,7623.68,2024-08-24
1167,Maya Singh,4136.23,2024-09-06
1168,Liam O'Brien,1983.83,2024-06-18
1169,Aria Chen,5142.22,2024-11-27
1170,Blake Rivera,7524.6,2024-09-11
1171,Derek Patel,1577.51,2024-08-15
1172,Quinn Bailey,6642.63,2024-05-05
1173,Soren Andersen,284.66,2024-05-02
1174,Isla Murphy,218.69,2024-04-15
1175,Blake Rivera,3553.95,2024-12-28
1176,Soren Andersen,6576.52,2024-04-15
1177,Felix Tanaka,2752.73,2024-10-10
1178,Noah Fischer,1431.88,2024-05-08
1179,Quinn Bailey,104.56,2024-05-13
1180,Blake Rivera,5072.37,2024-10-27
1181,Blake Rivera,5000.44,2024-05-11
1182,Elena Volkov,1560.83,2024-11-07
1183,Kira Yamamoto,4658.07,2024-12-14
1184,Javier Cruz,6552.25,2024-03-23
1185,Quinn Bailey,7218.69,2024-02-10
1186,Quinn Bailey,1073.95,2024-09-03
1187,Uri Goldberg,2536.8,2024-01-11
1188,Soren Andersen,1588.32,2024-02-13
1189,Blake Rivera,5652.25,2024-08-06
1190,Elena Volkov,5880.31,2024-08-22
1191,Tala Nguyen,5826.45,2024-01-23
1192,Felix Tanaka,3989.29,2024-05-08
1193,Priya Sharma,2018.73,2024-08-03
1194,Blake Rivera,2400.42,2024-10-17
1195,Derek Patel,716.88,2024-11-20
1196,Elena Volkov,4795.04,2024-09-21
1197,Uri Goldberg,4267.65,2024-08-16
1198,Soren Andersen,2969.93,2024-09-09
1199,Gina Rossi,5119.11,2024-02-22
1200,Rosa Mendez,6846.87,2024-12-02
1201,Soren Andersen,7157.52,2024-03-02
1202,Hugo Larsson,5359.06,2024-02-29
1203,Aria Chen,7951.44,2024-05-28
1204,Blake Rivera,893.55,2024-03-07
1205,Noah Fischer,3173.81,2024-01-15
1206,Felix Tanaka,1986.98,2024-05-24
1207,Derek Patel,5996.12,2024-03-19
1208,Noah Fischer,664.31,2024-03-27
1209,Derek Patel,5528.79,2024-05-19
1210,Maya Singh,7025.63,2024-12-03
1211,Kira Yamamoto,5062.56,2024-01-13
1212,Liam O'Brien,7624.62,2024-01-09
1213,Blake Rivera,2048.67,2024-02-03
1214,Aria Chen,5031.15,2024-07-16
1215,Quinn Bailey,2371.85,2024-01-26
1216,Gina Rossi,5795.84,2024-07-29
1217,Liam O'Brien,4169.14,2024-11-13
1218,Soren Andersen,6490.38,2024-07-02
1219,Elena Volkov,6555.6,2024-02-17
1220,Priya Sharma,4967.17,2024-09-12
1221,Isla Murphy,2902.09,2024-11-23
1222,Liam O'Brien,2939.67,2024-04-06
1223,Soren Andersen,6323.1,2024-11-08
1224,Aria Chen,6748.19,2024-01-03
1225,Javier Cruz,2791.74,2024-05-11
1226,Kira Yamamoto,1598.69,2024-01-17
1227,Javier Cruz,2007.87,2024-08-18
1228,Derek Patel,2705.06,2024-08-21
1229,Isla Murphy,7237.15,2024-01-22
1230,Carmen Diaz,637.28,2024-01-05
1231,Priya Sharma,4223.34,2024-05-01
1232,Derek Patel,4668.48,2024-01-11
1233,Javier Cruz,2635.16,2024-01-27
1234,Liam O'Brien,3714.82,2024-09-15
1235,Aria Chen,1160.54,2024-11-18
1236,Elena Volkov,3475.51,2024-08-16
1237,Maya Singh,3456.93,2024-01-14
1238,Javier Cruz,5599.37,2024-10-30
1239,Hugo Larsson,7715.94,2024-06-26
1240,Aria Chen,4129.34,2024-11-26
1241,Soren Andersen,3125.51,2024-03-23
1242,Blake Rivera,702.02,2024-10-09
1243,Soren Andersen,3267.0,2024-02-29
1244,Javier Cruz,4160.15,2024-07-06
1245,Carmen Diaz,1310.43,2024-12-26
1246,Noah Fischer,2361.7,2024-03-02
1247,Soren Andersen,3564.3,2024-10-04
1248,Uri Goldberg,7032.84,2024-05-31
1249,Hugo Larsson,4026.79,2024-11-23
1250,Isla Murphy,5835.53,2024-09-17
1251,Noah Fischer,6029.5,2024-09-09
1252,Hugo Larsson,4026.41,2024-04-15
1253,Liam O'Brien,3617.39,2024-10-21
1254,Aria Chen,2424.6,2024-11-26
1255,Quinn Bailey,3965.91,2024-11-07
1256,Liam O'Brien,6048.6,2024-03-28
1257,Carmen Diaz,2417.67,2024-08-19
1258,Soren Andersen,951.54,2024-12-15
1259,Rosa Mendez,6180.31,2024-09-28
1260,Uri Goldberg,7234.88,2024-03-13
1261,Javier Cruz,5586.98,2024-10-13
1262,Kira Yamamoto,1523.69,2024-11-25
1263,Javier Cruz,662.69,2024-05-26
1264,Blake Rivera,6094.48,2024-06-25
1265,Uri Goldberg,4262.24,2024-02-19
1266,Kira Yamamoto,5545.48,2024-11-23
1267,Gina Rossi,4450.1,2024-02-17
1268,Felix Tanaka,2746.2,2024-04-19
1269,Derek Patel,6383.7,2024-06-22
1270,Carmen Diaz,309.71,2024-01-09
1271,Javier Cruz,6550.04,2024-07-06
1272,Priya Sharma,3483.3,2024-04-03
1273,Liam O'Brien,4436.85,2024-06-21
1274,Carmen Diaz,7751.78,2024-07-07
1275,Priya Sharma,6878.48,2024-11-13
1276,Elena Volkov,845.09,2024-01-06
1277,Rosa Mendez,5204.11,2024-02-18
1278,Kira Yamamoto,2738.51,2024-04-14
1279,Tala Nguyen,2008.21,2024-02-26
1280,Noah Fischer,2755.15,2024-05-17
1281,Priya Sharma,5193.58,2024-08-10
1282,Tala Nguyen,706.15,2024-02-25
1283,Priya Sharma,3984.23,2024-03-01
1284,Carmen Diaz,6473.05,2024-09-26
1285,Rosa Mendez,2720.39,2024-03-31
1286,Carmen Diaz,7157.36,2024-02-26
1287,Kira Yamamoto,3536.92,2024-10-10
1288,Aria Chen,4820.08,2024-12-30
1289,Soren Andersen,7188.78,2024-03-14
1290,Elena Volkov,3688.27,2024-12-19
1291,Gina Rossi,499.93,2024-01-05
1292,Maya Singh,2277.42,2024-08-15
1293,Derek Patel,154.92,2024-05-23
1294,Maya Singh,7362.15,2024-07-12
1295,Javier Cruz,1114.28,2024-03-03
1296,Priya Sharma,3927.95,2024-03-14
1297,Elena Volkov,828.02,2024-06-18
1298,Uri Goldberg,1258.72,2024-06-14
1299,Javier Cruz,2410.75,2024-01-07
1300,Isla Murphy,6956.87,2024-06-03
1301,Felix Tanaka,2860.5,2024-08-18
1302,Hugo Larsson,6328.39,2024-06-17
1303,Elena Volkov,3028.88,2024-05-11
1304,Elena Volkov,4320.42,2024-10-09
1305,Aria Chen,5554.07,2024-04-01
1306,Tala Nguyen,3599.32,2024-07-03
1307,Aria Chen,6472.14,2024-04-20
1308,Tala Nguyen,3063.1,2024-09-05
1309,Isla Murphy,7915.27,2024-01-08
1310,Javier Cruz,7040.29,2024-11-23
1311,Derek Patel,4070.09,2024-07-06
1312,Elena Volkov,7620.31,2024-12-23
1313,Carmen Diaz,990.42,2024-10-17
1314,Rosa Mendez,1405.64,2024-07-04
1315,Tala Nguyen,3049.99,2024-04-19
1316,Uri Goldberg,6059.37,2024-04-17
1317,Maya Singh,5294.97,2024-11-05
1318,Maya Singh,2421.88,2024-07-22
1319,Quinn Bailey,1320.64,2024-09-22
1320,Hugo Larsson,7856.81,2024-02-02
1321,Priya Sharma,5800.11,2024-02-23
1322,Priya Sharma,6903.08,2024-08-29
1323,Javier Cruz,2918.11,2024-11-23
1324,Soren Andersen,145.51,2024-01-22
1325,Priya Sharma,6551.27,2024-01-03
1326,Kira Yamamoto,2483.36,2024-03-24
1327,Priya Sharma,4781.96,2024-02-01
1328,Maya Singh,3912.56,2024-04-17
1329,Uri Goldberg,7364.77,2024-10-21
1330,Uri Goldberg,526.57,2024-11-15
1331,Maya Singh,2972.48,2024-06-26
1332,Isla Murphy,5184.37,2024-04-23
1333,Felix Tanaka,5455.6,2024-11-04
1334,Quinn Bailey,5146.05,2024-10-08
1335,Tala Nguyen,4040.21,2024-02-03
1336,Aria Chen,2535.27,2024-01-05
1337,Tala Nguyen,4611.89,2024-06-26
1338,Rosa Mendez,761.71,2024-11-19
1339,Maya Singh,5245.08,2024-05-09
1340,Isla Murphy,6684.55,2024-11-27
1341,Tala Nguyen,2886.95,2024-05-11
1342,Gina Rossi,6551.28,2024-06-14
1343,Aria Chen,435.96,2024-01-03
1344,Noah Fischer,7928.92,2024-09-19
1345,Gina Rossi,3186.71,2024-01-03
1346,Rosa Mendez,5258.13,2024-01-19
1347,Gina Rossi,4847.55,2024-10-10
1348,Tala Nguyen,7708.09,2024-05-09
1349,Hugo Larsson,3286.36,2024-04-17
1350,Hugo Larsson,3987.35,2024-05-03
1351,Blake Rivera,443.52,2024-11-10
1352,Derek Patel,6075.44,2024-11-25
1353,Aria Chen,6465.51,2024-04-23
1354,Blake Rivera,278.76,2024-02-12
1355,Maya Singh,4104.19,2024-01-08
1356,Elena Volkov,2159.43,2024-11-24
1357,Hugo Larsson,3961.87,2024-08-14
1358,Tala Nguyen,3958.73,2024-01-21
1359,Quinn Bailey,6180.5,2024-09-09
1360,Gina Rossi,4593.38,2024-11-26
1361,Kira Yamamoto,4750.43,2024-05-24
1362,Derek Patel,4503.45,2024-02-08
1363,Rosa Mendez,1119.07,2024-06-04
1364,Rosa Mendez,2046.23,2024-09-03
1365,Quinn Bailey,1298.82,2024-07-04
1366,Priya Sharma,5821.93,2024-01-02
1367,Priya Sharma,5076.47,2024-05-22
1368,Isla Murphy,484.57,2024-07-30
1369,Rosa Mendez,3011.67,2024-10-08
1370,Blake Rivera,7215.93,2024-09-27
1371,Aria Chen,6805.27,2024-07-06
1372,Elena Volkov,6057.86,2024-06-23
1373,Tala Nguyen,7871.27,2024-07-04
1374,Aria Chen,3549.78,2024-06-03
1375,Hugo Larsson,2039.55,2024-05-05
1376,Felix Tanaka,4236.91,2024-12-09
1377,Hugo Larsson,713.05,2024-08-26
1378,Gina Rossi,6488.7,2024-08-16
1379,Carmen Diaz,7725.37,2024-09-03
1380,Maya Singh,6283.05,2024-06-24
1381,Derek Patel,1232.95,2024-04-04
1382,Carmen Diaz,1389.88,2024-12-29
1383,Felix Tanaka,4996.77,2024-05-24
1384,Isla Murphy,3628.63,2024-04-17
1385,Carmen Diaz,7698.34,2024-08-08
1386,Kira Yamamoto,3681.82,2024-08-11
1387,Rosa Mendez,2405.87,2024-03-02
1388,Uri Goldberg,5374.92,2024-12-09
1389,Liam O'Brien,4359.61,2024-05-21
1390,Felix Tanaka,6719.17,2024-11-03
1391,Noah Fischer,5595.76,2024-02-09
1392,Quinn Bailey,3094.94,2024-10-14
1393,Elena Volkov,4074.22,2024-03-27
1394,Soren Andersen,4384.06,2024-10-27
1395,Quinn Bailey,168.01,2024-08-22
1396,Noah Fischer,3334.93,2024-05-08
1397,Hugo Larsson,1222.68,2024-07-16
1398,Noah Fischer,6704.79,2024-05-22
1399,Priya Sharma,2793.37,2024-11-01
1400,Liam O'Brien,7107.04,2024-11-25
1401,Hugo Larsson,4660.14,2024-08-07
1402,Noah Fischer,3032.0,2024-12-04
1403,Gina Rossi,5131.32,2024-02-24
1404,Uri Goldberg,3851.4,2024-03-09
1405,Quinn Bailey,1427.87,2024-01-19
1406,Felix Tanaka,2238.39,2024-12-26
1407,Rosa Mendez,3451.9,2024-01-08
1408,Gina Rossi,7486.87,2024-08-31
1409,Soren Andersen,391.42,2024-03-26
1410,Noah Fischer,3352.83,2024-06-27
1411,Soren Andersen,1049.23,2024-04-12
1412,Rosa Mendez,2254.79,2024-07-17
1413,Javier Cruz,697.93,2024-07-21
1414,Tala Nguyen,1514.3,2024-03-11
1415,Javier Cruz,4761.88,2024-12-28
1416,Uri Goldberg,6866.47,2024-11-30
1417,Javier Cruz,7183.04,2024-08-18
1418,Hugo Larsson,7067.43,2024-06-06
1419,Hugo Larsson,5953.97,2024-06-28
1420,Elena Volkov,4958.28,2024-09-29
1421,Tala Nguyen,886.44,2024-08-02
1422,Blake Rivera,6278.72,2024-05-10
1423,Maya Singh,69.92,2024-08-24
1424,Blake Rivera,1165.58,2024-01-21
1425,Aria Chen,6585.35,2024-02-18
1426,Rosa Mendez,1054.3,2024-06-06
1427,Rosa Mendez,3156.8,2024-05-14
1428,Rosa Mendez,344.22,2024-05-06
1429,Hugo Larsson,4947.81,2024-12-28
1430,Maya Singh,6326.94,2024-04-22
1431,Derek Patel,4909.72,2024-06-15
1432,Maya Singh,1568.17,2024-12-12
1433,Soren Andersen,6214.19,2024-05-15
1434,Felix Tanaka,3349.14,2024-04-03
1435,Maya Singh,1919.02,2024-01-27
1436,Soren Andersen,6948.86,2024-05-26
1437,Noah Fischer,4088.02,2024-07-07
1438,Kira Yamamoto,4102.76,2024-05-15
1439,Rosa Mendez,5909.85,2024-05-27
1440,Noah Fischer,6537.02,2024-08-01
1441,Noah Fischer,3748.5,2024-08-12
1442,Derek Patel,5374.59,2024-11-01
1443,Javier Cruz,6316.17,2024-03-17
1444,Felix Tanaka,3773.43,2024-01-05
1445,Derek Patel,6592.84,2024-06-27
1446,Liam O'Brien,606.72,2024-01-09
1447,Liam O'Brien,4996.86,2024-03-10
1448,Gina Rossi,736.03,2024-06-06
1449,Javier Cruz,6974.72,2024-07-05
1450,Felix Tanaka,3490.98,2024-05-01
1451,Isla Murphy,6431.38,2024-03-01
1452,Rosa Mendez,3036.28,2024-07-27
1453,Felix Tanaka,7966.14,2024-03-09
1454,Kira Yamamoto,2586.6,2024-02-01
1455,Rosa Mendez,6595.74,2024-02-14
1456,Elena Volkov,6773.93,2024-03-11
1457,Tala Nguyen,5170.64,2024-04-13
1458,Soren Andersen,6830.18,2024-04-02
1459,Priya Sharma,114.56,2024-07-21
1460,Carmen Diaz,353.56,2024-08-30
1461,Isla Murphy,793.11,2024-12-16
1462,Kira Yamamoto,3745.7,2024-08-08
1463,Aria Chen,4369.28,2024-12-02
1464,Javier Cruz,466.22,2024-10-03
1465,Hugo Larsson,1599.43,2024-01-19
1466,Quinn Bailey,218.47,2024-02-11
1467,Rosa Mendez,3216.0,2024-04-30
1468,Rosa Mendez,4668.15,2024-06-15
1469,Quinn Bailey,7278.93,2024-08-18
1470,Quinn Bailey,3759.19,2024-08-26
1471,Soren Andersen,7823.59,2024-11-29
1472,Hugo Larsson,4089.84,2024-06-28
1473,Soren Andersen,4940.32,2024-06-29
1474,Elena Volkov,6062.62,2024-09-30
1475,Maya Singh,6610.84,2024-09-10
1476,Blake Rivera,2123.93,2024-02-03
1477,Uri Goldberg,7725.26,2024-04-03
1478,Maya Singh,2676.59,2024-08-15
1479,Maya Singh,227.9,2024-05-08
1480,Maya Singh,6468.14,2024-04-24
1481,Tala Nguyen,2650.56,2024-01-20
1482,Derek Patel,5721.82,2024-06-12
1483,Derek Patel,6827.63,2024-12-06
1484,Elena Volkov,6236.23,2024-10-28
1485,Soren Andersen,2945.33,2024-12-08
1486,Aria Chen,609.41,2024-06-05
1487,Isla Murphy,2270.98,2024-08-12
1488,Kira Yamamoto,1912.06,2024-02-07
1489,Derek Patel,4774.71,2024-07-27
1490,Carmen Diaz,256.79,2024-01-06
1491,Liam O'Brien,2159.16,2024-08-05
1492,Aria Chen,1126.39,2024-10-14
1493,Felix Tanaka,2184.39,2024-02-14
1494,Derek Patel,2413.65,2024-01-19
1495,Tala Nguyen,5971.11,2024-03-27
1496,Javier Cruz,6445.66,2024-05-14
1497,Priya Sharma,3899.36,2024-06-29
1498,Rosa Mendez,1898.81,2024-04-08
1499,Rosa Mendez,1420.66,2024-02-17
1500,Liam O'Brien,5578.44,2024-01-29
