Name,Date,Amount,Id
Gina Rossi,2024-03-06,2214.5,1
Soren Andersen,2024-02-24,5677.27,2
Elena Volkov,2024-04-08,2062.0,3
Soren Andersen,2024-05-24,5727.86,4
Uri Goldberg,2024-03-05,3632.43,5
Tala Nguyen,2024-09-05,302.08,6
Priya Sharma,2024-12-12,360.55,7
Derek Patel,2024-11-01,706.54,8
Uri Goldberg,2024-07-31,6414.82,9
Uri Goldberg,2024-06-14,2076.67,10
Elena Volkov,2024-11-20,6442.8,11
Derek Patel,2024-12-19,6053.55,12
Blake Rivera,2024-04-24,4462.42,13
Isla Murphy,2024-06-12,2321.48,14
Felix Tanaka,2024-03-14,5802.13,15
Javier Cruz,2024-02-05,6690.58,16
Hugo Larsson,2024-10-23,633.17,17
Gina Rossi,2024-12-16,2348.06,18
Javier Cruz,2024-04-23,2173.34,19
Derek Patel,2024-09-02,2221.13,20
Soren Andersen,2024-02-06,1682.17,21
Kira Yamamoto,2024-09-22,5454.76,22
Isla Murphy,2024-07-28,7544.01,23
Aria Chen,2024-09-12,4859.85,24
Quinn Bailey,2024-12-01,426.18,25
Soren Andersen,2024-04-08,7104.79,26
Isla Murphy,2024-12-24,2244.0,27
Liam O'Brien,2024-07-15,5400.91,28
Noah Fischer,2024-04-21,6864.98,29
Javier Cruz,2024-12-05,1636.04,30
Maya Singh,2024-06-19,4862.63,31
Carmen Diaz,2024-09-12,4534.36,32
Elena Volkov,2024-03-24,2113.29,33
Quinn Bailey,2024-01-01,5823.89,34
Aria Chen,2024-12-09,958.01,35
Elena Volkov,2024-07-07,7207.28,36
Gina Rossi,2024-03-24,7994.75,37
Priya Sharma,2024-01-04,6492.14,38
Elena Volkov,2024-12-07,729.02,39
Isla Murphy,2024-03-31,5445.87,40
Quinn Bailey,2024-03-06,1069.06,41
Noah Fischer,2024-09-11,6869.49,42
Gina Rossi,2024-02-07,5672.79,43
Liam O'Brien,2024-09-25,606.24,44
Carmen Diaz,2024-12-03,721.15,45
Isla Murphy,2024-11-22,4775.64,46
Elena Volkov,2024-10-14,280.14,47
Gina Rossi,2024-08-29,5814.31,48
Uri Goldberg,2024-07-24,6479.59,49
Blake Rivera,2024-05-18,3861.88,50
Priya Sharma,2024-03-20,7933.6,51
Uri Goldberg,2024-06-10,2231.57,52
Tala Nguyen,2024-02-16,264.47,53
Soren Andersen,2024-05-30,4232.67,54
Priya Sharma,2024-08-10,5581.31,55
Rosa Mendez,2024-03-28,1664.61,56
Noah Fischer,2024-12-27,4310.91,57
Felix Tanaka,2024-07-12,6936.07,58
Elena Volkov,2024-10-30,2042.12,59
Felix Tanaka,2024-12-19,3315.99,60
Aria Chen,2024-07-02,142.82,61
Kira Yamamoto,2024-09-28,4629.84,62
Tala Nguyen,2024-05-24,3415.89,63
Carmen Diaz,2024-03-19,1777.56,64
Elena Volkov,2024-08-19,5208.48,65
Rosa Mendez,2024-12-06,6622.36,66
Noah Fischer,2024-06-02,7656.92,67
Blake Rivera,2024-10-04,6974.97,68
Javier Cruz,2024-11-06,4360.78,69
Liam O'Brien,2024-10-30,6174.18,70
Carmen Diaz,2024-07-27,5485.17,71
Gina Rossi,2024-12-14,3823.32,72
Uri Goldberg,2024-11-24,7000.57,73
Liam O'Brien,2024-01-12,3899.5,74
Felix Tanaka,2024-02-11,1795.18,75
Rosa Mendez,2024-06-03,5245.39,76
Uri Goldberg,2024-06-04,3070.71,77
Isla Murphy,2024-12-03,4626.31,78
Felix Tanaka,2024-12-02,2900.65,79
Tala Nguyen,2024-04-24,6562.74,80
Maya Singh,2024-05-27,4863.69,81
Javier Cruz,2024-10-03,5709.92,82
Felix Tanaka,2024-08-08,3161.58,83
Uri Goldberg,2024-12-20,2848.3,84
Soren Andersen,2024-12-17,1247.72,85
Maya Singh,2024-10-27,7516.1,86
Kira Yamamoto,2024-01-02,4121.32,87
Kira Yamamoto,2024-11-09,5311.29,88
Tala Nguyen,2024-03-11,2076.01,89
Quinn Bailey,2024-09-10,6770.42,90
Isla Murphy,2024-06-19,88.05,91
Uri Goldberg,2024-11-08,1445.15,92
Gina Rossi,2024-03-17,5938.54,93
Javier Cruz,2024-09-23,6017.56,94
Kira Yamamoto,2024-10-23,3809.28,95
Uri Goldberg,2024-01-02,3203.48,96
Quinn Bailey,2024-01-31,4657.84,97
Noah Fischer,2024-10-13,5707.99,98
Hugo Larsson,2024-04-15,3544.74,99
Maya Singh,2024-02-10,4967.61,100
Elena Volkov,2024-01-10,3676.24,101
Uri Goldberg,2024-02-15,1305.91,102
Aria Chen,2024-01-29,260.12,103
Derek Patel,2024-09-20,7062.9,104
Aria Chen,2024-06-19,4000.8,105
Priya Sharma,2024-11-01,5134.7,106
Quinn Bailey,2024-08-27,2726.61,107
Rosa Mendez,2024-01-13,7434.55,108
Priya Sharma,2024-09-11,7007.83,109
Elena Volkov,2024-10-13,7275.12,110
Javier Cruz,2024-12-06,6744.35,111
Kira Yamamoto,2024-09-03,1646.0,112
Carmen Diaz,2024-04-21,5832.02,113
Maya Singh,2024-04-18,6388.86,114
Blake Rivera,2024-11-07,7131.0,115
Kira Yamamoto,2024-12-06,658.13,116
Gina Rossi,2024-09-13,7929.18,117
Felix Tanaka,2024-10-11,2009.82,118
Elena Volkov,2024-09-03,1621.73,119
Felix Tanaka,2024-03-29,4402.2,120
Derek Patel,2024-11-12,2044.45,121
Tala Nguyen,2024-02-28,2070.58,122
Blake Rivera,2024-02-03,5386.54,123
Aria Chen,2024-08-05,896.54,124
Uri Goldberg,2024-11-20,5363.59,125
Derek Patel,2024-04-18,7682.96,126
Kira Yamamoto,2024-04-21,5629.11,127
Aria Chen,2024-12-29,2257.31,128
Uri Goldberg,2024-06-05,5805.83,129
Elena Volkov,2024-06-17,6432.48,130
Kira Yamamoto,2024-10-24,4527.2,131
Kira Yamamoto,2024-12-11,1155.27,132
Priya Sharma,2024-01-25,4024.31,133
Soren Andersen,2024-03-16,5599.17,134
Rosa Mendez,2024-06-01,7199.91,135
Isla Murphy,2024-07-21,4364.0,136
Felix Tanaka,2024-09-06,3725.91,137
Felix Tanaka,2024-10-18,5294.13,138
Priya Sharma,2024-01-02,1318.74,139
Soren Andersen,2024-06-13,30.52,140
Liam O'Brien,2024-11-21,5316.8,141
Javier Cruz,2024-04-29,7116.03,142
Quinn Bailey,2024-02-07,3723.59,143
Carmen Diaz,2024-02-12,5553.78,144
Maya Singh,2024-02-25,3837.22,145
Aria Chen,2024-01-23,4330.8,146
Uri Goldberg,2024-07-11,5757.0,147
Elena Volkov,2024-02-10,1780.72,148
Kira Yamamoto,2024-08-31,4779.12,149
Kira Yamamoto,2024-06-01,7449.71,150
Rosa Mendez,2024-12-28,4887.23,151
Felix Tanaka,2024-12-19,2847.44,152
Aria Chen,2024-04-27,2326.3,153
Soren Andersen,2024-05-26,4634.17,154
Maya Singh,2024-12-02,3555.74,155
Carmen Diaz,2024-11-19,3296.97,156
Elena Volkov,2024-07-10,799.89,157
Derek Patel,2024-12-23,3537.35,158
Javier Cruz,2024-08-03,4141.04,159
Uri Goldberg,2024-02-17,5232.04,160
Carmen Diaz,2024-12-15,1478.48,161
Blake Rivera,2024-01-02,7739.04,162
Gina Rossi,2024-09-15,3968.73,163
Elena Volkov,2024-10-31,4382.37,164
Liam O'Brien,2024-06-28,6541.88,165
Soren Andersen,2024-08-31,1797.01,166
Gina Rossi,2024-07-26,6479.05,167
Soren Andersen,2024-09-23,779.19,168
Tala Nguyen,2024-10-25,2142.4,169
Maya Singh,2024-07-03,7134.66,170
Javier Cruz,2024-05-27,2664.9,171
Uri Goldberg,2024-05-18,6212.64,172
Aria Chen,2024-01-05,2842.67,173
Javier Cruz,2024-08-31,6100.4,174
Liam O'Brien,2024-06-13,6567.78,175
Quinn Bailey,2024-10-06,748.83,176
Maya Singh,2024-03-31,1038.01,177
Elena Volkov,2024-11-21,3332.45,178
Gina Rossi,2024-02-12,1597.62,179
Kira Yamamoto,2024-01-10,794.82,180
Kira Yamamoto,2024-02-23,2308.82,181
Maya Singh,2024-02-10,4647.02,182
Noah Fischer,2024-08-01,4371.51,183
Javier Cruz,2024-01-25,789.26,184
Maya Singh,2024-11-05,472.22,185
Tala Nguyen,2024-10-17,7010.52,186
Uri Goldberg,2024-08-11,7434.34,187
Quinn Bailey,2024-05-16,5426.22,188
Hugo Larsson,2024-06-27,2121.87,189
Carmen Diaz,2024-05-19,6818.27,190
Derek Patel,2024-02-05,5027.73,191
Maya Singh,2024-07-21,7812.37,192
Noah Fischer,2024-03-20,546.12,193
Hugo Larsson,2024-07-10,4821.43,194
Carmen Diaz,2024-01-19,2771.8,195
Soren Andersen,2024-10-23,1706.08,196
Gina Rossi,2024-01-18,2927.79,197
Soren Andersen,2024-09-03,5531.72,198
Kira Yamamoto,2024-04-24,2251.03,199
Aria Chen,2024-09-10,5240.86,200
Soren Andersen,2024-06-12,6804.13,201
Gina Rossi,2024-05-15,416.63,202
Rosa Mendez,2024-06-24,7147.19,203
Hugo Larsson,2024-01-21,4110.21,204
Rosa Mendez,2024-07-17,1100.75,205
Tala Nguyen,2024-08-04,4126.33,206
Felix Tanaka,2024-03-29,1492.1,207
Quinn Bailey,2024-10-24,1657.97,208
Noah Fischer,2024-07-01,6360.16,209
Elena Volkov,2024-05-21,6061.15,210
Javier Cruz,2024-01-21,6967.05,211
Priya Sharma,2024-12-06,3141.57,212
Uri Goldberg,2024-04-15,4899.99,213
Rosa Mendez,2024-11-10,3799.59,214
Quinn Bailey,2024-02-16,6468.16,215
Isla Murphy,2024-02-19,4409.57,216
Kira Yamamoto,2024-09-10,3338.17,217
Priya Sharma,2024-04-18,6524.24,218
Blake Rivera,2024-10-18,140.23,219
Felix Tanaka,2024-12-16,4679.98,220
Noah Fischer,2024-12-28,3031.13,221
Tala Nguyen,2024-10-22,6123.91,222
Soren Andersen,2024-03-12,1799.87,223
Priya Sharma,2024-08-21,2524.23,224
Liam O'Brien,2024-02-29,3173.25,225
Kira Yamamoto,2024-01-19,4344.44,226
Derek Patel,2024-09-26,2763.17,227
Quinn Bailey,2024-08-02,6738.47,228
Blake Rivera,2024-04-04,7582.87,229
Gina Rossi,2024-10-10,7981.54,230
Kira Yamamoto,2024-01-29,5767.22,231
Javier Cruz,2024-01-12,807.0,232
Kira Yamamoto,2024-12-26,7260.75,233
Derek Patel,2024-09-16,4568.49,234
Elena Volkov,2024-10-15,2794.54,235
Tala Nguyen,2024-01-21,5928.55,236
Soren Andersen,2024-12-19,3848.94,237
Tala Nguyen,2024-03-26,7767.62,238
Rosa Mendez,2024-01-04,7280.22,239
Derek Patel,2024-06-16,4330.44,240
Noah Fischer,2024-03-08,6154.9,241
Hugo Larsson,2024-12-27,3033.94,242
Carmen Diaz,2024-03-08,2158.52,243
Soren Andersen,2024-10-15,4519.61,244
Rosa Mendez,2024-06-04,3535.6,245
Priya Sharma,2024-11-03,5529.06,246
Aria Chen,2024-04-20,4471.22,247
Uri Goldberg,2024-02-05,236.4,248
Tala Nguyen,2024-06-29,2130.73,249
Noah Fischer,2024-07-02,2023.18,250
Aria Chen,2024-03-21,658.76,251
Gina Rossi,2024-01-25,2056.68,252
Javier Cruz,2024-01-31,1061.74,253
Priya Sharma,2024-08-28,2247.76,254
Elena Volkov,2024-06-09,5400.33,255
Tala Nguyen,2024-08-26,247.01,256
Soren Andersen,2024-08-10,682.84,257
Tala Nguyen,2024-11-22,5764.53,258
Hugo Larsson,2024-06-18,5837.62,259
Carmen Diaz,2024-01-03,3271.01,260
Derek Patel,2024-12-24,7398.29,261
Derek Patel,2024-09-08,165.89,262
Carmen Diaz,2024-04-07,3999.82,263
Noah Fischer,2024-05-02,5116.16,264
Isla Murphy,2024-02-23,3993.55,265
Derek Patel,2024-06-04,620.79,266
Quinn Bailey,2024-10-23,2366.73,267
Maya Singh,2024-03-23,4723.44,268
Noah Fischer,2024-09-29,5530.98,269
Felix Tanaka,2024-03-14,630.12,270
Gina Rossi,2024-06-14,2465.02,271
Hugo Larsson,2024-08-25,7241.86,272
Tala Nguyen,2024-01-20,6473.68,273
Isla Murphy,2024-03-05,1699.86,274
Noah Fischer,2024-04-03,3689.52,275
Maya Singh,2024-02-12,606.61,276
Soren Andersen,2024-12-16,1241.89,277
Priya Sharma,2024-09-16,1505.13,278
Blake Rivera,2024-02-20,6881.15,279
Carmen Diaz,2024-01-22,1107.69,280
Tala Nguyen,2024-03-26,2164.12,281
Javier Cruz,2024-10-31,5848.04,282
Priya Sharma,2024-07-22,1205.35,283
Kira Yamamoto,2024-09-27,1020.47,284
Aria Chen,2024-08-30,3766.18,285
Soren Andersen,2024-05-05,2166.75,286
Liam O'Brien,2024-03-14,2554.26,287
Derek Patel,2024-11-12,6237.93,288
Isla Murphy,2024-06-07,1318.0,289
Liam O'Brien,2024-11-11,1831.83,290
Felix Tanaka,2024-11-30,6724.76,291
Derek Patel,2024-07-22,4251.74,292
Rosa Mendez,2024-03-27,3507.08,293
Carmen Diaz,2024-08-09,4188.46,294
Uri Goldberg,2024-08-10,4520.11,295
Liam O'Brien,2024-07-05,2273.02,296
Liam O'Brien,2024-06-19,4230.5,297
Elena Volkov,2024-12-24,2750.56,298
Kira Yamamoto,2024-04-14,6627.04,299
Quinn Bailey,2024-01-08,2792.87,300
Elena Volkov,2024-06-08,4001.86,301
Derek Patel,2024-02-03,2507.53,302
Javier Cruz,2024-02-07,3766.1,303
Blake Rivera,2024-07-31,7604.63,304
Gina Rossi,2024-03-26,7531.44,305
Felix Tanaka,2024-01-24,5840.5,306
Kira Yamamoto,2024-05-02,2240.85,307
Kira Yamamoto,2024-05-19,2601.39,308
Noah Fischer,2024-02-27,1061.38,309
Uri Goldberg,2024-07-27,4802.75,310
Elena Volkov,2024-10-25,7182.58,311
Derek Patel,2024-05-28,1492.33,312
Quinn Bailey,2024-12-02,2450.83,313
Liam O'Brien,2024-09-08,6171.64,314
Priya Sharma,2024-09-16,1662.6,315
Liam O'Brien,2024-02-06,6666.86,316
Maya Singh,2024-03-17,3170.57,317
Hugo Larsson,2024-07-21,3610.93,318
Quinn Bailey,2024-10-24,536.44,319
Noah Fischer,2024-08-29,5143.34,320
Quinn Bailey,2024-04-30,5682.16,321
Gina Rossi,2024-02-23,5278.17,322
Uri Goldberg,2024-05-05,4797.58,323
Maya Singh,2024-09-17,2418.39,324
Soren Andersen,2024-04-09,4414.89,325
Liam O'Brien,2024-03-20,5314.51,326
Quinn Bailey,2024-03-29,3198.66,327
Uri Goldberg,2024-03-15,4649.09,328
Blake Rivera,2024-04-05,3442.64,329
Tala Nguyen,2024-04-15,2598.03,330
Blake Rivera,2024-08-11,251.19,331
Uri Goldberg,2024-06-25,5610.59,332
Soren Andersen,2024-05-04,5453.55,333
Gina Rossi,2024-04-27,4383.15,334
Maya Singh,2024-03-29,2982.03,335
Blake Rivera,2024-11-09,1264.03,336
Derek Patel,2024-07-02,3681.64,337
Quinn Bailey,2024-07-21,5108.99,338
Liam O'Brien,2024-04-11,2427.12,339
Felix Tanaka,2024-12-14,7032.23,340
Aria Chen,2024-07-15,3951.74,341
Elena Volkov,2024-02-07,7046.93,342
Liam O'Brien,2024-08-14,128.99,343
Felix Tanaka,2024-12-29,6059.34,344
Javier Cruz,2024-06-07,6417.31,345
Tala Nguyen,2024-02-20,2680.35,346
Liam O'Brien,2024-09-06,2495.06,347
Rosa Mendez,2024-05-13,4682.73,348
Tala Nguyen,2024-07-28,6094.27,349
Carmen Diaz,2024-10-23,1638.87,350
Aria Chen,2024-05-07,3738.46,351
Quinn Bailey,2024-04-07,2545.28,352
Liam O'Brien,2024-06-22,6163.12,353
Carmen Diaz,2024-12-23,4602.71,354
Elena Volkov,2024-11-04,3812.97,355
Carmen Diaz,2024-09-01,5548.26,356
Priya Sharma,2024-12-24,1409.53,357
Blake Rivera,2024-12-09,4407.72,358
Javier Cruz,2024-10-09,75.3,359
Blake Rivera,2024-10-10,2626.87,360
Aria Chen,2024-09-07,6469.11,361
Liam O'Brien,2024-06-22,781.95,362
Derek Patel,2024-10-26,3079.83,363
Javier Cruz,2024-02-23,4171.8,364
Priya Sharma,2024-02-10,2761.78,365
Tala Nguyen,2024-09-27,437.33,366
Elena Volkov,2024-04-10,2437.12,367
Liam O'Brien,2024-08-19,2946.44,368
Elena Volkov,2024-07-05,6912.84,369
Tala Nguyen,2024-12-19,4165.45,370
Hugo Larsson,2024-07-15,4108.44,371
Rosa Mendez,2024-05-22,3348.98,372
Hugo Larsson,2024-09-10,3079.19,373
Blake Rivera,2024-01-04,941.26,374
Hugo Larsson,2024-11-22,6316.51,375
Elena Volkov,2024-11-30,4502.52,376
Derek Patel,2024-07-06,1624.27,377
Hugo Larsson,2024-01-06,5083.71,378
Elena Volkov,2024-02-20,3235.01,379
Quinn Bailey,2024-12-21,5835.04,380
Kira Yamamoto,2024-12-29,6769.2,381
Rosa Mendez,2024-10-17,3720.94,382
Felix Tanaka,2024-08-09,2501.24,383
Blake Rivera,2024-11-13,733.94,384
Javier Cruz,2024-05-15,1562.26,385
Gina Rossi,2024-12-30,6040.79,386
Derek Patel,2024-11-08,2309.19,387
Javier Cruz,2024-04-20,5178.27,388
Felix Tanaka,2024-04-14,276.22,389
Priya Sharma,2024-06-05,5043.63,390
Carmen Diaz,2024-07-24,5637.97,391
Uri Goldberg,2024-08-13,1238.95,392
Gina Rossi,2024-04-22,5957.74,393
Soren Andersen,2024-11-19,1399.73,394
Elena Volkov,2024-03-17,1458.42,395
Derek Patel,2024-07-02,2696.15,396
Felix Tanaka,2024-08-09,4077.01,397
Liam O'Brien,2024-12-11,855.97,398
Derek Patel,2024-10-02,4255.33,399
Quinn Bailey,2024-01-12,7690.64,400
Javier Cruz,2024-12-01,3570.92,401
Priya Sharma,2024-05-13,784.59,402
Isla Murphy,2024-08-06,3411.51,403
Elena Volkov,2024-07-23,6523.92,404
Quinn Bailey,2024-05-02,5922.21,405
Noah Fischer,2024-06-23,1698.97,406
Isla Murphy,2024-11-02,1710.36,407
Soren Andersen,2024-04-15,2761.88,408
Derek Patel,2024-11-10,3168.99,409
Isla Murphy,2024-11-06,5671.63,410
Isla Murphy,2024-04-19,5167.49,411
Kira Yamamoto,2024-03-15,6200.08,412
Gina Rossi,2024-02-25,4615.73,413
Javier Cruz,2024-09-19,5648.27,414
Maya Singh,2024-08-03,6601.44,415
Uri Goldberg,2024-08-02,790.18,416
Elena Volkov,2024-10-26,6338.87,417
Quinn Bailey,2024-05-08,5052.48,418
Uri Goldberg,2024-03-12,1254.79,419
Derek Patel,2024-08-21,1870.12,420
Hugo Larsson,2024-12-29,4635.89,421
Isla Murphy,2024-12-05,4402.36,422
Rosa Mendez,2024-09-21,5477.18,423
Javier Cruz,2024-03-19,7963.56,424
Elena Volkov,2024-09-22,2952.85,425
Kira Yamamoto,2024-01-27,5779.55,426
Isla Murphy,2024-01-12,1035.31,427
Noah Fischer,2024-02-28,1515.03,428
Blake Rivera,2024-08-31,7099.26,429
Blake Rivera,2024-05-15,403.67,430
Aria Chen,2024-11-03,6762.69,431
Derek Patel,2024-09-29,5733.58,432
Carmen Diaz,2024-10-05,900.58,433
Tala Nguyen,2024-03-18,4813.62,434
Javier Cruz,2024-12-21,403.44,435
Priya Sharma,2024-05-08,622.55,436
Soren Andersen,2024-08-12,4592.15,437
Aria Chen,2024-09-15,6277.96,438
Soren Andersen,2024-06-26,6460.33,439
Gina Rossi,2024-04-14,3196.63,440
Liam O'Brien,2024-11-01,4697.37,441
Gina Rossi,2024-05-15,4620.24,442
Rosa Mendez,2024-06-11,7919.34,443
Javier Cruz,2024-10-04,6316.99,444
Javier Cruz,2024-11-10,1776.3,445
Kira Yamamoto,2024-12-08,7538.54,446
Liam O'Brien,2024-10-14,4542.1,447
Isla Murphy,2024-10-09,5387.21,448
Soren Andersen,2024-10-07,4487.81,449
Javier Cruz,2024-12-27,7945.44,450
Rosa Mendez,2024-11-22,3771.28,451
Kira Yamamoto,2024-01-23,1886.18,452
Soren Andersen,2024-05-03,7221.8,453
Elena Volkov,2024-02-15,1020.02,454
Quinn Bailey,2024-01-06,7309.73,455
Uri Goldberg,2024-05-21,7712.91,456
Noah Fischer,2024-02-09,7315.05,457
Uri Goldberg,2024-04-22,4622.22,458
Noah Fischer,2024-12-04,4559.9,459
Liam O'Brien,2024-05-24,6528.84,460
Soren Andersen,2024-01-20,599.32,461
Hugo Larsson,2024-04-26,3392.93,462
Derek Patel,2024-05-20,2326.53,463
Noah Fischer,2024-05-02,4964.74,464
Noah Fischer,2024-11-21,7926.02,465
Quinn Bailey,2024-01-20,2695.88,466
Hugo Larsson,2024-12-20,7868.6,467
Maya Singh,2024-10-29,6710.96,468
Tala Nguyen,2024-10-13,2985.56,469
Aria Chen,2024-07-24,2144.35,470
Derek Patel,2024-12-24,1621.14,471
Hugo Larsson,2024-06-19,6860.4,472
Carmen Diaz,2024-09-06,6900.24,473
Blake Rivera,2024-07-07,7215.51,474
Uri Goldberg,2024-12-20,5949.03,475
Uri Goldberg,2024-01-29,3292.82,476
Maya Singh,2024-07-08,7937.75,477
Noah Fischer,2024-12-09,4484.53,478
Uri Goldberg,2024-12-22,7162.78,479
Javier Cruz,2024-11-27,7554.19,480
Maya Singh,2024-01-31,7683.3,481
Uri Goldberg,2024-02-17,2513.17,482
Derek Patel,2024-12-12,3923.01,483
Elena Volkov,2024-06-12,5269.53,484
Kira Yamamoto,2024-12-05,6128.25,485
Uri Goldberg,2024-09-24,3227.84,486
Liam O'Brien,2024-07-31,1766.26,487
Gina Rossi,2024-08-19,3361.46,488
Isla Murphy,2024-04-27,7927.02,489
Uri Goldberg,2024-03-06,1301.84,490
Quinn Bailey,2024-11-11,2966.45,491
Felix Tanaka,2024-04-08,4500.54,492
Uri Goldberg,2024-08-15,5139.27,493
Felix Tanaka,2024-07-24,6726.63,494
Priya Sharma,2024-07-02,95.81,495
Carmen Diaz,2024-04-05,2657.64,496
Soren Andersen,2024-03-19,6535.39,497
Isla Murphy,2024-08-09,4937.13,498
Aria Chen,2024-07-06,2701.11,499
Priya Sharma,2024-01-24,7687.11,500
Derek Patel,2024-09-02,5854.03,501
Isla Murphy,2024-06-14,7727.47,502
Elena Volkov,2024-08-03,4499.4,503
Felix Tanaka,2024-09-01,5800.02,504
Elena Volkov,2024-09-24,6857.92,505
Quinn Bailey,2024-01-18,2517.45,506
Soren Andersen,2024-01-13,3569.07,507
Felix Tanaka,2024-09-15,5952.42,508
Blake Rivera,2024-12-23,5407.85,509
Blake Rivera,2024-11-28,1022.4,510
Derek Patel,2024-01-22,5284.21,511
Isla Murphy,2024-08-10,5198.54,512
Liam O'Brien,2024-08-31,5725.86,513
Felix Tanaka,2024-07-20,5470.62,514
Hugo Larsson,2024-07-10,1303.11,515
Rosa Mendez,2024-08-06,6056.88,516
Uri Goldberg,2024-11-19,6556.88,517
Soren Andersen,2024-01-13,3943.29,518
Carmen Diaz,2024-01-12,3134.4,519
Hugo Larsson,2024-08-02,4152.99,520
Gina Rossi,2024-03-14,2275.69,521
Felix Tanaka,2024-01-23,1074.15,522
Quinn Bailey,2024-10-03,4518.03,523
Tala Nguyen,2024-12-11,2343.79,524
Felix Tanaka,2024-11-09,2013.17,525
Maya Singh,2024-11-24,3167.42,526
Liam O'Brien,2024-09-27,4859.69,527
Derek Patel,2024-10-09,1657.01,528
Quinn Bailey,2024-11-20,3635.19,529
Maya Singh,2024-12-05,7803.92,530
Gina Rossi,2024-04-10,4566.31,531
Javier Cruz,2024-06-16,6743.29,532
Kira Yamamoto,2024-02-13,5132.39,533
Tala Nguyen,2024-06-05,1525.12,534
Isla Murphy,2024-07-08,2461.45,535
Kira Yamamoto,2024-01-03,2940.49,536
Gina Rossi,2024-08-07,1068.6,537
Derek Patel,2024-01-13,3675.33,538
Rosa Mendez,2024-02-19,2456.41,539
Blake Rivera,2024-04-27,4945.92,540
Uri Goldberg,2024-02-23,1712.33,541
Quinn Bailey,2024-11-06,5043.63,542
Isla Murphy,2024-02-29,2588.73,543
Rosa Mendez,2024-02-23,5428.82,544
Hugo Larsson,2024-01-26,5017.89,545
Blake Rivera,2024-12-17,506.78,546
Elena Volkov,2024-07-31,4220.14,547
Soren Andersen,2024-09-17,4302.16,548
Rosa Mendez,2024-08-21,1098.53,549
Aria Chen,2024-10-12,1816.67,550
Elena Volkov,2024-02-04,5955.7,551
Aria Chen,2024-06-03,7941.99,552
Maya Singh,2024-10-15,7326.84,553
Quinn Bailey,2024-11-15,1648.67,554
Liam O'Brien,2024-07-13,3804.75,555
Isla Murphy,2024-10-28,5392.26,556
Blake Rivera,2024-04-27,2826.39,557
Javier Cruz,2024-02-20,1548.85,558
Gina Rossi,2024-04-18,7832.86,559
Carmen Diaz,2024-07-14,1723.96,560
Priya Sharma,2024-02-26,3912.33,561
Quinn Bailey,2024-05-06,1726.64,562
Uri Goldberg,2024-04-14,7003.39,563
Isla Murphy,2024-07-22,2995.35,564
Kira Yamamoto,2024-02-07,3712.78,565
Uri Goldberg,2024-06-02,3270.39,566
Aria Chen,2024-03-06,2982.76,567
Derek Patel,2024-09-08,6132.18,568
Rosa Mendez,2024-09-11,1474.91,569
Liam O'Brien,2024-07-24,1843.46,570
Rosa Mendez,2024-11-17,7778.28,571
Javier Cruz,2024-01-12,7854.42,572
Priya Sharma,2024-12-26,4093.77,573
Gina Rossi,2024-12-26,1973.43,574
Elena Volkov,2024-04-20,7092.61,575
Javier Cruz,2024-06-29,4279.67,576
Liam O'Brien,2024-09-05,7683.57,577
Felix Tanaka,2024-12-09,3484.34,578
Tala Nguyen,2024-07-19,3975.02,579
Hugo Larsson,2024-11-20,2659.49,580
Quinn Bailey,2024-04-07,3450.55,581
Noah Fischer,2024-05-03,6052.73,582
Blake Rivera,2024-06-10,5150.16,583
Felix Tanaka,2024-03-24,5283.06,584
Noah Fischer,2024-11-19,4126.46,585
Hugo Larsson,2024-11-26,1980.32,586
Blake Rivera,2024-08-26,3649.16,587
Blake Rivera,2024-11-22,6490.79,588
Carmen Diaz,2024-04-05,4965.53,589
Noah Fischer,2024-12-07,753.03,590
Quinn Bailey,2024-09-18,4646.54,591
Maya Singh,2024-09-19,2220.37,592
Uri Goldberg,2024-11-26,1222.34,593
Aria Chen,2024-08-14,6293.01,594
Felix Tanaka,2024-04-01,2967.83,595
Elena Volkov,2024-09-06,7046.04,596
Soren Andersen,2024-09-28,6682.35,597
Carmen Diaz,2024-04-26,756.44,598
Noah Fischer,2024-06-25,4731.9,599
Gina Rossi,2024-07-20,1416.35,600
Maya Singh,2024-05-31,4068.35,601
Uri Goldberg,2024-07-03,5574.4,602
Maya Singh,2024-05-05,7581.02,603
Gina Rossi,2024-11-01,7105.48,604
Isla Murphy,2024-05-27,7410.11,605
Soren Andersen,2024-05-22,2597.66,606
Hugo Larsson,2024-04-04,6832.54,607
Elena Volkov,2024-11-12,2348.91,608
Soren Andersen,2024-07-05,6796.82,609
Carmen Diaz,2024-11-13,2481.54,610
Quinn Bailey,2024-03-11,6969.6,611
Quinn Bailey,2024-01-04,4631.83,612
Rosa Mendez,2024-08-31,641.83,613
Blake Rivera,2024-01-14,1548.58,614
Derek Patel,2024-03-24,5023.74,615
Isla Murphy,2024-05-01,3061.78,616
Tala Nguyen,2024-06-06,3366.79,617
Maya Singh,2024-09-05,80.76,618
Hugo Larsson,2024-03-06,7956.37,619
Quinn Bailey,2024-01-22,3292.11,620
Aria Chen,2024-07-02,6949.28,621
Hugo Larsson,2024-05-05,4254.87,622
Priya Sharma,2024-01-11,6713.34,623
Soren Andersen,2024-02-05,3538.64,624
Quinn Bailey,2024-08-29,6024.45,625
Soren Andersen,2024-02-20,3097.53,626
Liam O'Brien,2024-03-09,6585.74,627
Priya Sharma,2024-12-28,2333.64,628
Liam O'Brien,2024-12-10,3268.03,629
Noah Fischer,2024-01-22,5603.33,630
Gina Rossi,2024-05-23,6791.68,631
Noah Fischer,2024-01-24,2670.92,632
Noah Fischer,2024-10-02,5706.73,633
Felix Tanaka,2024-09-13,876.07,634
Maya Singh,2024-11-09,1615.38,635
Liam O'Brien,2024-07-30,1405.8,636
Soren Andersen,2024-11-16,4636.45,637
Felix Tanaka,2024-10-29,3002.77,638
Aria Chen,2024-09-15,5720.14,639
Noah Fischer,2024-04-24,5607.24,640
Quinn Bailey,2024-09-21,4996.12,641
Gina Rossi,2024-04-28,7160.12,642
Gina Rossi,2024-01-28,1527.22,643
Blake Rivera,2024-08-30,6857.16,644
Quinn Bailey,2024-03-20,5318.58,645
Noah Fischer,2024-03-11,157.72,646
Priya Sharma,2024-05-11,2176.74,647
Kira Yamamoto,2024-06-17,2324.3,648
Quinn Bailey,2024-03-02,7785.16,649
Rosa Mendez,2024-11-17,2745.72,650
Blake Rivera,2024-07-30,644.36,651
Gina Rossi,2024-01-09,7783.54,652
Maya Singh,2024-01-13,3703.26,653
Hugo Larsson,2024-02-11,6098.32,654
Elena Volkov,2024-11-19,2798.45,655
Quinn Bailey,2024-01-10,5597.31,656
Quinn Bailey,2024-01-04,2451.65,657
Quinn Bailey,2024-12-07,851.39,658
Javier Cruz,2024-03-11,3479.35,659
Isla Murphy,2024-05-31,6161.5,660
Kira Yamamoto,2024-01-10,5606.33,661
Hugo Larsson,2024-05-21,5075.37,662
Rosa Mendez,2024-02-17,3424.68,663
Isla Murphy,2024-08-01,5617.87,664
Uri Goldberg,2024-04-12,5072.68,665
Kira Yamamoto,2024-06-25,1005.26,666
Rosa Mendez,2024-04-08,1000.23,667
Derek Patel,2024-04-30,2424.5,668
Felix Tanaka,2024-07-19,1317.0,669
Carmen Diaz,2024-06-02,5339.46,670
Hugo Larsson,2024-06-30,1769.98,671
Elena Volkov,2024-03-05,5031.97,672
Tala Nguyen,2024-11-04,1371.51,673
Soren Andersen,2024-12-12,1039.79,674
Priya Sharma,2024-05-18,7636.81,675
Elena Volkov,2024-06-30,4240.77,676
Isla Murphy,2024-03-31,221.58,677
Blake Rivera,2024-06-02,5843.15,678
Hugo Larsson,2024-12-19,7953.82,679
Javier Cruz,2024-03-27,5109.83,680
Carmen Diaz,2024-01-05,6638.59,681
Aria Chen,2024-12-15,5719.52,682
Isla Murphy,2024-09-25,6512.85,683
Maya Singh,2024-10-27,100.71,684
Derek Patel,2024-10-24,7048.28,685
Kira Yamamoto,2024-09-22,5207.32,686
Tala Nguyen,2024-02-17,6623.41,687
Maya Singh,2024-07-30,4706.34,688
Isla Murphy,2024-12-01,3370.15,689
Derek Patel,2024-02-19,4403.53,690
Quinn Bailey,2024-06-25,3043.47,691
Derek Patel,2024-12-18,2019.65,692
Maya Singh,2024-09-24,834.96,693
Elena Volkov,2024-01-30,1921.86,694
Isla Murphy,2024-07-08,3153.76,695
Javier Cruz,2024-01-03,5376.09,696
Derek Patel,2024-04-01,4202.2,697
Isla Murphy,2024-10-06,5175.44,698
Javier Cruz,2024-09-16,2476.99,699
Tala Nguyen,2024-11-17,3622.93,700
Elena Volkov,2024-08-27,4910.75,701
Isla Murphy,2024-09-02,2037.15,702
Aria Chen,2024-11-23,2819.66,703
Gina Rossi,2024-09-30,1578.92,704
Gina Rossi,2024-07-23,7750.9,705
Rosa Mendez,2024-08-16,1757.49,706
Rosa Mendez,2024-11-07,6804.04,707
Carmen Diaz,2024-06-16,3805.7,708
Kira Yamamoto,2024-07-01,7158.78,709
Hugo Larsson,2024-09-20,6673.89,710
Kira Yamamoto,2024-02-28,2018.77,711
Hugo Larsson,2024-07-14,7958.89,712
Liam O'Brien,2024-08-12,4936.97,713
Maya Singh,2024-01-20,5841.81,714
Derek Patel,2024-04-27,6073.75,715
Quinn Bailey,2024-07-06,6295.37,716
Isla Murphy,2024-08-21,1868.01,717
Hugo Larsson,2024-04-10,3789.9,718
Noah Fischer,2024-12-30,5881.65,719
Gina Rossi,2024-11-12,6786.67,720
Priya Sharma,2024-10-12,4597.06,721
Elena Volkov,2024-02-16,5268.86,722
Liam O'Brien,2024-06-16,4419.12,723
Hugo Larsson,2024-05-11,3896.26,724
Uri Goldberg,2024-01-03,1286.8,725
Priya Sharma,2024-09-10,1415.8,726
Quinn Bailey,2024-06-16,4262.23,727
Hugo Larsson,2024-08-04,7798.02,728
Priya Sharma,2024-08-03,2153.69,729
Liam O'Brien,2024-10-26,2562.81,730
Tala Nguyen,2024-02-11,637.96,731
Elena Volkov,2024-06-15,6156.24,732
Javier Cruz,2024-02-20,1048.93,733
Hugo Larsson,2024-06-18,3709.1,734
Blake Rivera,2024-08-24,1922.39,735
Elena Volkov,2024-02-29,1291.06,736
Isla Murphy,2024-03-18,5068.38,737
Elena Volkov,2024-04-26,3868.21,738
Noah Fischer,2024-01-16,2771.05,739
Hugo Larsson,2024-09-11,1818.99,740
Priya Sharma,2024-01-16,1830.7,741
Javier Cruz,2024-10-19,554.03,742
Quinn Bailey,2024-10-28,6429.81,743
Uri Goldberg,2024-03-02,2260.15,744
Javier Cruz,2024-06-27,7826.77,745
Quinn Bailey,2024-04-04,4672.5,746
Gina Rossi,2024-08-30,582.91,747
Maya Singh,2024-02-26,4190.41,748
Gina Rossi,2024-07-05,408.33,749
Gina Rossi,2024-05-09,3347.66,750
Blake Rivera,2024-03-25,2706.21,751
Rosa Mendez,2024-01-12,4582.36,752
Uri Goldberg,2024-10-23,6975.89,753
Gina Rossi,2024-04-06,5207.93,754
Soren Andersen,2024-05-21,7601.82,755
Soren Andersen,2024-03-21,5155.51,756
Carmen Diaz,2024-09-06,757.65,757
Elena Volkov,2024-07-22,5440.05,758
Hugo Larsson,2024-11-15,1071.44,759
Priya Sharma,2024-05-21,4652.17,760
Kira Yamamoto,2024-01-29,5341.97,761
Aria Chen,2024-03-27,6429.67,762
Rosa Mendez,2024-04-05,4273.54,763
Aria Chen,2024-12-20,1872.68,764
Elena Volkov,2024-03-25,2894.19,765
Noah Fischer,2024-01-16,3750.15,766
Soren Andersen,2024-03-28,4274.65,767
Javier Cruz,2024-11-07,3796.71,768
Tala Nguyen,2024-11-17,2460.04,769
Quinn Bailey,2024-05-20,2014.48,770
Gina Rossi,2024-06-19,7277.4,771
Quinn Bailey,2024-03-29,5651.67,772
Felix Tanaka,2024-09-21,6026.54,773
Felix Tanaka,2024-03-25,6625.27,774
Liam O'Brien,2024-04-21,1539.7,775
Isla Murphy,2024-10-31,3256.12,776
Javier Cruz,2024-09-02,7864.37,777
Aria Chen,2024-03-25,4126.67,778
Isla Murphy,2024-03-11,1200.42,779
Isla Murphy,2024-06-23,939.08,780
Felix Tanaka,2024-10-04,1453.37,781
Javier Cruz,2024-04-02,6173.0,782
Kira Yamamoto,2024-11-10,3856.06,783
Maya Singh,2024-07-31,1065.37,784
Felix Tanaka,2024-10-27,3925.71,785
Uri Goldberg,2024-04-18,2602.18,786
Tala Nguyen,2024-03-21,2147.34,787
Priya Sharma,2024-03-24,1197.15,788
Aria Chen,2024-05-03,3948.92,789
Soren Andersen,2024-12-19,1147.77,790
Aria Chen,2024-03-21,3963.35,791
Carmen Diaz,2024-12-27,853.67,792
Liam O'Brien,2024-12-04,5625.62,793
Blake Rivera,2024-03-07,5008.34,794
Hugo Larsson,2024-12-14,3309.64,795
Javier Cruz,2024-01-06,325.07,796
Uri Goldberg,2024-07-07,7385.42,797
Rosa Mendez,2024-09-24,7776.88,798
Soren Andersen,2024-06-03,4118.83,799
Quinn Bailey,2024-01-21,6642.51,800
Soren Andersen,2024-02-22,5407.25,801
Liam O'Brien,2024-04-23,6766.19,802
Isla Murphy,2024-10-03,5648.24,803
Elena Volkov,2024-05-29,1573.44,804
Noah Fischer,2024-03-06,2055.39,805
Derek Patel,2024-08-20,3359.4,806
Priya Sharma,2024-01-12,2952.39,807
Carmen Diaz,2024-10-30,5713.49,808
Javier Cruz,2024-06-01,1523.08,809
Elena Volkov,2024-10-01,5824.73,810
Kira Yamamoto,2024-09-08,7901.14,811
Rosa Mendez,2024-05-09,7837.78,812
Quinn Bailey,2024-07-21,1164.74,813
Derek Patel,2024-11-18,6917.03,814
Kira Yamamoto,2024-03-26,6699.32,815
Gina Rossi,2024-08-02,3000.37,816
Carmen Diaz,2024-11-16,4191.6,817
Noah Fischer,2024-12-21,2279.21,818
Carmen Diaz,2024-03-02,1083.29,819
Rosa Mendez,2024-10-23,5891.63,820
Gina Rossi,2024-10-20,1156.55,821
Maya Singh,2024-01-08,3284.74,822
Carmen Diaz,2024-06-13,7115.03,823
Javier Cruz,2024-11-09,1270.08,824
Liam O'Brien,2024-01-14,3127.75,825
Soren Andersen,2024-12-19,2077.71,826
Felix Tanaka,2024-02-27,714.95,827
Derek Patel,2024-02-05,2483.41,828
Carmen Diaz,2024-11-01,4207.26,829
Elena Volkov,2024-07-09,5053.3,830
Isla Murphy,2024-08-27,4620.16,831
Carmen Diaz,2024-02-23,297.55,832
Derek Patel,2024-05-27,6828.94,833
Hugo Larsson,2024-07-17,6397.33,834
Noah Fischer,2024-02-02,7750.02,835
Rosa Mendez,2024-09-27,284.66,836
Noah Fischer,2024-04-12,6545.8,837
Kira Yamamoto,2024-12-08,3185.92,838
Soren Andersen,2024-12-29,4945.23,839
Blake Rivera,2024-12-29,3810.02,840
Kira Yamamoto,2024-11-19,3477.94,841
Kira Yamamoto,2024-03-29,4071.89,842
Isla Murphy,2024-12-21,768.25,843
Javier Cruz,2024-07-31,1520.57,844
Priya Sharma,2024-06-11,2520.55,845
Hugo Larsson,2024-08-09,2904.68,846
Tala Nguyen,2024-02-10,7266.47,847
Javier Cruz,2024-02-11,6220.95,848
Hugo Larsson,2024-04-11,7813.98,849
Blake Rivera,2024-10-23,6704.09,850
Javier Cruz,2024-03-30,4646.96,851
Rosa Mendez,2024-12-17,2504.13,852
Elena Volkov,2024-01-10,4789.02,853
Soren Andersen,2024-05-17,1857.92,854
Liam O'Brien,2024-02-04,5302.91,855
Uri Goldberg,2024-11-03,937.83,856
Elena Volkov,2024-11-20,3697.87,857
Derek Patel,2024-11-10,6890.49,858
Javier Cruz,2024-06-05,3751.88,859
Elena Volkov,2024-06-24,612.71,860
Soren Andersen,2024-10-04,1865.22,861
Felix Tanaka,2024-09-10,4892.91,862
Elena Volkov,2024-01-22,3657.61,863
Javier Cruz,2024-02-24,3902.81,864
Kira Yamamoto,2024-09-04,1738.95,865
Felix Tanaka,2024-09-24,6353.68,866
Quinn Bailey,2024-11-30,5430.55,867
Tala Nguyen,2024-01-23,3109.14,868
Liam O'Brien,2024-10-11,551.09,869
Gina Rossi,2024-05-20,2569.7,870
Hugo Larsson,2024-07-23,980.42,871
Elena Volkov,2024-01-22,7778.29,872
Rosa Mendez,2024-10-26,6782.48,873
Blake Rivera,2024-06-08,5290.26,874
Javier Cruz,2024-07-27,286.18,875
Javier Cruz,2024-11-18,2341.91,876
Felix Tanaka,2024-08-22,4272.49,877
Felix Tanaka,2024-06-04,2087.21,878
Blake Rivera,2024-05-13,4797.23,879
Maya Singh,2024-05-18,3553.6,880
Rosa Mendez,2024-07-18,86.17,881
Carmen Diaz,2024-03-25,5101.94,882
Aria Chen,2024-01-28,1276.86,883
Priya Sharma,2024-02-26,90.58,884
Tala Nguyen,2024-10-18,7488.12,885
Blake Rivera,2024-12-27,2198.59,886
Priya Sharma,2024-08-08,6319.5,887
Aria Chen,2024-12-27,7749.38,888
Tala Nguyen,2024-04-25,5408.29,889
Derek Patel,2024-10-27,5011.64,890
Soren Andersen,2024-07-13,5945.18,891
Maya Singh,2024-05-26,457.91,892
Kira Yamamoto,2024-09-23,2567.4,893
Felix Tanaka,2024-11-01,1249.06,894
Noah Fischer,2024-01-26,5012.87,895
Javier Cruz,2024-11-27,864.62,896
Derek Patel,2024-06-21,6611.3,897
Carmen Diaz,2024-08-26,7445.55,898
Hugo Larsson,2024-10-25,6961.16,899
Kira Yamamoto,2024-08-06,789.52,900
Isla Murphy,2024-04-26,7835.68,901
Rosa Mendez,2024-10-19,4418.86,902
Quinn Bailey,2024-02-20,6023.31,903
Soren Andersen,2024-04-03,7722.99,904
Quinn Bailey,2024-01-02,665.28,905
Hugo Larsson,2024-07-01,2586.3,906
Priya Sharma,2024-06-17,5544.85,907
Uri Goldberg,2024-01-29,2353.83,908
Rosa Mendez,2024-05-21,6085.49,909
Priya Sharma,2024-09-19,4193.25,910
Liam O'Brien,2024-12-16,2337.39,911
Uri Goldberg,2024-12-30,390.89,912
Noah Fischer,2024-06-07,7423.28,913
Rosa Mendez,2024-07-09,5870.91,914
Carmen Diaz,2024-07-01,3293.66,915
Liam O'Brien,2024-03-29,7386.11,916
Maya Singh,2024-08-28,3173.26,917
Soren Andersen,2024-02-20,2844.56,918
Derek Patel,2024-08-07,1491.25,919
Tala Nguyen,2024-08-18,2890.73,920
Maya Singh,2024-01-29,2045.46,921
Aria Chen,2024-09-06,6615.64,922
Quinn Bailey,2024-08-20,2850.02,923
Quinn Bailey,2024-08-04,2975.37,924
Carmen Diaz,2024-10-18,951.89,925
Aria Chen,2024-07-27,3553.92,926
Isla Murphy,2024-09-12,3756.53,927
Quinn Bailey,2024-06-14,7034.2,928
Derek Patel,2024-03-20,6332.92,929
Tala Nguyen,2024-03-23,372.88,930
Soren Andersen,2024-02-27,808.79,931
Maya Singh,2024-02-09,2164.12,932
Gina Rossi,2024-04-19,7041.17,933
Tala Nguyen,2024-08-30,5118.38,934
Kira Yamamoto,2024-01-25,430.17,935
Tala Nguyen,2024-08-13,564.2,936
Javier Cruz,2024-02-10,5914.38,937
Gina Rossi,2024-11-17,3571.14,938
Tala Nguyen,2024-02-08,4427.95,939
Liam O'Brien,2024-05-28,4645.11,940
Javier Cruz,2024-03-09,6675.18,941
Elena Volkov,2024-06-23,329.07,942
Maya Singh,2024-10-07,438.33,943
Tala Nguyen,2024-05-10,7340.51,944
Tala Nguyen,2024-06-26,654.44,945
Blake Rivera,2024-10-31,2192.23,946
Blake Rivera,2024-09-01,5643.33,947
Derek Patel,2024-09-11,5422.58,948
Javier Cruz,2024-06-29,7504.82,949
Derek Patel,2024-08-26,5640.43,950
Uri Goldberg,2024-06-22,7855.43,951
Liam O'Brien,2024-10-18,6299.89,952
Tala Nguyen,2024-10-03,7979.45,953
Priya Sharma,2024-11-23,4650.71,954
Aria Chen,2024-10-02,6026.59,955
Rosa Mendez,2024-06-18,4505.77,956
Liam O'Brien,2024-03-30,7104.65,957
Carmen Diaz,2024-12-21,2884.26,958
Blake Rivera,2024-02-28,3898.08,959
Kira Yamamoto,2024-08-01,1474.19,960
Soren Andersen,2024-07-16,2094.91,961
Rosa Mendez,2024-08-24,3098.42,962
Rosa Mendez,2024-07-27,1788.8,963
Felix Tanaka,2024-08-04,5490.39,964
Derek Patel,2024-02-17,1505.15,965
Aria Chen,2024-01-03,7572.36,966
Soren Andersen,2024-08-02,3828.21,967
Tala Nguyen,2024-02-05,6900.13,968
Blake Rivera,2024-11-27,3277.97,969
Quinn Bailey,2024-07-28,1211.91,970
Maya Singh,2024-07-10,2301.97,971
Isla Murphy,2024-07-28,6705.79,972
Javier Cruz,2024-08-17,4616.84,973
Felix Tanaka,2024-05-05,7588.23,974
Blake Rivera,2024-09-23,6785.16,975
Carmen Diaz,2024-08-21,1431.35,976
Quinn Bailey,2024-04-08,6185.89,977
Noah Fischer,2024-05-21,4103.35,978
Elena Volkov,2024-07-26,6997.26,979
Soren Andersen,2024-02-02,7172.8,980
Tala Nguyen,2024-03-29,4799.79,981
Elena Volkov,2024-10-20,79.75,982
Quinn Bailey,2024-04-02,3239.0,983
Javier Cruz,2024-06-30,2422.13,984
Soren Andersen,2024-07-27,2891.54,985
Noah Fischer,2024-05-22,2922.13,986
Uri Goldberg,2024-11-30,4415.53,987
Javier Cruz,2024-11-07,3463.58,988
Elena Volkov,2024-06-04,2265.41,989
Soren Andersen,2024-10-16,3684.68,990
Quinn Bailey,2024-06-30,2579.09,991
Felix Tanaka,2024-07-12,5088.94,992
Maya Singh,2024-11-15,7506.33,993
Blake Rivera,2024-09-22,738.56,994
Noah Fischer,2024-05-14,4354.24,995
Felix Tanaka,2024-10-19,4326.85,996
Blake Rivera,2024-10-10,4930.27,997
Hugo Larsson,2024-01-10,5246.78,998
Javier Cruz,2024-10-05,7196.81,999
Uri Goldberg,2024-05-10,5187.09,1000
Quinn Bailey,2024-08-23,3606.53,1001
Derek Patel,2024-03-31,1829.3,1002
Rosa Mendez,2024-04-05,2528.64,1003
Derek Patel,2024-08-09,4756.66,1004
Noah Fischer,2024-02-12,7392.37,1005
Liam O'Brien,2024-07-28,5075.64,1006
Felix Tanaka,2024-05-25,243.86,1007
Gina Rossi,2024-10-27,1551.4,1008
Tala Nguyen,2024-06-01,179.68,1009
Priya Sharma,2024-12-08,5075.67,1010
Rosa Mendez,2024-06-04,2548.45,1011
Maya Singh,2024-01-22,1171.2,1012
Javier Cruz,2024-03-10,2194.78,1013
Rosa Mendez,2024-04-27,1499.39,1014
Aria Chen,2024-04-22,6567.76,1015
Kira Yamamoto,2024-01-16,5267.27,1016
Quinn Bailey,2024-05-06,6671.67,1017
Priya Sharma,2024-09-06,7164.61,1018
Tala Nguyen,2024-05-01,1451.19,1019
Kira Yamamoto,2024-08-04,5825.61,1020
Noah Fischer,2024-12-21,856.24,1021
Elena Volkov,2024-07-21,5505.62,1022
Tala Nguyen,2024-08-19,3415.77,1023
Noah Fischer,2024-03-14,1149.87,1024
Blake Rivera,2024-10-30,5680.65,1025
Maya Singh,2024-12-22,6691.8,1026
Javier Cruz,2024-11-03,3290.87,1027
Carmen Diaz,2024-07-19,3731.31,1028
Isla Murphy,2024-04-06,162.64,1029
Hugo Larsson,2024-09-23,3451.01,1030
Elena Volkov,2024-09-06,3458.54,1031
Maya Singh,2024-06-26,7014.54,1032
Javier Cruz,2024-11-16,6030.47,1033
Hugo Larsson,2024-02-10,3933.62,1034
Derek Patel,2024-05-01,6762.91,1035
Isla Murphy,2024-10-05,4561.31,1036
Maya Singh,2024-01-17,3291.72,1037
Blake Rivera,2024-09-23,6218.4,1038
Gina Rossi,2024-05-11,5043.8,1039
Quinn Bailey,2024-02-17,3841.92,1040
Quinn Bailey,2024-04-11,2882.42,1041
Javier Cruz,2024-08-28,2445.14,1042
Isla Murphy,2024-10-21,7120.11,1043
Felix Tanaka,2024-08-14,2175.57,1044
Blake Rivera,2024-08-30,6200.85,1045
Quinn Bailey,2024-09-28,6676.43,1046
Uri Goldberg,2024-10-23,6241.75,1047
Carmen Diaz,2024-03-17,6036.05,1048
Soren Andersen,2024-01-12,6614.41,1049
Blake Rivera,2024-12-15,5848.4,1050
Derek Patel,2024-03-13,1722.42,1051
Felix Tanaka,2024-06-05,787.12,1052
Noah Fischer,2024-04-08,4818.12,1053
Hugo Larsson,2024-05-15,4503.25,1054
Hugo Larsson,2024-10-26,2160.41,1055
Soren Andersen,2024-11-08,4234.48,1056
Soren Andersen,2024-04-17,3240.58,1057
Blake Rivera,2024-04-02,1236.53,1058
Noah Fischer,2024-05-05,3171.93,1059
Rosa Mendez,2024-07-29,7269.46,1060
Kira Yamamoto,2024-10-19,3360.18,1061
Felix Tanaka,2024-09-28,1479.41,1062
Javier Cruz,2024-05-02,3494.8,1063
Liam O'Brien,2024-07-17,1455.97,1064
Tala Nguyen,2024-03-16,2587.07,1065
Liam O'Brien,2024-12-08,6289.13,1066
Derek Patel,2024-01-06,3551.9,1067
Rosa Mendez,2024-08-15,1775.35,1068
Priya Sharma,2024-10-27,6644.46,1069
Hugo Larsson,2024-10-02,1173.2,1070
Elena Volkov,2024-07-15,86.85,1071
Rosa Mendez,2024-01-16,5414.07,1072
Aria Chen,2024-03-26,6862.73,1073
Priya Sharma,2024-11-22,5477.49,1074
Tala Nguyen,2024-02-14,6375.63,1075
Aria Chen,2024-03-25,1671.08,1076
Kira Yamamoto,2024-12-27,7693.22,1077
Kira Yamamoto,2024-08-10,5616.82,1078
Felix Tanaka,2024-08-27,1301.68,1079
Quinn Bailey,2024-07-10,3660.01,1080
Priya Sharma,2024-07-19,2620.65,1081
Carmen Diaz,2024-11-26,649.15,1082
Derek Patel,2024-10-14,7699.19,1083
Priya Sharma,2024-03-14,4431.35,1084
Quinn Bailey,2024-03-17,2950.7,1085
Uri Goldberg,2024-09-13,5397.04,1086
Derek Patel,2024-06-17,4453.4,1087
Hugo Larsson,2024-06-05,3021.39,1088
Uri Goldberg,2024-05-05,3631.9,1089
Elena Volkov,2024-10-13,5549.3,1090
Isla Murphy,2024-04-08,1431.96,1091
Liam O'Brien,2024-04-30,2562.89,1092
Maya Singh,2024-04-27,2990.54,1093
Blake Rivera,2024-05-15,6142.45,1094
Hugo Larsson,2024-08-06,2778.81,1095
Derek Patel,2024-07-18,5551.0,1096
Hugo Larsson,2024-02-10,2609.27,1097
Maya Singh,2024-07-10,7927.16,1098
Derek Patel,2024-04-19,7653.99,1099
Noah Fischer,2024-02-27,3359.26,1100
Javier Cruz,2024-05-04,1697.32,1101
Carmen Diaz,2024-09-16,4062.08,1102
Isla Murphy,2024-11-22,900.72,1103
Noah Fischer,2024-10-12,2139.04,1104
Tala Nguyen,2024-12-24,904.58,1105
Noah Fischer,2024-07-07,5626.74,1106
Hugo Larsson,2024-07-12,1541.09,1107
Elena Volkov,2024-02-01,5580.24,1108
Aria Chen,2024-07-14,1862.76,1109
Gina Rossi,2024-01-28,5278.43,1110
Liam O'Brien,2024-03-29,1705.66,1111
Soren Andersen,2024-03-12,381.5,1112
Aria Chen,2024-03-22,5334.8,1113
Tala Nguyen,2024-04-26,6809.97,1114
Soren Andersen,2024-09-16,6292.52,1115
Rosa Mendez,2024-02-25,6671.06,1116
Liam O'Brien,2024-01-29,1415.95,1117
Maya Singh,2024-01-12,1694.46,1118
Isla Murphy,2024-09-01,3345.08,1119
Blake Rivera,2024-03-31,7431.89,1120
Priya Sharma,2024-09-25,4897.69,1121
Aria Chen,2024-09-13,6459.58,1122
Maya Singh,2024-11-16,6016.97,1123
Noah Fischer,2024-04-09,209.82,1124
Rosa Mendez,2024-11-27,6436.54,1125
Hugo Larsson,2024-12-21,4740.42,1126
Kira Yamamoto,2024-05-03,6863.13,1127
Noah Fischer,2024-04-06,940.08,1128
Soren Andersen,2024-12-28,1006.89,1129
Noah Fischer,2024-05-28,432.2,1130
Felix Tanaka,2024-05-11,5758.95,1131
Carmen Diaz,2024-06-16,1601.46,1132
Liam O'Brien,2024-03-21,1671.77,1133
Soren Andersen,2024-07-02,1223.49,1134
Felix Tanaka,2024-12-30,499.47,1135
Maya Singh,2024-09-01,7699.1,1136
Noah Fischer,2024-06-18,7869.35,1137
Noah Fischer,2024-11-06,3706.36,1138
Hugo Larsson,2024-04-29,5149.28,1139
Hugo Larsson,2024-10-17,3638.63,1140
Javier Cruz,2024-03-18,4248.74,1141
Felix Tanaka,2024-09-04,1617.62,1142
Soren Andersen,2024-07-12,6354.77,1143
Elena Volkov,2024-07-05,5817.67,1144
Elena Volkov,2024-01-09,2105.63,1145
Gina Rossi,2024-12-23,3485.81,1146
Quinn Bailey,2024-01-07,6776.25,1147
Kira Yamamoto,2024-09-09,1412.81,1148
Derek Patel,2024-04-23,5658.86,1149
Uri Goldberg,2024-12-10,372.41,1150
Uri Goldberg,2024-06-20,7855.0,1151
Aria Chen,2024-01-23,2796.21,1152
Felix Tanaka,2024-11-25,7335.27,1153
Liam O'Brien,2024-08-29,6417.69,1154
Kira Yamamoto,2024-08-16,6001.88,1155
Hugo Larsson,2024-10-04,5214.51,1156
Rosa Mendez,2024-10-28,2071.61,1157
Elena Volkov,2024-06-24,3799.67,1158
Aria Chen,2024-01-16,1577.93,1159
Felix Tanaka,2024-06-18,3797.63,1160
Kira Yamamoto,2024-06-22,1996.18,1161
Noah Fischer,2024-12-20,374.1,1162
Kira Yamamoto,2024-12-16,7108.63,1163
Priya Sharma,2024-05-15,1890.0,1164
Rosa Mendez,2024-09-19,3696.8,1165
Uri Goldberg,2024-08-24,7623.68,1166
Maya Singh,2024-09-06,4136.23,1167
Liam O'Brien,2024-06-18,1983.83,1168
Aria Chen,2024-11-27,5142.22,1169
Blake Rivera,2024-09-11,7524.6,1170
Derek Patel,2024-08-15,1577.51,1171
Quinn Bailey,2024-05-05,6642.63,1172
Soren Andersen,2024-05-02,284.66,1173
Isla Murphy,2024-04-15,218.69,1174
Blake Rivera,2024-12-28,3553.95,1175
Soren Andersen,2024-04-15,6576.52,1176
Felix Tanaka,2024-10-10,2752.73,1177
Noah Fischer,2024-05-08,1431.88,1178
Quinn Bailey,2024-05-13,104.56,1179
Blake Rivera,2024-10-27,5072.37,1180
Blake Rivera,2024-05-11,5000.44,1181
Elena Volkov,2024-11-07,1560.83,1182
Kira Yamamoto,2024-12-14,4658.07,1183
Javier Cruz,2024-03-23,6552.25,1184
Quinn Bailey,2024-02-10,7218.69,1185
Quinn Bailey,2024-09-03,1073.95,1186
Uri Goldberg,2024-01-11,2536.8,1187
Soren Andersen,2024-02-13,1588.32,1188
Blake Rivera,2024-08-06,5652.25,1189
Elena Volkov,2024-08-22,5880.31,1190
Tala Nguyen,2024-01-23,5826.45,1191
Felix Tanaka,2024-05-08,3989.29,1192
Priya Sharma,2024-08-03,2018.73,1193
Blake Rivera,2024-10-17,2400.42,1194
Derek Patel,2024-11-20,716.88,1195
Elena Volkov,2024-09-21,4795.04,1196
Uri Goldberg,2024-08-16,4267.65,1197
Soren Andersen,2024-09-09,2969.93,1198
Gina Rossi,2024-02-22,5119.11,1199
Rosa Mendez,2024-12-02,6846.87,1200
Soren Andersen,2024-03-02,7157.52,1201
Hugo Larsson,2024-02-29,5359.06,1202
Aria Chen,2024-05-28,7951.44,1203
Blake Rivera,2024-03-07,893.55,1204
Noah Fischer,2024-01-15,3173.81,1205
Felix Tanaka,2024-05-24,1986.98,1206
Derek Patel,2024-03-19,5996.12,1207
Noah Fischer,2024-03-27,664.31,1208
Derek Patel,2024-05-19,5528.79,1209
Maya Singh,2024-12-03,7025.63,1210
Kira Yamamoto,2024-01-13,5062.56,1211
Liam O'Brien,2024-01-09,7624.62,1212
Blake Rivera,2024-02-03,2048.67,1213
Aria Chen,2024-07-16,5031.15,1214
Quinn Bailey,2024-01-26,2371.85,1215
Gina Rossi,2024-07-29,5795.84,1216
Liam O'Brien,2024-11-13,4169.14,1217
Soren Andersen,2024-07-02,6490.38,1218
Elena Volkov,2024-02-17,6555.6,1219
Priya Sharma,2024-09-12,4967.17,1220
Isla Murphy,2024-11-23,2902.09,1221
Liam O'Brien,2024-04-06,2939.67,1222
Soren Andersen,2024-11-08,6323.1,1223
Aria Chen,2024-01-03,6748.19,1224
Javier Cruz,2024-05-11,2791.74,1225
Kira Yamamoto,2024-01-17,1598.69,1226
Javier Cruz,2024-08-18,2007.87,1227
Derek Patel,2024-08-21,2705.06,1228
Isla Murphy,2024-01-22,7237.15,1229
Carmen Diaz,2024-01-05,637.28,1230
Priya Sharma,2024-05-01,4223.34,1231
Derek Patel,2024-01-11,4668.48,1232
Javier Cruz,2024-01-27,2635.16,1233
Liam O'Brien,2024-09-15,3714.82,1234
Aria Chen,2024-11-18,1160.54,1235
Elena Volkov,2024-08-16,3475.51,1236
Maya Singh,2024-01-14,3456.93,1237
Javier Cruz,2024-10-30,5599.37,1238
Hugo Larsson,2024-06-26,7715.94,1239
Aria Chen,2024-11-26,4129.34,1240
Soren Andersen,2024-03-23,3125.51,1241
Blake Rivera,2024-10-09,702.02,1242
Soren Andersen,2024-02-29,3267.0,1243
Javier Cruz,2024-07-06,4160.15,1244
Carmen Diaz,2024-12-26,1310.43,1245
Noah Fischer,2024-03-02,2361.7,1246
Soren Andersen,2024-10-04,3564.3,1247
Uri Goldberg,2024-05-31,7032.84,1248
Hugo Larsson,2024-11-23,4026.79,1249
Isla Murphy,2024-09-17,5835.53,1250
Noah Fischer,2024-09-09,6029.5,1251
Hugo Larsson,2024-04-15,4026.41,1252
Liam O'Brien,2024-10-21,3617.39,1253
Aria Chen,2024-11-26,2424.6,1254
Quinn Bailey,2024-11-07,3965.91,1255
Liam O'Brien,2024-03-28,6048.6,1256
Carmen Diaz,2024-08-19,2417.67,1257
Soren Andersen,2024-12-15,951.54,1258
Rosa Mendez,2024-09-28,6180.31,1259
Uri Goldberg,2024-03-13,7234.88,1260
Javier Cruz,2024-10-13,5586.98,1261
Kira Yamamoto,2024-11-25,1523.69,1262
Javier Cruz,2024-05-26,662.69,1263
Blake Rivera,2024-06-25,6094.48,1264
Uri Goldberg,2024-02-19,4262.24,1265
Kira Yamamoto,2024-11-23,5545.48,1266
Gina Rossi,2024-02-17,4450.1,1267
Felix Tanaka,2024-04-19,2746.2,1268
Derek Patel,2024-06-22,6383.7,1269
Carmen Diaz,2024-01-09,309.71,1270
Javier Cruz,2024-07-06,6550.04,1271
Priya Sharma,2024-04-03,3483.3,1272
Liam O'Brien,2024-06-21,4436.85,1273
Carmen Diaz,2024-07-07,7751.78,1274
Priya Sharma,2024-11-13,6878.48,1275
Elena Volkov,2024-01-06,845.09,1276
Rosa Mendez,2024-02-18,5204.11,1277
Kira Yamamoto,2024-04-14,2738.51,1278
Tala Nguyen,2024-02-26,2008.21,1279
Noah Fischer,2024-05-17,2755.15,1280
Priya Sharma,2024-08-10,5193.58,1281
Tala Nguyen,2024-02-25,706.15,1282
Priya Sharma,2024-03-01,3984.23,1283
Carmen Diaz,2024-09-26,6473.05,1284
Rosa Mendez,2024-03-31,2720.39,1285
Carmen Diaz,2024-02-26,7157.36,1286
Kira Yamamoto,2024-10-10,3536.92,1287
Aria Chen,2024-12-30,4820.08,1288
Soren Andersen,2024-03-14,7188.78,1289
Elena Volkov,2024-12-19,3688.27,1290
Gina Rossi,2024-01-05,499.93,1291
Maya Singh,2024-08-15,2277.42,1292
Derek Patel,2024-05-23,154.92,1293
Maya Singh,2024-07-12,7362.15,1294
Javier Cruz,2024-03-03,1114.28,1295
Priya Sharma,2024-03-14,3927.95,1296
Elena Volkov,2024-06-18,828.02,1297
Uri Goldberg,2024-06-14,1258.72,1298
Javier Cruz,2024-01-07,2410.75,1299
Isla Murphy,2024-06-03,6956.87,1300
Felix Tanaka,2024-08-18,2860.5,1301
Hugo Larsson,2024-06-17,6328.39,1302
Elena Volkov,2024-05-11,3028.88,1303
Elena Volkov,2024-10-09,4320.42,1304
Aria Chen,2024-04-01,5554.07,1305
Tala Nguyen,2024-07-03,3599.32,1306
Aria Chen,2024-04-20,6472.14,1307
Tala Nguyen,2024-09-05,3063.1,1308
Isla Murphy,2024-01-08,7915.27,1309
Javier Cruz,2024-11-23,7040.29,1310
Derek Patel,2024-07-06,4070.09,1311
Elena Volkov,2024-12-23,7620.31,1312
Carmen Diaz,2024-10-17,990.42,1313
Rosa Mendez,2024-07-04,1405.64,1314
Tala Nguyen,2024-04-19,3049.99,1315
Uri Goldberg,2024-04-17,6059.37,1316
Maya Singh,2024-11-05,5294.97,1317
Maya Singh,2024-07-22,2421.88,1318
Quinn Bailey,2024-09-22,1320.64,1319
Hugo Larsson,2024-02-02,7856.81,1320
Priya Sharma,2024-02-23,5800.11,1321
Priya Sharma,2024-08-29,6903.08,1322
Javier Cruz,2024-11-23,2918.11,1323
Soren Andersen,2024-01-22,145.51,1324
Priya Sharma,2024-01-03,6551.27,1325
Kira Yamamoto,2024-03-24,2483.36,1326
Priya Sharma,2024-02-01,4781.96,1327
Maya Singh,2024-04-17,3912.56,1328
Uri Goldberg,2024-10-21,7364.77,1329
Uri Goldberg,2024-11-15,526.57,1330
Maya Singh,2024-06-26,2972.48,1331
Isla Murphy,2024-04-23,5184.37,1332
Felix Tanaka,2024-11-04,5455.6,1333
Quinn Bailey,2024-10-08,5146.05,1334
Tala Nguyen,2024-02-03,4040.21,1335
Aria Chen,2024-01-05,2535.27,1336
Tala Nguyen,2024-06-26,4611.89,1337
Rosa Mendez,2024-11-19,761.71,1338
Maya Singh,2024-05-09,5245.08,1339
Isla Murphy,2024-11-27,6684.55,1340
Tala Nguyen,2024-05-11,2886.95,1341
Gina Rossi,2024-06-14,6551.28,1342
Aria Chen,2024-01-03,435.96,1343
Noah Fischer,2024-09-19,7928.92,1344
Gina Rossi,2024-01-03,3186.71,1345
Rosa Mendez,2024-01-19,5258.13,1346
Gina Rossi,2024-10-10,4847.55,1347
Tala Nguyen,2024-05-09,7708.09,1348
Hugo Larsson,2024-04-17,3286.36,1349
Hugo Larsson,2024-05-03,3987.35,1350
Blake Rivera,2024-11-10,443.52,1351
Derek Patel,2024-11-25,6075.44,1352
Aria Chen,2024-04-23,6465.51,1353
Blake Rivera,2024-02-12,278.76,1354
Maya Singh,2024-01-08,4104.19,1355
Elena Volkov,2024-11-24,2159.43,1356
Hugo Larsson,2024-08-14,3961.87,1357
Tala Nguyen,2024-01-21,3958.73,1358
Quinn Bailey,2024-09-09,6180.5,1359
Gina Rossi,2024-11-26,4593.38,1360
Kira Yamamoto,2024-05-24,4750.43,1361
Derek Patel,2024-02-08,4503.45,1362
Rosa Mendez,2024-06-04,1119.07,1363
Rosa Mendez,2024-09-03,2046.23,1364
Quinn Bailey,2024-07-04,1298.82,1365
Priya Sharma,2024-01-02,5821.93,1366
Priya Sharma,2024-05-22,5076.47,1367
Isla Murphy,2024-07-30,484.57,1368
Rosa Mendez,2024-10-08,3011.67,1369
Blake Rivera,2024-09-27,7215.93,1370
Aria Chen,2024-07-06,6805.27,1371
Elena Volkov,2024-06-23,6057.86,1372
Tala Nguyen,2024-07-04,7871.27,1373
Aria Chen,2024-06-03,3549.78,1374
Hugo Larsson,2024-05-05,2039.55,1375
Felix Tanaka,2024-12-09,4236.91,1376
Hugo Larsson,2024-08-26,713.05,1377
Gina Rossi,2024-08-16,6488.7,1378
Carmen Diaz,2024-09-03,7725.37,1379
Maya Singh,2024-06-24,6283.05,1380
Derek Patel,2024-04-04,1232.95,1381
Carmen Diaz,2024-12-29,1389.88,1382
Felix Tanaka,2024-05-24,4996.77,1383
Isla Murphy,2024-04-17,3628.63,1384
Carmen Diaz,2024-08-08,7698.34,1385
Kira Yamamoto,2024-08-11,3681.82,1386
Rosa Mendez,2024-03-02,2405.87,1387
Uri Goldberg,2024-12-09,5374.92,1388
Liam O'Brien,2024-05-21,4359.61,1389
Felix Tanaka,2024-11-03,6719.17,1390
Noah Fischer,2024-02-09,5595.76,1391
Quinn Bailey,2024-10-14,3094.94,1392
Elena Volkov,2024-03-27,4074.22,1393
Soren Andersen,2024-10-27,4384.06,1394
Quinn Bailey,2024-08-22,168.01,1395
Noah Fischer,2024-05-08,3334.93,1396
Hugo Larsson,2024-07-16,1222.68,1397
Noah Fischer,2024-05-22,6704.79,1398
Priya Sharma,2024-11-01,2793.37,1399
Liam O'Brien,2024-11-25,7107.04,1400
Hugo Larsson,2024-08-07,4660.14,1401
Noah Fischer,2024-12-04,3032.0,1402
Gina Rossi,2024-02-24,5131.32,1403
Uri Goldberg,2024-03-09,3851.4,1404
Quinn Bailey,2024-01-19,1427.87,1405
Felix Tanaka,2024-12-26,2238.39,1406
Rosa Mendez,2024-01-08,3451.9,1407
Gina Rossi,2024-08-31,7486.87,1408
Soren Andersen,2024-03-26,391.42,1409
Noah Fischer,2024-06-27,3352.83,1410
Soren Andersen,2024-04-12,1049.23,1411
Rosa Mendez,2024-07-17,2254.79,1412
Javier Cruz,2024-07-21,697.93,1413
Tala Nguyen,2024-03-11,1514.3,1414
Javier Cruz,2024-12-28,4761.88,1415
Uri Goldberg,2024-11-30,6866.47,1416
Javier Cruz,2024-08-18,7183.04,1417
Hugo Larsson,2024-06-06,7067.43,1418
Hugo Larsson,2024-06-28,5953.97,1419
Elena Volkov,2024-09-29,4958.28,1420
Tala Nguyen,2024-08-02,886.44,1421
Blake Rivera,2024-05-10,6278.72,1422
Maya Singh,2024-08-24,69.92,1423
Blake Rivera,2024-01-21,1165.58,1424
Aria Chen,2024-02-18,6585.35,1425
Rosa Mendez,2024-06-06,1054.3,1426
Rosa Mendez,2024-05-14,3156.8,1427
Rosa Mendez,2024-05-06,344.22,1428
Hugo Larsson,2024-12-28,4947.81,1429
Maya Singh,2024-04-22,6326.94,1430
Derek Patel,2024-06-15,4909.72,1431
Maya Singh,2024-12-12,1568.17,1432
Soren Andersen,2024-05-15,6214.19,1433
Felix Tanaka,2024-04-03,3349.14,1434
Maya Singh,2024-01-27,1919.02,1435
Soren Andersen,2024-05-26,6948.86,1436
Noah Fischer,2024-07-07,4088.02,1437
Kira Yamamoto,2024-05-15,4102.76,1438
Rosa Mendez,2024-05-27,5909.85,1439
Noah Fischer,2024-08-01,6537.02,1440
Noah Fischer,2024-08-12,3748.5,1441
Derek Patel,2024-11-01,5374.59,1442
Javier Cruz,2024-03-17,6316.17,1443
Felix Tanaka,2024-01-05,3773.43,1444
Derek Patel,2024-06-27,6592.84,1445
Liam O'Brien,2024-01-09,606.72,1446
Liam O'Brien,2024-03-10,4996.86,1447
Gina Rossi,2024-06-06,736.03,1448
Javier Cruz,2024-07-05,6974.72,1449
Felix Tanaka,2024-05-01,3490.98,1450
Isla Murphy,2024-03-01,6431.38,1451
Rosa Mendez,2024-07-27,3036.28,1452
Felix Tanaka,2024-03-09,7966.14,1453
Kira Yamamoto,2024-02-01,2586.6,1454
Rosa Mendez,2024-02-14,6595.74,1455
Elena Volkov,2024-03-11,6773.93,1456
Tala Nguyen,2024-04-13,5170.64,1457
Soren Andersen,2024-04-02,6830.18,1458
Priya Sharma,2024-07-21,114.56,1459
Carmen Diaz,2024-08-30,353.56,1460
Isla Murphy,2024-12-16,793.11,1461
Kira Yamamoto,2024-08-08,3745.7,1462
Aria Chen,2024-12-02,4369.28,1463
Javier Cruz,2024-10-03,466.22,1464
Hugo Larsson,2024-01-19,1599.43,1465
Quinn Bailey,2024-02-11,218.47,1466
Rosa Mendez,2024-04-30,3216.0,1467
Rosa Mendez,2024-06-15,4668.15,1468
Quinn Bailey,2024-08-18,7278.93,1469
Quinn Bailey,2024-08-26,3759.19,1470
Soren Andersen,2024-11-29,7823.59,1471
Hugo Larsson,2024-06-28,4089.84,1472
Soren Andersen,2024-06-29,4940.32,1473
Elena Volkov,2024-09-30,6062.62,1474
Maya Singh,2024-09-10,6610.84,1475
Blake Rivera,2024-02-03,2123.93,1476
Uri Goldberg,2024-04-03,7725.26,1477
Maya Singh,2024-08-15,2676.59,1478
Maya Singh,2024-05-08,227.9,1479
Maya Singh,2024-04-24,6468.14,1480
Tala Nguyen,2024-01-20,2650.56,1481
Derek Patel,2024-06-12,5721.82,1482
Derek Patel,2024-12-06,6827.63,1483
Elena Volkov,2024-10-28,6236.23,1484
Soren Andersen,2024-12-08,2945.33,1485
Aria Chen,2024-06-05,609.41,1486
Isla Murphy,2024-08-12,2270.98,1487
Kira Yamamoto,2024-02-07,1912.06,1488
Derek Patel,2024-07-27,4774.71,1489
Carmen Diaz,2024-01-06,256.79,1490
Liam O'Brien,2024-08-05,2159.16,1491
Aria Chen,2024-10-14,1126.39,1492
Felix Tanaka,2024-02-14,2184.39,1493
Derek Patel,2024-01-19,2413.65,1494
Tala Nguyen,2024-03-27,5971.11,1495
Javier Cruz,2024-05-14,6445.66,1496
Priya Sharma,2024-06-29,3899.36,1497
Rosa Mendez,2024-04-08,1898.81,1498
Rosa Mendez,2024-02-17,1420.66,1499
Liam O'Brien,2024-01-29,5578.44,1500
